# Resource object code (Python 3)
# Created by: object code
# Created by: The Resource Compiler for Qt version 6.10.1
# WARNING! All changes made in this file will be lost!

from PySide6 import QtCore

qt_resource_data = b"\
\x00\x00\x08\x8c\
\x00\
\x00.\xa3x\xda\xcdZ\xcd\x92\xe28\x12\xbewD\xbf\
\x83b\xb8\xecvTM\x83\xf9\xa7c\x0f.0\xbd\xec\
R\x05C15\xc7\x0da\xc9\x94z\x8c\xc5\xc8r7\
\xdd\x15\xfd\x00{\x98\x87\x98G\xd8\xd8\xdb\x5c\xeb\xc5&\
e\x8c1\xfe\xa7\x80\x99.\x22\x80\xb2\xecT*3\xf5\
\xe5\x97)\xde\xbeA\xffx\xf1\xdf\xebW\x08!\xe3~\
>\x1aO\xee\xd1\xfb\xf1\xe4F\x1f\x1b\xf7\xfe\xc5\x97\xcb\
Do\xde\xbe~\xf5\xc3O\x8c,\xa9DO\xbe0d\
qG^[x\xc5\xec\xcf=\xf4\xdd=]r\x8a~\
\x1c}w\x85t\xc1\xb0\xfd.r\x93\xcb\xbe\xd0\x1e\xaa\
ik\x09W\xbf\xbe~\x05\xa2\xa6\x9e\xfbx\xe3I\xc9\
\x9d\x9d\xb8\x056\x7f^\x0a\xee9\xe4\xda\xe46\x17=\
T\xa97\xba\x1d\xb2\x08$\x05\x17?=2I\x83K\
\x0b.\x08\x15\xd7\x02\x13\xe6\xb9=\xd4\x5co\x82\x815\
&\x849\xcb\x1e\xea\xf8\x97\xe2S\xf6\x1e\xf9G*\x9e\
\x0e\xe4Vj\xa4n5\x9b\xe1\xdd\xf7\x12\xf4\xa1\xe4p\
\xc9):ZM\xabmuw\x8f\xbd}\x83\x0cW2\
\x9b#B\x91\x8d\x91\xc4\x0bx\xf7\x8d7\x87\xaf\xb4H\
\x5cru`\xb7\xf5\x06\xb9\xdcf\x04U\x08\xa5\x1am\
\x05\xe3K\xc1\x88\xcd\x1c\xbaW\xa5\xa6^\xe9\xb6\x89\x1a\
\xe2\x9f\x14\xc3\xd0\x03\xa3\x9fz=\x97\x9a\x92\xe5:\xc1\
\xeaX]\x0b\xc7\x0d[\xab\x86\xc6\xde\xe9\xe9p'\xe6\
\x98\x05\x07k\xafzH\xdb\xaf@3\xdb\x9dn=\x1a\
\x1c\x9f([>\xca\x1e<c\x93\x9d\x8a\xbe!\xcf\xb4\
\x03\x8c\xfb\xa9\xd1\x7f\xfeu8\xea\xc3?\x03c\x8c\xc6\
\x93\xf7\xa3\xbb3\xee\x87\xca\x03u$v\xf0\x98/Y\
\x8e!\x7fQ\xbe\xc2b\xa9<\x02\x0f\xfcm{\x9f\xbb\
\x16\xe0\x8d\x1e\xd8\xf5\x0amj\xbd\xea\x15\xfa\xec\xbfo\
4\xff\xbb\xd6\xab]\xa1\xe0N\xc9\xd7\xbd*\xaa\x18\xf5\
\xa16\x1c\x5c\xc1\x15\xb0\x91\xfe\xc5\xb3\xd1\xca\xfb\x8c\xd6\
\xcf\xbf\x81}\xf9\x152\xb1\xcb\x10\x04\x9dcr_\xc9\
\xfd\xa3\xdf7P\xa5\xdd\xd1\x07}\xedJ=:\xe7\x0e\
G\xcc\x91T\xac(a\xb1\x9bk\xb0\xf9\x9af\xdb\xaa\
\xa3\xed<s\x0fa5\xd5\x02\xbb\xd4\xbf\xf3\xef\xe9a\
Vk\xa6n\xb8\xcaB:\x13\xfb#(\x18\xdbtV\
\xf0\xf7.\xcbjR`\xc7]c\x01\x16\xcb\x0e7I\
7\xf2\x9aP\x93\x0b\xac\x82\xb9\x87@\x00\x15\xca\xde)\
(T\xcb\xd4\xf0?\xdcWq\x8b\x0e(\xa6\xe9\x02\x93\
\xaeU\xdd>y\xb1\xe0Dc\x1d=\x18ws\xfdN\
G\xd3\xd9\xe8\xae?\x9a\xea\xe3\xb3\x84\xeaP\xe0\x15\x85\
E\x08\x81\xc7\x18|\x8e\xed\x9c-\x1flR\xe5x\xc3\
\xde:\x1e\xe0Lz\x88\xad\xf0\x92:a\xa8\xc4\x5c\xb1\
\xb5\xe9\x18/\xa8}0\x13l\x0c\x1e3g\x14\xe7\xa2\
\xce\xe9\x84\xa8\x92\x86\x0d\x07\x08\xa4\x01\x02ma\x08\xa1\
=\xfa\xdepp&uA_\x1b\xddR\xe7\xf9\xf7\xed\
\xf2\xa3\x8eVw\xc0\x90\x97m\x80d\xd0\xed,C\xab\
\xea\x15\x0d;l\xb3%D\x9cM-\x99\xc0H\x85{\
\xb5f\x1ePF\xd7\xde\xd8\x07f\x86\xc6\x87\x91\x99\x96\
0I\x87\xe0Nz\xc2\xfczQXE\x00\xac\xa3;\
?vg\xa3\xc9YB\xf6ps\xea\xa6\xf4\xc0\xd6_\
p\xde\xfa\x9b\x042\x9b\x96\x0eM\x8d\xd0\x0f)1\x18\
\xfa\xac\xa5\x5c\xa6eB\xc4^\x8bB_\xd4\x08\xd1\xc2\
l\x9c\xe6\x8b\x98hc\xb3\xe6B\xe6.Okc\xda\
\xaa^py;\x1d\x0a\x17\xd7\xecZV\x03\x97_\xdc\
\x9dG?\xf2\x1c\x8eQ3\x1bU\xcb\xdf\xc8\x97Z\x9a\
\xafA\xe1\xba,\xcb4\xab\xd5\xf2\xebz\xa0b\xeeS\
\xbcB0-Kb\xebI\x12\xab\xed\x80.+\x99\xa9\
\xab+\xa0\x16\xcc\xf1o.\xd0\xb58ri\x13\xb7\xab\
g\xa5\x8b-\x05\xd3>9^c\x93\x05\xbc\x03\xf8\x07\
\x80,F\xbfx\x140\x11\x99\x8f\x1c\xbe9\xc8\xe6\xae\
\x0f\xad\xf0\x91\x91h\xbeq\x8a\xb9M\xe1\xf7\x97\x00\xc1\
\x85`\xa2\x8f?\xe0\x97\xe4\xae\x9a\xd5\xc1f7\xbb\xb8\
\x08\xc7S\x81o7\xf3\xd9q\xafO\x81)\xbcxQ\
\xb4\xdd0\xebf\xf6\xa2\xc2\xf1\xfc\xa9\x0bWu0O\
\xda\xaa\x92\x16[\x0a\xbaT\xd2\x85`\x92\x9fP\xe5f\
\x86p\xee\x84\xa7\xfb)i.\xeeXL\x00\xd0L\xf1\
\x92\x97MS'\x13\xbex\x85Q\xcd\xa4I1\x0d\x8b\
-P'\xadV\xe3\x08\xb0\x07\xe8*\xe1\xd0\x0b\x05\xeb\
\xc1\xec\xa7\xc7\xeb\x0f}\xbeZ\xf0\x1b\xbe\xa9l\xbfx\
\xae\x09f\x13\x9cx\xa6\x0c3u\xa0b\x04\x5c\x17\x04\
\xc4\xb6\x8f\xec\xbf\xa43\xdd\xac\x04B\xd4+C\xcd\x01\
uM\xc8\x11g\xd4PK\xd5P+\xab\xe1\xe5\x92\xc8\
`\xa4\x8f'\xef'\xa8?\xb9\x1b\x8ef\xb7\xfa\x0cM\
\xf5\xf7ga\xd6`\xd5\x01\xc36_\xee:\x17\x05\xfb\
9,\xd1w%\x04l3I\x1dJ\xb8Pu\xe1\x9c\
KlS7Zg\xeeo\x98Q\xd7[Q'\x97\x1f\
\xd5i\xb3\x9a\xd7\xb5Jk<EkM\xff\xdd\xd7\x02\
\xa5\xb6\x17\x92\xfe\xd5Z\xb9\xb0\x93\x10\x0e\xab\x00;I\
\x9a\x90\x1f\xf0V\xd5\x89\x01\xd4a\xb6\x1dP\x1aA]\
l+2\x0f\x17\x14\xbd\xb1\xd4\x7f!\x9d)\x0f\x80i\
{\xe0V\xb5k\x94\xcb\xbe\xa1]:f\x0e5\x08\x93\
\x15\xc3\x01\xf8#\xf8\x96;\xf2\x9b\xd7\xafgq\xd3s\
\xd1\x81\x9a\xc9\xac\x1c\xe9,<\xff\xdfA\xfa\xf3\xff@\
Q\x81\xfc=\x13\xa7h7\x90\x85\x1d\x7f\xf8\xbc\xe9\xfe\
\x94f\xf7^\xa9\xc2\xa4\xa1u;\xd5E\xb7dB\xdc\
\x8b%\xccU\xbdm\x92#9t\xf8\x9e{\x8f\x19\xec\
)\x85\x1f\xca\x92\x01z\xa8kAS\xd5\x1f\xde\x0e=\
e\xf7\xc3MBh\xad\xc8@i\xe1\xd1U\xaf\x94\xa0\
\xaa\xc7k\xcd\x8af\xd5[\x8dj2\x10\xc6l\xb5\x86\
\x84\x9c\x16\x03\xbb\xa1KR\x84\xecJ0\x8c\x07XK\
d\xeb\xa4\xd6\x99i^\x0d\xb4?\x9db\x80\xad\x1e<\
j\x03W\xfa\x8c\x86\xd8\x94\x9e\x08\x8eB\x22\xc8\x1a\xdc\
\xf0\x94\x84\xe8j!3L\xf0\xcd\x00-\x1f\xa9\xf9\xb3\
\x8f\x96\xea\xcbn\xe2\xa7r\xb2\xdaV\xc7\xec\x90w\xc9\
\x86\xe2\x909\xfb,wh\xb0\x90u\x9e\x89\x13\xb7\x8e\
\xe5\xc4ii\xb2\x99\xe9\xdfP\xdd\xe37n\xa6\xa4\x93\
\xa9vR6vLj\xe7\xda\x94\x9aV5^\xc1\xec\
\x1d\x98\x93.\x8e\x22\x19\x97cx\xfa\xd4\x98\xcd\x7f\x9c\
\xe9\xea{_\xff\x97~\x96\x86A\xc0\xec\xb6\x1f\x5c_\
S\x11\x0d\xffR\xec\x0e\xf6\xa5I\xe1\x19\xffpi\x02\
\x84{\xb7o\x03r\x17\x8c\x97\x90]o4\xbaM\x9a\
[\xc8\x15\x91\xbb9\x93\x9e\x9dXG\x11\xc1+QW\
n\x1bfa\x03\xa9\x99\x98y\xe4X\x99\xf3\x1e\x84^\
z\xe1\x90I\xe7\xc0\xc4\xf7\xd44\x99J\x22\x90\xfe\x02\
F\x12EFC2 \x8d\x12\x8f\x1cW\x0a\x0fn\xdd\
w\xdc\x92RQ\x0c\x0c\xa3t:i\x91\x1c:\x14_\
k:\x18\x9f\xca\xe6\xae\xd5IIt\xd3\xe5e\xe7\x12\
\xda\x96#qec?\xc8\xed\xe0\x96\xe7\xffnT\x95\
\x9f\x07\xf7%6\xc0\x9f\x0e\xfbZ1\xec\x87\x96+\xa4\
\x83\x10\xa5\xedZiqk(z\xdc\xdcdR\xa3\x1d\
\x00\x84?\xa3\x03\xdb\x1f\x19\xb3\x99qN`M@k\
\x9fQ!\xe8\x8b\x805\x05L\x0b\xa5\x9d^&o\x91\
\xf4p\xa2B\x1c-_(+\xb8L\x17~\x80\x0fY\
G\xf1[!\xfe\xd66\x5c\x08)L\xe2g\xc6\x87\xbb\
\xf98\xaa\x18\x80\xbd\xfaiC\x14\xe9\xc1)#g\xed\
\xc9\xb0\xfc8\x04\x9a\x015\x81\x81D4I\xcf0y\
?\x8a\x89\xc0$\xb1h\x83\xe2t\x0f\xb6\x22\x96\x98\xd3\
\x8d\xf4\xb5\x98o\xe4d\xe1R\xf1Q\x1d\x99(\x0e\x9a\
S\x08\x15\xca.\x05\xb5`\x0f?,\x15\x00\x0e\x98E\
\xa1@1\xd9A\xbc\xfa\xef\x91\xa1\xbc3=K\xb3Z\
E*\x85\xb6k\xa6\xb7u\x92Se\xe4\xb4\x08UO\
\xc1l\x9f\xbd\xabc\xdb\xe3\xf6\xd9\x11\xe5y\x1c\x82\x0b\
\x9c\x9c\xab^\xf19\xff\x8eW\xa5U<\xf1\x83\xe4\xa3\
K\x9eK\x9e\x8a\xdd\xe9hfL'\xb3\xf9y~\x92\
X\xe4\xf7\xfdy\xfd\x98-\x04/KU_\xde\x96i\
\xa4\xb6e\xf2\xca\xb1\x98\x8a\x85\xbeo\x98\xed\x0e\xae\x97\
o\xd2\xec\xc2\xc1\xd8@=\x95g\x80fW\xd3\xcc\xbf\
\xc0\x00\x07\x0a\x16\x93\x92\x1cF\x95'}:\x18\xe6H\
5\xab\xf5\xae\xb6\xf8\x0b\x17\x0f\xea\x157\x5c\xba\xf5z\
\xcd\xca/\xa2\xe3\xfd\xf7!\xb3\xa5\xe0\xee\x8d\xe7BE\
AJ\xd5\x81\x19)\xc6\xa4\xa4Ap\xe9fd\xac\x84\
\x9ec\xf1\x01*\x1a\xd7?;PM\x87\xc3\xf3\x02,\
\xc8n\xe0\xb8\x94R:\x0b\x96\xe3H\xff^\xb3-M\
\xbae\x0eCO\x09\xb6\x92V\x7f\xc5p\x14}\x0d\xa5\
\xf9\xbfbx\xa0\xa0GLT\xa7@T\x10\xe4qQ\
3\xfe\x81\x1f))h\xd2\xc5%\xf9\xa5\xfd\x91:m\
\x9b\xc3(\x88\xb4?\x00J\xa0\x9fh\
\x00\x00\x85\x11\
\x89\
PNG\x0d\x0a\x1a\x0a\x00\x00\x00\x0dIHDR\x00\
\x00\x02\x00\x00\x00\x02\x00\x08\x06\x00\x00\x00\xf4x\xd4\xfa\
\x00\x00\x00\x09pHYs\x00\x00\x0e\xc3\x00\x00\x0e\xc3\
\x01\xc7o\xa8d\x00\x00\x00\x19tEXtSof\
tware\x00www.inksca\
pe.org\x9b\xee<\x1a\x00\x00 \x00ID\
ATx\x9c\xec\xddy\xbc%eu\xe8\xfd\xdf\xaa\xaa\
=\x9c\xa9\xfb\xf4<0\x08(\x88\xd0L\x22\xd0\x08\x08\
(\x88!&\x06\x145qBPb\x06\x05\xa2\xc9\xcd\
{\x93k\xfa\xe6\xe6\xbe\xb9\xb9\x19\xd4k4q@\xd1\
h\xf2j\xc7\x98\xf8&\x1a\x05E\xa1e\x12\x90Q@\
fh\xe8\xf9\x9c>\xe3\x9e\xaa\x9eu\xff\xa8\x06\x1b\xe8\
a\xef]\xb5\xabj\x9f\xb3\xbe\x9f\xcf\xf9\x80xv=\
\xebt\xef\xb3k\xd53\xac\x05\xc6\x18c\x8c1\xc6\x18\
c\x8c1\xc6\x18c\x8c1\xc6\x18c\x8c1\xc6\x18c\
\x8c1\xc6\x18c\x8c1\xc6\x18c\x8c1\xc6\x18c\x8c\
1\xc6\x18c\x8c1\xc6\x18c\x8c1\xc6\x18c\x8c1\
\xc6\x18c\x8c1\xc6\x18c\x8c1\xc6\x18c\x8c1\xc6\
\x18c\x8c1\xc6\x18c\x8c1\xc6\x18c\x8cA\xf2\x0e\
\xc0\x183\xb7\xe8\x05\x1fXN5ZF=\x5c\x0a@\
\x10-\xc3\xf9UD<\x87\xae\x04\xf0<\xb6\x10\x11\xe1\
\xbb\x1a-o;\x00\x83\xe5m\xcc\xcen\x97o\xfe\xc3\
\xd6\xfc\xa27f\xfe\xb0\x04\xc0\x18\xd3\x16\xfd\xc0G\x96\
\xe3Z\x87\xe28\x04\xc7K\xb5^;\x9eVt\x18a\
k\xb5\x0b\xc3Q\x89\xa22\x91\xfa\xa0\xc9\x06\x12\xc0\xf3\
\x22\xf5\xbc\xa6\xe7y\xb3\x887\xa5\x22;\xc5\x93\xa7U\
\xbc\x9f{\x9e\xfe\x94\x96\xde(\xff\xfa\xa5GR\xf9\xc1\
\x8c\x99\xa7,\x01(\x00\xbd\xf1\xd4\xc5\x84\xfa\x0a<\x0e\
\x019\x18\xa7\x07\x83\xaeR\xd5\x95\xce\x85+Tu\x91\
sQ\xd5\xa9\xf3\xd5\xb9@U\x11\x11}\xee\x83V\xbc\
P\xa0\x01R\x13\x91)Qo3\x1e\x8f\x82\xdc\xefE\
\xee\xe6`I\xe9\x06y\xd5\xed\xad\x5c\x7fH\xd3\x17\xf4\
\xa2\x8b|\x16\xad8\x1c\xf5\x8eu\xca\xb1\x82\xb7\x06\xf4\
e\xc0\xa1\xc0\xe0\xde_\xa8\x10Eh+\x84V\x0bi\
\xb5\xd0V\x04a+q>\xb0W\x9e\xa7\x1axu\xcf\
\xf3\xb6;\xf1\x1e\x17?\xb8\xcd\xf3\xf4;0\xf3\x03Y\
\xbf>\xea\xd1\xa8\xc6\xcc\x19\x96\x00dL\x7ft\xd2A\
x\xc1Z\xd0S\x80\xe3\x805\xc0\xca\xf6/\x00N#\
\x9cs8\x17\xe2\x22\x87\xd3p?\x1f\xb2\x82\xe7y3\
\x22\xde3\xe2\xc9O\x11\xf9\xb7r}\xd57\xe4\xfc\xef\
4\x92\xfd4\xa6\x9f\xe9\xbau\x1e\xcfL\x1c\x8dF\xa7\
9\x95\x93\x05\x8e\x05\x8e\x06\xaa)\x8e\x02\xad\x08m6\
\x90F\x886\x9b\xd0\xeaq.*\xa2\x94\x82i\x09\xfc\
'\xd4\xf3o\xf5\x9c|\x8b\xf1\xc7\xfeC~\xf8\xc3\xb0\
\xb7\x03\x1b\xd3_,\x01\xe81\xddp\xdaj\x88\xce\xc5\
q.\xc2\xd9\xc0\xea\xf4\x07\x01\xe7\x22\x22\xd7\x22\x0a#\
\x9ck\xefsN<\x7f\xdc\x13\xefV\xf1\xbd/\x97\xb7\
\xdf\xf95y+\xf6\xd44\x87\xe9\xbb>2D%<\
\x05\xdci\xaar*\xc2\xab\x81\x85\x99\x07\xe2\x14Z-\
\xb4\xde\x80F\x03\x9a\xadx\x06\xa1\x97DT\xca\xa5\xad\
\x94\xfc\xdbEJ\xdf\xe4\x90E\xff$\x7f\xf5W3\xbd\
\x1d\xd4\x98b\xb3\x04\xa0\x07\xf4\xc7\xaf^\x83so\x06\
. ~\xca\xcfv|U\xa2($\x8aZDaH\
;s\xb0\x22\xe2<\xcf{D\xf0\xbeZ\x0e\xa2\xbf\x96\
\xb3\xef\x9b\xee}\xa4\xa6\xd7\xf4\x92+\x0f\xc3\x8b\xceQ\
\xe4W\x80sH\xf5\xe9>%\xaah\xa3\x894\x1aq\
R\xd0\xcc`\xb5JD\xa5T\xdeN\xe0\xdd\x22e\xef\
\xcb\xf2\xb5\xab\xd7\xf7~Pc\x8a\xc5\x12\x80\x94\xe8\x86\
\xd3\x0f\x86\xd6{Py'pD\xde\xf1<G!\x8a\
\x9a\x84\xcf%\x03\xfb'\x22\xeaI\xf00\x9e\xf7\xa9\xca\
\x86;?)\xebp=\x8e\xd2\xa4D/\xbe\xb8Ji\
\xe1\xeb\x1d\x9c/*o\x00}I\xde1u,\x8a\xd0\
z\x03\xa95\xd0z\xbd\xf7\xb3\x03\x00\xbe\xdf\xa2T\xba\
\x9f\x92\xff5\xafQ\xfe\xb8\xfc\xff\x9f\x9d\xed\xfd\xa0\xc6\
\xe4\xcb\x12\x80\x04\xf4\xba\xb3\x02\x82\xc6\x05\xa0\xef\x07^\
\x07xy\xc7\xb4/\xaaJ\xd8j\x12\x86\x0d\xb4\xcd\x0f\
U\x11\xaf\xe5y\xc1\x0f\xc4\xe7\xc3\x95\xd7\xdeu_\x8f\
C4]\xd0\x8b.\xf2\x19=\xf0l\x87\xbe[T\x7f\
\x95<\xa6\xf5{E\x15\xad5\x90\xda,Z\xab\xf7n\
C\xe1\xeeCz\xa2^\xa5\xfc\xb0\xfa\xa5\x7f\xf2Z\xf2\
W\xf2\xad/L\xf5~Tc\xb2g\x09@\x17\xf4\x9a\
\x13\x17R\x0d.\x06\xb9\x12\xe8\xbf',\x94(\x0ci\
\xb5\x9am\xef\x17\x00\xf0\xfd\xe0Q\xf1\xfc?\xac\xbc\xee\
N\x9b.\xcd\x99^t\x91\xcf\x82U\xe7:\xe4m\x22\
\xfc\x1a0\x9awL=\xa7\x8a\xd6\xeb\xc8Lm\xd7\xcc\
@\x06cz\xa2\x94+\x0fze\xff\xefa\xe6o\xed\
t\x81\x99K,\x01\xe8\x80^\x7f\xc62\xa4\xf5;\xc0\
\x95\xc0\x82\xbc\xe3I\x83s!\xadV\xa3\xed\xe5\x01\x00\
\xcf\xf3\xc7|\xdf\xff\xa3\xf2\xeb\xee\xfa\xfb\x1e\x86f\xf6\
@?p\xe5\x01D\xee\x9d\xea\xf8\x00\xc2!y\xc7\x93\
\x9b(Bgk0=\x0b\x1d\xbcw\x93\xd0\xc0\x0f)\
\x97\x7f\xec\x07\xa5?\x90\xf5W\xdd\x9a\xc9\xa0\xc6\xf4\x90\
%\x00m\xd0\xeb\xcfX\x86\xd7\xfa\x7fP~\x93}\x9d\
\x85\xeec\xceE\xb4\x9au\xa2\xa8\xfd\x0fS\x11\x7f<\
\xf0\xe5\x0f\xcb\xe7\xdc\xf3\xd9\x1e\x866\xef=;\xc5\xaf\
\xb8\xcbP.\x00\x82\xbcc*\x12m4\x90\xe9g\x97\
\x08\xb2\x98\x16\x00\xa9\x94wh9\xf8\xa2\xb7j\xc1\x1f\
\xcb'?i\xc7iM_\xb2\x04`\x1f\xf4\xbe\xa3\xcb\
\x8c\x0d\xff\x16\xb0\x0ed\xeeO\xb1\x02Q\x14\xd2j\xd6\
q\xae\xfd\x99N\xcf\x0f\x9e\x0e|\xdeQz\xed=?\
\xeaah\xf3\x8e^\xf6\xe1\xa5\xb8\xd6o)\xf2\xdbt\
R+b\xber\x0e\x9d\x9e\x85\xe9\x19\x882\x9a\xa9\x0f\
\xfcP\xca\xe5\xff\x94\x91\xea\xef\xc8\x97?\xfbd6\x83\
\x1a\x93\x0eK\x00\xf6B\xaf?\xe5\xcd\x88\xfc5}\xb9\
\xc6\x9f\x5c\xd8j\xd0j\xb5\xbfY\x10 \x08\xca76\
#\xbd`\xe4\xbc\xbb\xad\x96{\x02z\xc9\x95\x879\xcf\
].\xf0>\xe6\xe8\x8cSoi<\x1b09\x03\xcd\
f6C\x8a\xa8T+\x0fH\xc9\xff=Y\x7f\xf5\x7f\
f3\xa81\xc9X\x02\xf0\x02z\xe3\xa9\x07\xe0\xf4\x13\
(o\xce;\x96\xbc\xa9*\xadf\x8d0l\xff\x5c\xb6\
\x88\x17\xfa\x81\xffg\x95\xd7\xdd\xfd\xdf{\x18\xda\x9c\xa4\
\x97^q\x9az\xfa\x11\x94_\xa5\xe0'J\xfa\x85\xd6\
\x1b\xc8\xe4\x14\xda\xc8(\x11\x00\xa4R\xd9(\x95\xe0\xbf\
\xca\xfa\xab\xff!\xb3A\x8d\xe9\x82%\x00\xbb\xa8\x22l\
8\xe5C \xff\x13\x18\xca;\x9e\x22\x89\xc2\x90fs\
\xb6\xa3\xd9\x00\xcf\xf3\x9f\x90\x81\xc1\xd7W\xcf\xb8\xf5\xe7\
=\x0cmN\xd0\xf7}p\xad\xe2\xfd\x11\xf0\xc6\xbcc\
\x99\xb3\x1aM\x98\x9a\x8eg\x062\x22\xa5\xd2\x98\x94\xcb\
W\xc8\xbfX\x22`\x8a\xc9\x12\x00@\xaf;i%\xbe\
\x7f\x15\xc2\xf9y\xc7RT]\xcd\x06\x80\xf3\xfd\xd2\xff\
\xa8\x9c{\xf7\xba\xdeE\xd6\xbf\xf4\xb2+\x8fQu\xff\
\x0d\xe5-\xd8\xefb6\x1aM\x98\x98B\x1b\x19\xee\xdb\
\xabV\xb6z\xd5\xca\xef\xca\xd7\xae\xb2\xe3\xb3\xa6P\xe6\
\xfd\x87\x8enX\xfbVT?3_6\xf9%\x15\x85\
-\x9a\xcdZG\xb3\x01\xbe\x17<Pq\xc3\xa7\xc9\x1b\
n\x1a\xebah}C/\xfd\xd0\x1a\x15\xf9S\xe0\xd7\
\xb0\xdf\xc1\x5ch\xbd\x01\x13\x93\xd9\x94\x1d~V\xb9\xf2\
\xa4W\xf1> \xff\xfc\xe5\xefd7\xa81{7o\
?|\xe2*~\xf5?\x03\xfeK\xde\xb1\xf4\x1bu\x8e\
Fc\xb6\xb3\x93\x02\x9eW\x0b\x02\xef\x97\xe6\xf3I\x01\
\xbd\xf4\xca\xc5N\xdc\x9f\x08\xfc6v\x94\xaf\x10\xb4V\
\x83\x9d\x93\x10ftj@\x04\xa9V\xee\x97J\xf5\xd7\
\xe4k\x9f\xb3\xe51\x93\xaby\x99\x00\xe8\x86\xd3V\xa3\
\xd1\xd7\x81\xd3\xf2\x8e\xa5\x7f)\xcdF\x9d0l\x7fs\
\x95\x88\xa8\x1f\x04\x7fZy\xdd\xfcZ\x12\xd0\xcb.+\
\xe1\xaa\xef\xd5x\x7f\xc9\xd2\xbc\xe31/\xa0\x8aN\xcd\
\xc0\xe4Tfu\x04\x10Q\x86\x06\xd6{\xab\x17\xbc\xdb\
\xea\x08\x98\xbc\xcc\xbb\x04@\xaf?\xe5XD\xfe\x1d8\
(\xefX\xe6\x82V\xabA\xab\xd5AYV\x01\xdf+\
}\xabz\xee\xddo\xeai`\x05\xa1\xef\xbf\xf2\x1cU\
\xf7q\xe0\xe8\xbcc1\xfb\x119\xd89\x11W\x18\xcc\
J\xa9T\xf7\x06\xaa\x1f\x95\xf5_\xf8\xcb\xec\x065&\
6\xaf\x12\x00\xbd\xfe\xd4\xf3\x10\xfd:s\xa4\x8coQ\
Da\x8bFs\xb6\xa3\xda\xec\xbe\x1f<X\x19\x1a>\
A^}S\x86\x9f\xb6\xd9\xd1\x8b\x7f{\xa5\x06\xc1'\
A\xde\x92w,\xa63Zo\xc0\xf8Df%\x86\x01\
\xa4Z~J\x82\x817\xca7>\x7fwf\x83\x9ay\
o\xde$\x00\xbaa\xed\x07P\xfe\x16\xf0\xf3\x8e\xa5k\
~\x05JU \x00W\x87\xd6L6\x0dQ\xda\xe0\xa2\
\x88Fc\xa6\xd3\xa3\x82[\xab\xde\xe0Qr\xce\xad;\
z\x18Z\xa6\x14\x84\xf7]\xfe.\x85\x8f\x01\x8b\xf3\x8e\
\xc7tI\x15&\xa7\xd1\xa9\xa9\xec~\xc7<O\x19\xac\
|\xd9\xfb\xc6\x97\xdf+\x85\xf9\xcd6s\xd9\xbcH\x00\
\xf4\xfaS\x7f\x1f\xd1\xbf\xa0\x1f\x7f^\x01\x86V\xc2\xf0\
\x81P~Ay\x02\xd7\x82\x99\xad0\xf1$\xb8\xec\x0a\
\x9d\xec\x8ds\x8eF}\x06U\xd7\xf6k<\xdf\x9b\x82\
\xea\x9a\x81so\xef\xfb2\xaaz\xd9\x07_\xaa\xce\xfb\
\x0cqkh3\x17\xb4Z\xe8\xd8\xceLO\x0bH\xb9\
4&\xd5\xca\x85\xb2\xfe\x8b\xf3v\xc3\xac\xc9F\xff\xdd\
\x10;\xa47\xac\xfd/\xc0\xff\xca;\x8e\xae\xf8%X\
r4T\xf7\xd3\xde\xdd\x85\xb0\xfd~\xa8\xe7\x7f\xcaN\
\xd5Q\xafu\x98\x04x\xfe\x8cx\xfe+\xab\xe7\xdc\xd5\
\x97\xbb\xa2u\xdd:\x8f\x8d\xe3\x1fV\xf8S\xa0\x9aw\
<&e\x0a:5\x0d\x13Sd\xf6`.\xa228\
\xf0/\xe2\xcf\xbe\xcdZ\x10\x9b^\x99\xd3\x09\x80\xde\xb0\
\xf6\x7f\x00\x7f\x9cw\x1c]\xf1|X~\xc2\x8b\x9f\xfa\
\xf7F\x15\xb6\xdd\x03\xf5\xf1\xde\xc6\xd5N(\xceQo\
\xcc\xa0\xae\x83$@\xbcY\x82\xf2Q\x03\xaf\xfb\xe9\x13\
=\x0c-u\xf1Z\x7f\xe9\x8b\xc0\x1b\xf2\x8e\xc5\xf4X\
s\xd7l@+\xc3\xda\x01\xa5\xd2\x987\x10\xfc\x92\xac\
\xff\xb2\xb5\x1f6\xa9\x9b\xb3\xf5\xc6u\xc3\xa9W\xd0\xaf\
7\x7f\x80\xd1\x97\xb6\x7f\xf3\x07\x10\x81\xa5\xaf\x00/\xff\
\xe3\xe5\xe2yT\xabC\x88\xb4\x9f_:u\x83D\xcd\
{\xa7\xaf]\xb3\xa2\x87\xa1\xa5J\xdfw\xc5\x85\x1a\x94\
\xee\xc5n\xfe\xf3C\xb9\x84\xacX\x86\x0cgX)\xbc\
\xd5Z\xec\xa6\xea7Goy\xcf_d7\xa8\x99/\
\xe6\xe4\x0c\x80n8\xf5wQ\xfdd\xdeqt-\x18\
\x80U'w\xf7\xb73\xf1\x04L<\x9evD]q\
.\xa2Q\x9bA;\x986\x15\xdf\x1f\x1b`\xf609\
\xf7\xd1\x89\x1e\x86\x96\x88^\xf2\x07#\xcek\xfe\x95\xa0\
\x97\xe5\x1d\x8b\xc9\x87\xd6\xea06\x0e.\xc3\xbdz\x83\
\x95\x87\xbc\x81\x91S\xe4\x1f\xff.\xffi>3'\xcc\
\xb9\x19\x00\xbd\xfe\x947\xa3\xfa\x89\xbc\xe3HdhY\
\xf7\xa9\xd9\xe0\xf2TCI\xc2\xf3|*\xd5A:\xf9\
a4\x8a\x16\xd7u\xf0\x1e\xfdz1Ok\xe8eW\
\x1e\xa3\xd2\xb8\xddn\xfe\xf3\x9b\x0cT\x91\x15\xcb\xa1R\
\xcen\xd0\xd9\xc6\xe1nj\xe7\xd3\xfa\xd6\xf7\x9f\x93\xdd\
\xa0f.\x9bS\x09\x80n8\xf9U\x88|\x89~\xff\
\xb9J#\x09^;P\x88e\x80gy~@\xb92\
\xd0\xd1k\x9c\x8b\x0ej.>\xe6\xfa\x1e\x85\xd45}\
\xff\x87\xde\xae\xce\xdd\x84px\xde\xb1\x98\x02\x08|d\
\xd9\xd2l\x97\x04\x9a\xe1\x80\x9b\x9a\xf8^\xf4\xe6\xf7X\
\xe1 \x93\xd8\x9cY\x02\xd0\xeb\xd6\x1eB\xc0\xcd@\xdf\
\xac!\xef\xd5\x8a\x13\xa0\x92\xa0V\xd1\xa6\xdb\xe2\x1a\x01\
\x05\xd2j\xd6i\xb5:\xabx\x1a\xf8\xc1\x17*\xe7\xde\
si\x8fBj\x9b\xae[\x17\xb8\xa7\xc6\xffL\xc4\xfa\
F\x98=\xd3\x99\x1a\x8c\x8fgzz_\xab\xd5\xdb\xfc\
r\xfd4Y\xbf>\xff3\xc0\xa6/\xf5\xf7\x93\xf2.\
z\xddYU\x02\xfe\x99\xb9p\xf3\x07\x90\x84\x7f-\x1d\
l\xbe\xcbJ\xa9T\xc5\xf7K\x1d\xbd&\x8c\xc2K\x9a\
?XsI\x8fBj\x8b\xbe\xf7\x83\xcbt\xe3\xf8\x7f\
\xda\xcd\xdf\xec\x8b\x0c\x0d +\x96\x81\x9f\xdd\xca\x95\xd4\
\xeb\xaf\xd2fy\x93\xbe\xf9b\x9b\x912]\x99\x13\x09\
\x00A\xedS\xc0\x89y\x87a\xf6A\xa0\x5c\x1d@\xbc\
\xce\xderaK?S\xdf\xf0\xaa\x97\xf7(\xaa}\xd2\
\xf7]~\xac\xfa\xde\x1dXa\x1f\xd3\x8eR|J \
\xcb}\x01Zo.v\x8d\xc6\xbd\xfa\x96K\xed=j\
:\xd6\xf7\x09\x80^\xbf\xf6} \xb9>%\x9a\xf6\x08\
B\xa52\xd8\xd1\xc2\x93\xaa\x0bt\xb6\xbe!\xebM\x81\
\xfa\xfe+\xcfQ\xb8\x1e80\xcbqM\x9f\xf3=d\
\xf9\x12d\xb0\xb3}/\x89\xb4\xc2\xb2\x9b\x99\xbeF/\
\xba\xf8\xf2\xec\x065sA_'\x00z\xe3\xa9G\x22\
\xf4\xf7\x8e\xff\xdd\x05\x030r\x00\x04\x95d\xd7Yx\
\x18\x0c\xaf\x02?\xc3\x1d\xcam\xf2<\x9fr\xa9\xb3b\
y\xceEK\x1b\x8b\x8f\xf9\xe7\x1e\x85\xf4\x22z\xe9\x15\
\x97\xa8\xbao\x03\xfb)\xc1h\xcc\x9e\x08,Y\x04\x0b\
\x13l\xe6\xed\x94s\xe2&g?\x1e]\xf8\x9e\xcfd\
7\xa8\xe9w\xc5[,n\x93^wV@P\xdf\x00\
\x9c\x92w,\x89\xf8e\x18^\x1d\x1f\xfd\x0b\x06S\xbe\
\xb8Bs\x0af\xb6\xc4_\xae8\x15E\x1b\xf5\x19\xa2\
\xa8\xb3nk\x81Wyk\xe5\xf5w\xae\xefQH(\
\x88{\xdf\x15\x7f\x22\xe8\x9f\xf4j\x0c3\xbf\xe8\xf4L\
\xdcY0C28\xf0#\xef\x9b_>+\xd3AM\
_\xea\xdf\x04\xe0\x86\xb5\xeb\x80\xfe\xfd\xa0\xae,\x80\x91\
\x03ap)\x99\xfc5\xb8\x10\xa67\xc3\xd4F\x88:\
\xdb\x8d\xdf\x0bq\xcf\x80\xe9\xce\xba\x07\x8aW\xaf\x96Y\
&g\xdf7\x9dz<\xeb\xd6\x05n\xe3\xd8\xd5\x82\xbc\
#\xedk\x9b\xf9Mku\xd81\x1e\x97\xeb\xce\xca@\
\xf5^\xafT?\xde\xfa\x08\x98}\xe9\xcb\x04@\x7f\xfc\
\xea58w\x07\xd0\xd9\xb6\xf2\x22(\x0d\xc0\xc2Ca\
pYN\x018\x98\xda\x04;\x1f\x07\xcd\xae\xdf\xf9\x9e\
\x84a\x93f\xa3\xd6\xd1k\xfc\xa0\xf4\x83\xea9w\xa7\
\xba\xe1I/ZW\xd6\x85\xe3\xff\x04\x5c\x98\xe6u\x8d\
yN\xa3\x89n\x1b\x83\x0e\x9ad%%\x95\xf2\xe3R\
i\x1e%\xeb\xd7w\xf6Kf\xe6\x8d\xbeK\x00T\xf1\
\xd8\xb0\xf6\x06\xe0\xd5y\xc7\xd2\x19\x0fF\x0f\x81\x05\x07\
R\x88?\xf6\xa8\x09\xe3\x0f\xc3\xec\xb6\x5c\xc3\xa8\xd7g\
p\x1d.\x05\xf8\xfe\xe0\x1b\xab\xe7\xde\xfe\x1fi\x8c\xaf\
\x97]6\xa8n\xe0_\x80\xf3\xd2\xb8\x9e1{\xd5\xdc\
\x95\x04t\xd0$+)\xa9T6K\xa5q\xa4\xac_\
_\xd8\xd2\xda&?\xfd\xb7\x09\xf0\x86\xb5\xbfI\xbf\xdd\
\xfc\x83\x01Xy\x02,8\x88B\xdc\xfc!\xde{\xb0\
\xf4(Xrd\xdcy0'\xe5r\xe7\xddsU\x1b\
_UM\xfe\xde\xd5w}dH\xdd\xc0\xb7\xb0\x9b\xbf\
\xc9B\xb9\x8c,_\x02\x1d\x1e\x85MB\x1b\x8d\x95\xda\
\xa8<\xa2\xef}o^S\x8e\xa6\xc0\x0ar7j\x8f\
\xder\xf2\x12\x9a\xdeC\xc0\xa2\xbcci\xdb\xe02X\
\xfc\xf2\x5co\xb2\xfb\xd5\x9a\x85m\xf7B\x98\xcfLa\
\xb3Q'\x0c;\xdb\x97P*\x95?V~\xdd]\xbf\
\xd7\xed\x98z\xf1\x15\xa3\xea\xeb\x7f\x22}\xbe\x89\xd4\xf4\
\x9fV\x0b\xdd\xb6\x03\xa2\xecf\x02\xb4\x5c\x9a\xf0\x87\x07\
_.\xff\xf4\xf9-\x99\x0dj\x0a\xaf\xbff\x00\x9a\xde\
G\xe9\xa7\x9b\xff\xc8\x01\xbbZ\xf4\x16\xf8\xe6\x0fP\x1a\
\x84\x95\xc7C)\xc3\x9a\xe6\xbb\x0f_\xa9t\xd4:\x18\
 \x0c\xc3\x0f\xea7\x8f\x1f\xedf<\xbd\xec\xb2A\x0d\
\xdc\xb7\xec\xe6orQ*!\xcb\xb2\x9d\x09\x90fk\
\xa1\x9b\x99}P\x7f\xfd\xb2\xa5\x99\x0dj\x0a\xafo\x12\
\x00\xbd\xe1\xa4\xc3\x80\x0f\xe4\x1dG\xdb\x16\x1c\x04\x8b^\
F\xdfL\xb2x\xe5]=\x08\xb2?\xfa.\x08\xa5R\
g\xb5\x0fT]\xd0\x18r\xff\xd8\xe9Xz\xe5\x95\x03\
\xaa\x03\xff\x0erF\xa7\xaf5&59$\x014Z\
\x0buf\xe6\x01}\xc7;\x124\x1a1sI\xdf$\
\x00\xe0\xff9P\xbc\xca6{2\xb8\x1cF\x0f\xcb;\
\x8a\xcey>,?\x06\xca\xd9\xcf\x04\x04A\xa5\xe32\
\xc1N\xc37\xd4\xbes\xfc!\xed~\xbf^vYI\
\xa7\xdc\xd7Q\xce\xee4>cRW.!K\x17g\
\xda\xbbC\x1b\xcd%:\xc5\xfdz\xf1\xc5\x9do\xbe1\
sN_$\x00z\xfd)G\x01o\xc9;\x8e\xb6T\
Fa\xe9\x91yG\xd1=\xf1a\xe9\x1a\xe8\xb0qO\
\xf2q\xe3\x86A\x9dPU\x91 \xfab[\xdf{\xd1\
E\xbes\x03\xff\x00\xbc\xb1\x9b\xf0\x8c\xe9\x89J\x19\xb2\
O\x02V\xbb\x9d\xe1}\xban]q\xfa\x86\x9b\x5c\xf4\
E\x02\x00\xf2Q\xfa!V/\x88w\xd5\xf7\xcb\xb4\xff\
\xde\x04UXz4Y\xff\x1cAP\xea|\x16\xc0E\
g\xd6\xbe\x7f\xc2K\xf6\xfb}\x0bW\x7fN\xe0m]\
\x07gL\x8fH\xb5\x12\x97\x0e\xceR\xadq\x98\xde\xf9\
\xc8m\xd9\x0ej\x8a\xa6\xf07\xd5]\xf5\xfe/\xca;\
\x8e\xb6,>\x22y\x1d\xff\xa2\xa8,\x84\x85\x07e>\
l)\xe8l\x95GUE4\xfc\xfc>\xbf\xe7\xd2\xcb\
?*\xf0\xdeD\x81\x19\xd3C2P\x85\xd1l\xf7\xdf\
h\xad~\x9c\xbb\xe0\xdd\xff\x9a\xe9\xa0\xa6P\x0a\x9f\x00\
\x10\xb9+\xe8\x878\xab\x0bs\xac\xee\xd7#\x0b\x0e\xc9\
\xfcd@P*#\xd2\xe1,@\x18\xbeV\xaf9l\
\x8f\x9f\x9e\xfa\xfe\x0f\xbd]\x85ui\xc4fL/\xc9\
\xc8\x102\x92\xed\xef\x9b\xce\xd6\xde\x14\xbd\xf9\xdd\xff;\
\xd3AMa\x14\xfa\xc6\xaa7\x9c\xbe\x08\xe4\x9dy\xc7\
\xd1\x96\xd1\x97\xe6\x1dA\xfaD`\xc9\x11d\xbb\x14 \
\x04Ag\xfb\x0f\x14\xbc\x86\x0c\xff\xf5\x8b\xfe\xfb\xa5\x97\
\xbfFU\xae\xa6\xef\xd7d\xcc\xbc1\xba0\x9e\x0d\xc8\
\xd2t\xfd\xf7\xf5-\x97\xbe/\xdbAM\x11\x14:\x01\
@\xc3\xf7\x03\xf9\x1cN\xef\xc4\xc0\x12(\xf7\xa8\xf5\xa7\
\x8b\xa0>\x0e\x93\x1ba\xec!\xd8~?l\xff\x19\x8c\
=\x08;\x1f\x85\x99\xcd\xd0\x9c\x86^\xf5\x19)/\xd8\
\xd5\xb0(;A\xa9\xf3\xc3\x1e\xea\xdco<\xef\x7f_\
\xf6\xbbG\xaa\xf0\xaf\xc0\x1cY\x931\xf3\xc6\x92EP\
\xcer\x13\xae\xe2fg>\xa3\x17\xbd\xf7\xcc\x0c\x075\
\x05P\xd8'#U\x84\x0dk\x1f\x02\x8a\xffh\xbdl\
M\x9c\x04\xa4\xc6\xc1\xcc\xf6\xb8\x85o}\x9c\xb6\xee\xee\
~\x09\x06\x96\xc6\xc5\x87\xd2\x9e\xb6o\xce\xc0\xe6l\xf7\
\x0bu\xd3.\xb8\x14T..\x9fs\xe7\x97\xf4\xe2+\
F5\xd0\x9f\x00/\xebMt\xc6\xf4X\x14\xa1[\xb6\
C\x94a3\xbf \xa8{\x8bF\x0e\x93\xaf|vS\
v\x83\x9a<\x15w\x06\xe0\x86S_C?\xdc\xfc\xfd\
\x0aTS\xbc\xf9\xcfn\x85g~\x02;\xee\x87\xfa\x18\
m?\xdaG-\x98\xde\x04\x9bn\x83\xed\xf7BXO\
/\xa6\xf2P\x9c\x5cd(\xe8\xb00\x10\x80#\xfa}\
]\xb7\xce\xd3\x92~\x05\xbb\xf9\x9b~\xe6\xfb\xc8\x92E\
d\xfa\x8c\x16\x86U\x9d\x9c\xb9]\x8b|_0\xa9*\
\xf0_\xb4\xf6\xc7\xae\xed\x81%\xe9\xfc\x8e\xba\x10\xb6\xdd\
\x17O\xf1'\xbdy\xcf\xee\x88\x9f\xd8gR,\xfb\x9d\
\xf1\x89\x00\xdf\x0f:.\x0f\x1cE\xe1Qn\xeb\xf6?\
G\xf9\xe5\x1e\x85eLv*e\x18\xcd\xb6h\x9f6\
\x9a\xab\xf4\xc2\xf7\xd8\xc9\x80y\xa2\x90\x09\x80\xdev\xe2\
 \xc2\x9b\xf3\x8e\xa3-\x03)\x9c\xdfu\x11l\xbb\x1b\
j\xdb\x93_k\xf7k\xeex\x00&\x1eO\xe7z\xe5\
\x05\xf1lG\x86\xfc\x0e\x8f\x04\xfa\x9b\x97\x884\xbd\xdf\
\xefQ8\xc6dNF\x86\x90\xa1\xc1L\xc7\xd4\x99\xd9\
_\x89.|\xcf\x873\x1d\xd4\xe4\xa2\x90\x09\x00\xb3\xc1\
/\x01\xc3y\x87\xb1\x7f\x12W\xfeKj\xfb\xbd\xd0\x98\
J~\x9d=\x99x\x02&\x9fJ\xe7Z\x19\x97\x08\x0e\
:\xa8F(\xb3\x03\x94n=\x96LK\xaa\x19\x93\x85\
E\x0b\xa1\x94qe\xcez\xfd\x7f\xeb\xdb/yU\xb6\
\x83\x9a\xac\x15\xb3\x14\xa4\xc8\x85y\x87\xd0\x96\xa0\x1cW\
\xffKbz3\xd4w\xa6\x13\xcf\xde\xec|\x0c\xca\xc3\
PM8[!\xd9\xbe]<\xdfG<\x0fu\xfbi\
\x9b\xea<\xca7\x1e\x8742\xfe\x90\xec#\xb3G\x1e\
\xce\xd6\xd7\x9c\x96\xe8\x1a\x9e*K\xa6\xa7S\x8a(\x7f\
\xd5k\xaf\xc7\xdf\xb6-\xef0\xf6O\x04Y\xb2\x08\xdd\
\xba\x1d\xf6\xf7\xbb\x90\x96\xc8yn\xba\xfe}\xbd\xe8\xa2\
\x95\xb2~}>}\xc2M\xcf\x15.\x01\xd0o\xffR\
\x05\x19\xff\xe5\x9e\x1dkKS\x90\xc2y\xdd\xa9\x94\x9e\
\xce\xf7Ia\xc7\x83\xb0\xea\xa4d\xad\x89]g\xbb\xf2\
\xd3\xe0\xfb%B\xd7\xd8\xe7\xf7\x04\xf7\xbd\x0co\xa75\
8\xdb\x97\xe6\x92\xc5LU\x92-\xe1\xf8\xbe\xcf\xf0\x11\
\xc5\xdf\x97\xdb\xae\xf2\xad\xb7\xf7G\x02\x00P\x0a\xe2\x99\
\x80\x1d\xe3\xd9\x8d\xd9j-\xd0\xa0\xfa\x1d\xe0\xac\xec\x06\
5Y*\xde\x12\xc0\xf0\xce\xd3Q\xb2\xefI\xdb\x0d?\
a\x02\xd0\x9a\x86\xd6l:\xb1\xecO\xd4\x80\xe9g\x12\
\x5c@\xe3z\x03\x19\xf3\xfd}\xe7\xa8\xde\xb6E\x94~\
\xbe\xdfV\x00\xc6\xf4=\x19\x1c@\x06\x072\x1dSk\
\xf53\xf5\xa2\xf7\xfcV\xa6\x83\x9a\xcc\x14/\x01\x10=\
7\xef\x10\xda&\x09\x9e\xa6!\xfb\x1b\xea\xd4S\xa0]\
\x9e+\xaeO\x82k\xa6\x1bO\x1b|/`o\xc7,\
\xa4\x19P\xfe\xc91\xa0\xb6\xeco\xe6\x89E\x0b\xc1O\
\xf8\xb9\xd3\xa1h\xa6\xfe\x7f\xf4\xed\xbf\xbb:\xd3AM\
&\x8a\x97\x00@\x1f%\x00\x09o<\xae\x95N\x1c\xed\
\x8aZ\xddo\x08\x9c|\x22\xddX\xda%\xf1\xd4\xf3\x9e\
\x94~z\x142km\xcd\xcd<\xe2y\xb08\x85\x8d\
\xc7\x1d\x90\xc8\x05Z\xdfy]\xa6\x83\x9aL\x14*\x01\
\xd0\x1bO]\x0c\x1c\x9fw\x1c\x99\xc9c\x9f\xc3\xe4S\
\xd0\x9c\xec\xf05\x1bwU$\xcc\x87\xb7\x87e\x80\xe0\
\x89U\xf8O\xad\xcc!\x1ac\xf2%\xd5\x0a2\x9cq\
\xd3\xa0Z\xe3\x88\xe8\x02k\x1a4\xd7\x14*\x01\xc0\xb9\
\xb5\x14-\xa6}\xd1\x84;r3\xee\xb4\x07\xc41o\
\xbb\x17\xea\x13\xed}\xff\xf430\xf1Hoc\xda\x8f\
\x17&\x00\xd2,\x13\xdc\xfd\xf2\x9c\xa21\xa6\x00F\x17\
@\x90\xf1\x1e\xeez\xe3\xc3\xfa\xe6\xdf8<\xdbAM\
/\x15\xedf{J\xde\x01t$L\xb8&^\x1e\x81\
\x0e[\xdf\xa6\x22j\xc1\xd6\xbb`\xfca\x88\xf6\xf23\
4g\xe2Da\xec\xa1|f*v\xe3\x89\xc7\xee\xfb\
\x00Jw\x1c\x894:o\x18d\xcc\x9c!\x82d\xbc\
\x14\x80s\x9e\x86\xfe\xbfg;\xa8\xe9\xa5b\x1d\x03t\
\xdeZ\xa4\x1f\xce\xff\xed\x12\xed\xfbx\xda~\xf9%\x18\
^\x09SIv\xe7wKa\xeai\x98~:\xae\xf2\
W\x1a\x8ak\x1aD\xcd\xb8(Q\x98\xd1\xe9\x846\x88\
\x08\x9e\xe7\xe1\x5c\x84\xbfy)\xfeF\x9b\xfa7\x86J\
\x19\x19\x1aDg\xb2\xfb]\xd5z\xfd\x88\xe8\xcd\x17\xff\
\xbe\xff\x8d\xab\xff2\xb3AM\xcf\x14k\x06@\xf4\x84\
\xbcC\xe8HXK\xfet\xbc\xf00\x08\xb2=\xda\xf3\
<\x0a4&\xe3FB\x93O\xc5\xfd\x03\x0at\xf3\x7f\
\x96\xe7\xf9H\x18P\xba\xe3\xa8\xbcC1\xa68F\x17\
\xc4\x1b\x033\xa4\xb5\xc6\xff\xd4\xdf\xf8\xad\x14j\xa0\x9b\
\xbc\x15&\x01\xd0\x1f\xbfz9\xb0,\xef8:\xa2Q\
|\x96?\x09\xcf\x87\xe5\xc7@)\xdbz\xdf\xfdF<\
\x8f\xe0\xde\x97\xd9\xae\x7fcv\xe7y\x997\x0c\x92(\
,im\xf6\xdf2\x1d\xd4\xf4Da\x12\x004::\
\xef\x10\xba\xd2hs3\xdd\xbe\x04\x03\xb0\xf2\x84x9\
 \xcb\xf6\x9f}\xc4\x9f\x1c!x$\xdb\x8e\x84\xc6\xf4\
\x03\x19\x1aD\xaa\xd96\xea\xd2\xd9\xda\x19\xfa\x96K~\
)\xd3AM\xea\x0a\x94\x00\xd0\x9fs\xbb\xf5\x1d\xe9\x5c\
G\x02X\xfcrXub\xdcb\xd8\x12\x81\xe7\x91\xdb\
\x0f\xb3\x82?\xc6\xec\xcd\xe8\x82\x8c\xfb`)\xaeQ\xff\
R\x86\x03\x9a\x1e(N\x02\x80\x1c\x9aw\x04]\xa9\x8f\
'\xdf\x0c\xb8\xbb\xd2\x10,[\x03\xabO\x86\x85\x87\xda\
\xd2\x00\xc0\x13\x8baS\x7fT\x876&\x17\xa5\x122\
\x98\xf1gE\xb3\xb5,\xba\xf0=\x7f\x9c\xed\xa0&M\
\x05J\x0088\xef\x00\xba\xa2\xc0\xcc\xd6\xf4\xaf\x1bT\
a\xe1\xc1q\x03\x9f\x03\xd6\xc2\x92\x97\xc3\xe0r\x08\x06\
\x99W\xb3\x03\x91\x87\xdenS\xff\xc6\xec\xd7\xc2\xe1\xec\
\xbba7\x1b\x7f\xac\x17_l\x1bs\xfaT\x91\x8e\x01\
\xf6oG\x97\xc9\x8d0\xbc:Y\xa7\xbd}\xf1+0\
\xb42\xfe\x02p\xbb6\x1f\xb6\xa6\xa1\xb1\xeb\x9f\xcdY\
 \xa3V\xa1Y\xfa\xd9J\x98\xb2\xcf\x17c\xf6\xcb\xf7\
a\xc1\x08LtX\xe93\x89VTqS\xee\x0b\xc0\
od7\xa8IK\x91f\x00V\xe5\x1d@\xd7\x5c\x13\
\xa66f7\x9e\xe7Ce!\x0c\x1f\x10\xcf\x0c\xac<\
\x11\x0e>\x1dV\x9c\x10/\x1bT\x17\xe5S`(m\
\x8d\x12z\x8f\xf5 1\xa6]22\x9cy\xb3 j\
\xcd\xb7\xe9E\x1f8 \xdbAM\x1a\x8a4\x03\xb04\
\xef\x00\x12\x99|\x0a\x86V\xc4S\xf7\xb9\x10\xa8,\x88\
\xbf88.\xf9\xdb\x98\x80\xd9m0\xbb5\x9e5\xe8\
3z\xef*he\xfcafL?\x13\xe2\x0d\x81;\
2\xec\xdd\x11E\x9e6\xa7\xff\x1183\xbbAM\x1a\
\x0a\xf1\x98\xa8\xd7\x9dU\x05r\xac\x86\x93\x02\x8d`\xc7\
\x03\xb9\x97\xcd}\x8ex\xf1L\xc0\xe2#\xe0\x80\xd3`\
\xd910\xb8\x8c\xbe\xd9?P+\xc1\x03+\xf2\x8e\xc2\
\x98\xbe#\x83\x03P\xca\xf6\xd9N\x1b\x8d3\xf4\x82w\
\x1f\x91\xe9\xa0&\xb1B$\x00\x94Z\x8b\xf3\x0e!\x15\
\x8d\x09\x98|,\xef(^L\x04\x06\x16\xc3\xd2\xa3\xe2\
\x0d\x85#\x07\x81\x14\xfb\xc9Z\xefY\x0da1\xde\x9e\
\xc6\xf4\x9d\x05#\xd9\x8e\xa7H\xa4\xfa\xc5l\x075I\
\x15\xe3\x13\xd6ss\xe7\xac\xdb\xc4\x939\xd5\xf6o\x93\
_\x86E\x87\xedJ\x04\x0e\xa0(o\x81\xe7\x99-\xc1\
\xcf\x97\xe7\x1d\x851}+\x8fY\x00\xa97N\xd5\xb7\
\xbd\xef\x15\x99\x0ej\x12)\xc6\xa7\x7fKKy\x87\x90\
\xaa\x9d\x0f\xc55\xf5\x8b\xcc\x0b`\xd1\xcb`\xd5\xab\xa0\
Z\xac3\xf6z\xf7\x81\x10\x15\xe3\xadiL\xdf\xca|\
\x16@E\x9b\xcd\xab\xb2\x1d\xd4$Q\x8cOY\xcf\xcd\
\xad\xde\xaeJ\xbc\x1f`\xf2\xc9\xbc#\xd9\xbf\xd2\x00,\
?\x0e\x16\x1f^\x8ce\x81\xd9\x12<\xdc\xdf\xfbA\x8d\
)\x02\x19\x1c\x80 \xe3\xbd\x00\xb5\xfaZ}\xdb{^\
\x9a\xe9\xa0\xa6k\xc5H\x00\xb4W\x07\xe8s\xb6\xf31\
\x18{\xb0\x0fv\xe0K\x5c\xc7`\xc5\xf1q\xcd\x81\x1c\
\xe9\x03+\xed\xe9\xdf\x98\xb4,\x18\xcev<U\xd1\xa6\
\xfbl\xb6\x83\x9an\x15\xe4\x93V\xc3\xbc#\xe8\x99\xe9\
\xcd\xb0\xe5\x0ehN\xe5\x1d\xc9\xfe\x95\x87\xe3\x9a\x02\xe5\
l\xbb\x8b='\xf4\xe1![\xfb7&-28\x98\
y]\x00\xad7\xcf\xd2\x8b.\x9a\x1b\x1b\xbb\xe7\xb8b\
$\x00\x81\xd7\xcc;\x84\x9ej\xcd\xc2\xe6\x9f\xc6\xcb\x02\
\xae\x95w4\xfb\xe6\x97`\xf9\xb1\xf9\xec\x0bxh\x19\
\xd4\x8bT\x9a\xc2\x98>'\xc0p\xc6{\xac\x9d\xf3\x5c\
8\xf07\xd9\x0ej\xbaQ\x8c\x04 \x0a\xe7v\x02\x00\
\x80\xc6\x1b\x037\xfd$.\x1aT\xe4e\x01\xcf\x8f\xeb\
\x06\x943\xdcD\xa4\xa0\xf7\xaf\xccn<c\xe6\x09\x19\
\x1e\xca\xbe\xfcG\xb3\xf5v-\xca\xfd\xc5\xecU1\xfe\
\x82\xbc\xd2t\xde!d&j\xc1\xceGa\xd3-0\
\xfe(\x84\xb3yG\xb4g\xe2\xc3\xd2\xa3\xc1\xcbh\x7f\
\xe6\x93K`*\xdf\xfd\x07\xc6\xccI\x9e\x97}\xa7\xc0\
0\xac\xb87_\xf2\x07\xd9\x0ej:U\x8c\x04\xa0Y\
\x1e\xa385\xf4\xb2\x11\xb5`\xea)x\xe6'\xb0\xe5\
\xcexv@\x0b6+\x10T\xe2\xe2A\x19<=\xe8\
\xfdV\xf5\xcf\x98\x9e\x19\x19\xca|Hi5\xae\xc8|\
P\xd3\x91B$\x00r\xf6\x0fC\x84\x0c[X\x15L\
c\x22\xde\x1f\xb0q\x03l\xbe\x03&\x9e(\xce\xa6\xc1\
\xea\xae\xa6C\xbd49\x00[3>\xb3l\xcc|R\
*A%\xdb\xd3\xd6\xdah\xae\xd0\x0b\xde}z\xa6\x83\
\x9a\x8e\x14g\xc7\x95\xca\x0e\xd0bU\xa4\xc9\x9a\x12\xdf\
\xf8\x9bS0\xf1x<\xfd^\x19\x8e\xd7\xe2\xcb#\xf1\
.\xfd<\x8e\xe9-<\x04f\xb7C\xd4\xe8\xc9\xe5\xf5\
\xe7\xcb\xe6\xdb\xfc\x8f1\xd9\x1b\x1a\x84F\xb6\xdb\xadT\
\xf5\xcf\x80\xb32\x1d\xd4\xb4\xad8\x09\x80\xb8\x8d\xa8\x1c\
\x96w\x18\x85\xe2\x9aP\x1b\x8b\xbf\x9e\xe5\x95v%\x03\
C\xf1?\xab\xa3\xf1\x7f\xeb%/\x80\x85\x07\xc3\xd8C\
\xe9_;\xf2\xe0\x11+\xfccL\xaf\xc9\xe0\x00:>\
\x19w\x0a\xcd\x886[\xa7\xebE\x17\x95e\xfd\xfay\
\xb0\xd1\xbb\xff\x14'\x01@\xfa\xa0l^\x01\xb8\x16\xd4\
\xc7\xe2\xafg\x95\x86\xe2\xce\x7f\x83K\xa1\xd2\xa3I\x94\
\xa1\x95\xb0\xf3\xf1\xf4\x8f1>5\x0a\xf5\xb9U\x09\xda\
\x98B\x12A\x06\xab\xe8L\x86\x1b\x8f\xa3\xc8w\x8c\xfc\
\x1e\xf0\xbf\xb2\x1b\xd4\xb4\xab\x10{\x00\x00P\x9e\xc8;\
\x84\xbe\xd5\x9a\x81\xa9\x8d\xf1f\xc2\xa7o\x86\x89\xc7 \
J9\xe1\x16oW\xf3\xa0t\xa9\x15\xfe1&;C\
9\xf4]k4\x7f+\xfbAM;\x8a\x93\x00\xa0\x8f\
\xe4\x1d\xc1\x9c\x105\xe2\x8e\x84\xcf\xdc\x02\xe3\x0f\xa7\x9b\
\x08\x0c\xa5\xbcS\xbfV\x86M\xf3{\xdb\x871\x99\xaa\
\x943\xef\x0f@\xa3y\xb0^\xf4\xaeC\xb3\x1d\xd4\xb4\
\xa3@\x09\x80\xfc,\xef\x08\x12+\x0d@uI<\x1d\
\x1f\x0c\xe4\x1b\x8b:\x98z:.<4\xbb-\x9dk\
\x06\xd5x\xb9!-\x8f/\xb6\xcd\x7f\xc6d-\xf3Y\
\x00\xc5E\xde\x7f\xcbxP\xd3\x86\xe2\xec\x01\x08\xab\xf7\
\x11\xd4\x95\xeckV%#\x1e,8\x10\x86V\xc57\
\xc8\xddE\x8d\xf8&<\xfdL~\x95\xff\x5c\x08\xdb\x7f\
\x16\xef\xe4_\xf8\x92\xe4\xd7\x1b\x5c\x02\x133\xc9\xaf\x03\
\xe8cKR\xb9\x8e1\xa6}2PE'\xb2=u\
-\xad\xd6\xafd:\xa0iKaf\x00\xe4\xec\x1fN\
#}\xb6\x0f \x18\x84U'\xc1\xc2C_|\xf3\x87\
\xf8\xc8\xde\xe8aq\x83\x9d4\x9f\x9c\xbb1\xf18L\
=\x93\xfc:\xe5\x94\xa6\xecg*\xb0=\xe3Ne\xc6\
\x18(\x05q]\x80\x0ci+\x5c\xaa\x17\xbc\xfb\x88L\
\x075\xfbU\x98\x04\x00\x00\x95\xdb\xf2\x0e\xa1mA5\
n\x9f\xbb\xa7\x1b\xff\x8b\xbew\x00V\x1c\xdb\xde\xf7\xf6\
\xd2\xceG Lx\x96\xbf\x94\xd2\xf4\xa1M\xff\x1b\x93\
\x1b\x19\xc8\xf8\xb3H\x15'\xf2\x87\xd9\x0ej\xf6\xa7X\
\x09\x80\xb8[\xf2\x0e\xa1mK^\x11w\xcek\x97W\
\x86%G\xf6.\x9ev\xa8\x8bg\x02\x92\x08\xaaq]\
\x80\xa4\xa1<n\xddB\x8d\xc9\xcd`\xf6{\x94$l\
\xbd1\xf3A\xcd>\x15+\x01\x80\x9b\xf3\x0e\xa0-\x03\
K\xa0\xb2\xa0\xf3\xd7U\x16\xc6\xaf\xcdSm[\xf2B\
 I78\xce\x96a\x87M\xff\x1b\x93\x9bR\x90\xf9\
i\x00m\x86\xcb\xf4\xed\xbf}P\xa6\x83\x9a}*V\
\x02\xe0y\xb7\x03\xf5\xbc\xc3\xd8\xaf\xa1\x04g\xd7\xd3>\
J\xd7)\x17A3\xe1&\xbe\xa43\x00O/\xb4\xe9\
\x7fcr\x96\xcb2@s\xe6\xf7\xb2\x1d\xd4\xecK\xa1\
\x12\x00y\xf5M5\xe0\xc7y\xc7\xb1_\xe5.\x9e\xfe\
\x9f5\xb0\x04$\xe7\xc3\x17Q-\xd9\xeb\xc5O\xf4r\
\xdd8\x9al|cLb:\x90}_\x11\x89\x22[\
\x06(\x90B%\x00\xbb\x5c\x93w\x00\xfb\xd5\xc9\xda\xff\
\x0b\x89\x17\x1f\xa5\xebk\x09\x1e\xdfU`\xb3\x15\xff1\
&oR)\x83\x97\xed\xa9km\xb6\x0e\xd3b\xdew\
\xe6\xa5\xe2\xfdE8\xf9^\xde!\xecW\xd23\xfd\x0b\
\x0e\xcc\xb7\xdaA\xd2\xd3\x08\x9a\xe0\xe7\xdf:\x0c\xcdd\
3\x08\xc6\x984\x08R\xce\xb6E0\xcey\xbc\xf9\x92\
\x0b\xb2\x1d\xd4\xecMq\x0a\x01=\xeb57\xdd\xc9\x86\
\xb5O\x02\x07\xe7\x1d\xca^\xb5f\xc1O\xf0\x8bS\x1a\
\x86\xa1\xd5q\x81\xa0\xac\xf9\x15(%X\xc2\x80D\x9b\
\x08\xf5\x99\xfe\x9f\xfe\x9f>\xfaHv\x9ctb\xa2k\
\x04.b\xd1\xe4TJ\x11\xed\x9f,Y\xc4\xc2E\xc9\
f^D\xfa\xabF\xd7\xfe4N_K\xeb\x98\xa3\xf3\
\x0e\xa3#\x95\x9bo\xc3\xdf\xbc%\xb5\xebi\xb5\x02\xf5\
\xde\xb4\xf9\xde\xeb\x98.\xba\x18\xf8F\xa6\x83\x9a=*\
\x5c\x02 \x82\xea\x0d\xf2M\xd0\xcb\xf3\x8ee\xaf\xeac\
q\x1b\xde$\x16\x1d\x0a\xcd\x89\xe4\x1b\xf2:\xb5\xe0\xa0\
\xe4\xb3\x0f\xad\x04{\x08\x9e\xee\xff\xe9\xff\xfa\xaaUL\
\x8e$;\xc5\x10\x04%\x06\x8e9*\xa5\x88\xdac\xe7\
.\x9e\xaf\xb9&\xdb?\xff4\x04\x0f?\x9aj\x02 \
\xd5J\xf6\xfbq\xa3\xe8\xd4\xac\x874{V\xbc%\x00\
\x00'\xff\x92w\x08\xfbT\x1b\xdb\xff\xf7\xec\x8f\x04\xb0\
\xf4\x98l\x8b\x03\x0d.M\xde\xd1\xcf\xb5\xbao\x09\x1c\
z0\x96C72c\xcc\x9e\x95J\xe0g\xbb$\xa7\
\xcd\xe6\x12\xfd\xd5KF2\x1d\xd4\xecQ1\x13\x80-\
\x07\xfc\x18x:\xef0\xf6\xaa5\x13/\x03$\x15T\
`\xc5\x09\xdd\xd5\x14\xe8\xd4\xd0\x0aX\xfa\x8a\xe4\xd7i\
Nw\xff\xda\xad#\xf1&@cLaH%\xe3}\
\x00\xaaPro\xcfvP\xb3'\x85L\x00\xe4\xad\xeb\
#\xe0+y\xc7\xb1O\xd3\x9b\xd2\xb9\x8e_\x86\x15\xc7\
\xc5\x8dz\xbc\x1ed\xe2~\x05\x96\xad\xd9U\x850\x85\
\xbf\xeez\xf7\xb3\x1f\xba\xcd&\xa1\x8d)\x1a\xcd:\x01\
\x00T#k\x0eT\x00\x85L\x00b\xee\x0b\x14\xb9\x5c\
\xcc\xcc\x0f\xa63\xba\x00\x00 \x00IDAT\xa6d\
\xbb\xe1\x9f\xc7\x8b\xbb\xf5\xad:\x19FV\xa7\x93\x08\x94\
G`\xf1\xcba\xf5\xc9\xe9V\x1f\xac\xed\xe8\xfe\xb5[\
m\xd6\xcf\x98\xa2\x91r\xb6\x8d\x81\x00\x08\xf5\x95\xd9\x0f\
j^\xa8p\x9b\x00\x9f%g\xdc\xfas\xbda\xedM\
\xc0\xab\xf3\x8ee\x8f\x5c\x14w\xd7[\x90beK\xbf\
\x0c\x8b\x0e\x8f;\x08\xd6\xc6`v\x1b4&\xe3\xb6\xc2\
\xfb\xe3\x95\xe2\x9b~u\x11\x0c,N\xafi\xcf\xee\x9a\
\x93\xddo\x00T`[\xce\x1d\x11\x8d1/V*\x83\
H<5\x9f\x11\x0d[\xab2\x1b\xcc\xecUa\x13\x00\
\x00D>\x85j1\x13\x00\x80\xc9\xa7`dU\xfa\x95\
\xfd\xc4\x87\xc1e\xf1\x17\xc4\x9b\xee\x9a3\xbf\xd8\x80\xa7\
\x0aH\x5c\x90\xc8+\xc77\xfb$\xc5\x89\xda5\xb9\xb1\
\xfb\xd7\x8e\x0fB\xab\xd8o7c\xe6%\x01\xca%h\
4\xb3\x1b3r\x9e^t\xc9\xe9\xb2\xfe\x0b\x1b\xb2\x1b\
\xd4\xbcP\x81\x97\x00\x80js=\x90\xe0\xae\xd3c\xae\
\x05\x13O\xf6~\x1c\xaf\x14\x1f;\x1c\x5c\x06\xc3\xab\xe3\
\x9d\xfc#\xab\xe3\xff]]\x98\xcd\xcd?\xacAm{\
\xf7\xaf\xdfaO\xff\xc6\x14U\xe6\x05\x81\x00\xe7\xa2\x0b\
3\x1f\xd4<O\xa1\x13\x00y\xd5\xed-\xe03y\xc7\
\xb1O\x93\x1b\xe3i\xfa\xb9n\xfc\x91DS\x84:n\
\xc7\xff\x8c)*\xcda\x1f\x80Fnm\xe6\x83\x9a\xe7\
)t\x02\x00@\xd8\xfa{ \xc1\xd9\xb3^S\x18\xfb\
y\x8a\x1b\x02\x0b\xa8\xb6=\xd9\xe6?\x80\x9d\x96\x00\x18\
STR\xca~yN\x9c;,\xf3A\xcd\xf3\x14>\
\x01\x90\xb3o\xdf\x0e|:\xef8\xf6\xa95\x03\xdb\x1f\
\xc8;\x8a\xde\x88\x1aq\x82\x93\x94\xcd\x00\x18S\x5cA\
\x10o\x04\xccR\x18\xf5{W\xb4\xbeW\xf8\x04\x00\x80\
\xb0\xf5\x97\x14z\x16\x80\xf8)9\x8b\xfd\x00YR\x07\
\xdb\xee\x83\xa8\xcb\xca\x7f\xcf\x9a-A\xdd6\x00\x1aS\
X\x22\x10d\xdc\xa4+\x8a\x02}\xc7\xfb\x0e\xccvP\
\xb3\xbb\xbeH\x00v\xcd\x02|*\xef8\xf6k\xe21\
\x98z*\xef(R\xe2`\xfb\xcf\xa0\x99B\xc3\x1a{\
\xfa7\xa6\xf0\xf2X\x06\xa0\xa1o\xc8~P\xf3\xac\xbe\
H\x00\x00\x08\xab\xff\x0bH\xb0\x0d=#\xe3\x8f\xe6\xd3\
\xe5/M\xaa\xb0\xfd\xfe\xe4\xeb\xfe\xcf\x9a\xb0\x04\xc0\x98\
\xa2\xd3R\xf6\x1b\x01\x9d\x0b\xcf\xc8|P\xf3\x9c\xbeI\
\x00\xe4\xec\x1f\xeeD\xf9\xd3\xbc\xe3h\xcb\xd8C\xf1\xae\
\xf9\x02\x172\xdc+\xd7\x82mw\xc1lz\xb9\x96N\
e\x7f\xc4\xc8\x18\xd3\xa1 \x87\x93\x00\xce\x1d\x99\xf9\xa0\
\xe69}\x93\x00\x000\xd8\xfa{\xd0\x07\xf3\x0e\xa3-\
S\x1bak\x0a\xeb\xe7YjL\xc2\xe6;\xa0>\x91\
\xeeu\xa73\xecxh\x8c\xe9\x8ad\xbd\x07\x00\x10\xe7\
Vg>\xa8yN_\xed\xcc\x92W\xdd\xde\xd2\xebO\
\xfdMD\xaf#yW\xfb\xde\xab\xef\x80\xcd\xb7\xc3\xe2\
#\xe2\xf2\xbcE\xe5\xa2]\xfb\x17\x9e\xa1'\xb3\x16\xd3\
\x95\xf4\xafi\x8cIWVm\x81\xab\x0a\x0bB\xdc\xb2\
\x1a\xb2@\x977\xae8\xe1O\xc5\xb9A\x87\x8e\x8ah\
\x05@\x9c\xb7\x13\xa4\xa5J]<6:\xcf\x7fB\x82\
\xe0\xb1rt\xcb\xcf\xe5l\xc2l\x02\x9d\xfb\xfa*\x01\
\x00\x90\xd7\xdc\xf4#\xbd\xe1\xd4\xaf\x80\xbe+\xefX\xda\
\x125`\xdb=0\xb0\x14\x16\xbd\x14\x82\x82=\x0d\xd7\
v\xc0\xf8\xc3\x10\xd6{7\xc6\xb4-\x01\x18Sx\xbe\
\x97^O\x80\xaa\x83\x15-dy\x0b\x96\xb6`a\x88\
\x8cF0\x1aB\x10_\xdfSPue\xc1\xffoN\
\x04\xcf9\x9cs8\x8dP\xb7\xdb=\xde\xed\xfag\x13\
B^\xc1\xecw\xbd\xd0\x13o\x0a\xd1\xed\x88\xf7\xa8(\
7\x89D\xdf.\x9fs\xdfO\x92\x07>\xbf\xf4]\x02\
\x00\x80\x06\x1f\x86\xd6\xf9\x08\xfds\x8e\xb4\xb6=n\xa5\
;|\x00,80n\xfc\x93\x1b\x8d\xd7\xf8'\x9f\x84\
f\x8fOW\xd6J\x10f?\xb5h\x8c\xe9\x82\xefC\
\xd8\xe1\x03\xb6\x07\xacl\x22\x076\xe0\xc0&r`\x13\
\x16\xb4q\x0d\x01\x11\x0f\xc1\xc3{\xc1b\xb4\xa2\xb8(\
\xc2E!\xceEDQ\xc4\xb3\xb3\x93\xaa.\x88\xd4-\
\x02\x16At8p\x1e\xb0n\xf6\xbbG\xa9\x88\xb7]\
<\xef\x1e<\xfd\xf7JK\xbe*\xe7\xdd\xbd\xb5\xb3\x1f\
f~\xe9\xcb\x04@^s\xc36\xdd\xb0\xf62\x94o\
\xe4\x1dKG\xd4\xc5\xc7\x04\xa77\xc2\xd0\xca\xb8\xae\x7f\
y8\xbb\xf1]\x13f\xb6\xc1\xf4\xa6\xb8xQ\x16f\
l\xfa\xdf\x98~!\x81\x8f\xb6\x93\x00\x0c9\xe4\xa5u\
8|\x169\xb4\x1eO\xeb\xa7\x19\x07\x82\xef\x07\xf8\xfe\
/nQ\xce\x85DaD\x14\xb5p\xee\xc5\x95WU\
UT\xa3e\xb8\xe8\xb5\xc0kg\x85\xbf\xa9\x7fo\xcd\
\x04\xbe\xf7c\x11\xf9R\xf9\xec\xbb\xd6\x8b\xf4\xe3\xce\xec\
\xde\xe9\xcb\x04\x00@N\xbf\xf9_t\xc3\xda\xaf\xa0\xbc\
3\xefX:\xa6\x1a\xdf\x84\xa77Ai\x08\x06\x97\xc3\
\xe0\x92\xf8\xdf\xd3\x165\xa06\xbe\xab\xb5\xf0X\xf6\x07\
\x13fl\xfa\xdf\x98\xbe\xe1\x07\xc0^\xda\x8f\x8fD\xc8\
+f\x91W\xd4\xe0\xc0F\xe6\xbb\xb0</\xc0+\x07\
\x94\xa8\xa0\xce\x11E!a\xd4\xc4E{)\xc3\xae\x10\
i\xb4\x10\x17\x9d\x0f\x9c\x1f}\xef\xe8\xaf6\xae\xf5~\
*~\xe9\xd3\xe5\xb3\xef\xb8:\xcb\xd8\x8b\xaao\x13\x00\
\x00Z\xd5\x0f\x12\xd4_\x03\x1c\x9cw(]k\xcd\xc4\
\x1b\xf0&\x1e\x03\xbf\x12w\xfd\x1b=,\xd9\x12Am\
;\xcc\xee\x80\xe6\x04\xb4j\xe9\xc5\xda\x8dF\x7f\xbf\xc5\
\x8c\x99W\xfc\x17\xcc\xc5\x07\x1a\xdf\xf4O\x98\x81\x83\xb2\
\xbf\xe9\xef\x8dx\x1e\x81W&(\x95Q\xe7\x08\xa3&\
a\xab\x85\xaa\xdb\xebkT]\x10\x86\xee$\xc2\xf0\x8b\
\xb5\xef\x1e\xfd\xf7\x12\x04\xd7\x88\x17\xfc~\xe5\xec\xdb\xe7\
h\x1d\xf7\xfd\xeb\xafc\x80/ g\xffp'\xf0V\
 \xc3F\xd6=\x145`f\x0bD\x09\x7f\x9c\x89'\
`fs\xfe7\x7f\xb0\x04\xc0\x98>\xa2\xcf.\xc6/\
\x0e\x91\xf3\xc6\xf1\xaex\x06y\xd3\x18\x1c\x5c\x9c\x9b\xff\
\x0b\x89\xe7Q*U\x19\x18\x1c\xa6R\x19\xc2\xf7K\xfb\
\x8d\xd5\xa9\xabD\xad\xe6\x1b\xc3\xc6\xec\xfd\xb5\xef\xady\
\xaay\xdd\xf1\xbf\x93M\xb4\xc5\xd2\xd7\x09\x00\x80\x9cq\
\xf3-(\x1f\xc9;\x0e\xb3gj=\x00\x8c\xe9\x1f+\
\x1a\xc8\x9b\xc6\xf0~k\x13r\xd2t\xbc\x9b\xbfo\x08\
~\x10P\xa9\x0e2P\x1d!(\x95i'kq.\
:\xb0\xd5h\xfcm\xed{kf\xeb\xd7\x1e\xf7\x19\xbd\
\xee\xac\x82\x1d\xd5\xea\x9d\xbeO\x00\x00\xe457\x7f\x12\
\xf4\x9f\xf2\x8e\xc3\xecA3\xfb\xeab\xc6\x98\x0e-\x9b\
F\xce{\x00\xef\xa2\x87\x90cf\x0a\xfb\xb4\xdf.\xf1\
<\xca\xe5\x01\x06\x06w%\x02m\xfc<\xceE\x03Q\
\xd8\xbc\xac\xd6\xda6\xd9\xb8\xf6\xb8\xab\xf43'\xce\xf9\
\x0f\xaf9\x91\x00\x00\xe0{\x97\x027\xe7\x1dF*t\
/\x9bZ\xda~}\x81\xb2\xf6\xba\x1d\x014\xa6\xb0\x96\
N#\xaf\x7f\x009\xff>X\x99r\x05\xd0\x02\x10\x91\
8\x11\x18\x18!\x08\xda\x9b\x11P\xe7Ja\xd8\xbc\xa4\
~h}\xaa\xf9\xfd\xe3\xfe\xaa\xf7Q\xe6g\xce$\x00\
\xf2\xea\x9bj\x84\xd1\x05\xc0\x13y\xc7\x92X\xb4\x97]\
\xb8m\xd1\x84\xafO\x99\xcd\x00\x18S<\x83-\xe4\xd4\
\xc7\x90\xf3\x7f\x06\xab\xe6\xde\x8d\xff\x85D<\xca\x95\x01\
\xaa\x03\xc3x~{\xcb\x92\xce\xb9J\xab\xd5\xfcp\xed\
\x9a5\x93\xcd\xeb\x8e\x7fO\x8fC\xcc\xc5\x9cI\x00\x00\
\xe4\xec\x9fl\xc6\xf3\xde\x88\xd0\xdf\xef\xe8$\xb5\xf8\x1b\
\x93qi\xdf\x82\xd0f\x9f\xcf%\x1a3\x97x\x0a\xc7\
<\x83\x5cp\x17\x1c\xb1\x15d~\x1d\x8b\xf7<\x8fj\
u\x88Je\x10\x91\xf6>\x9b\x5c\x14\x8d\xb4\x9a\x8d\xab\
\xeb\xd7\x1e\xf3@\xfd\xfb'\xbe\xb4\xc7!fjN%\
\x00\x00r\xda\x8d\xf7\x22\xde/\x01=.q\xd7C\xb3\
\xdb\xc0uY\xeezzs\xba\xb1$\x10\x85\xad\xc4\xab\
\x19\xc6\x98\x94,\x9eE\xce\xbf\x0fy\xe5S\x10\xcc\xef\
_L?(Q\x1dh\x7f\x7f\x00\x0aQ\x18\xbe\xdc\xb5\
f\x7f^\xbf\xf6\xb8\xcf\xf4<\xc0\x8c\xcc\xb9\x04\x00@\
N\xbb\xf1&\xe0\x02\xa0\x87\x05\xee{\xc8\xb5`\xb2\x8b\
\x95\x8c\xe64\xcc\x16#\x01\x88\xa2\x16\x8d\xc6,\xe2\xe6\
\xe4[\xcc\x98\xfe\xe1)\xf2\xaa'\x917\xde\x03K2\
\xaa\x00\xda\x07\x9e\xdd\x1fP\xa9\x0c!\xd2\xde\xe7\x94\x82\
\x17\x85\xcd\xcbj\xdf;fs\xe3;\xaf<\xb6\xc7!\
\xf6\xdc\x9c\xfdt\x963n\xbe\x16\x95_\x07\xfa\xa8\x1f\
\xefn&7\xc2l\x07e\xac\xa3\x06l\xbb7\xfbJ\
\x7f{\x0a%\x0ci4f\xe3\xffa\x09\x801\xf9\x19\
\xad!\xbf|/\x1c\xbd\xa9\xefw\xf6\xf7\x8a\xef\x07T\
\x07\x86wm\x12l\x8fs\xe1\x8a\xc8\xab\xff\xb4\xf1\xfd\
\xe3\xff\xac\x87\xa1\xf5\xdc\x9c\xfet\x96\xd7\xdc\xf4\xaf\x88\
\xfe\x1aP\x80\x8a8]\xd8\xfe\x00L>\xb5\xff\xee\x5c\
\xcdI\xd8rg!6\xff=\xfb\xe4\xff\x5c\x22\x12\xd9\
\xa7\x8e1\xb98rs\xfc\xd4\xbfx6\xefH\x0aO\
D(W\x06(W\x06\xda\xde\x1b\xa0\xaa^\xd8j\xfc\
Q\xfd\x9ac\xef\xd1o\x9f\xb2\xa0\xc7!\xf6\xc4\x9cN\
\x00\x00\xe4\xf4[\xbe\x8d\xf3\xde\x00L\xe5\x1dK\xe7\x14\
v>\x0a\x9bn\x83\xa9g\x9e\xdf\xb2WC\xa8\x8d\xc1\
\xf6\x9f\xc1\xe6\x9f\xf6\xb6\x9do\x9b\xa2\xb0I\xa3>\xcb\
\xf3\xa6!t\xce\xbf\xc5\x8c)\x16_\x91\xd3\x1eEN\
y\x02\xfc\x02L\x09\xf6\x91 (S\xad\x0e\xe3\xbd\xb0\
=\xe1>DQkM=\x98\xd9\xd4\xba\xe6\xb8\xd3{\
\x18ZO\xcc\x8b2mr\xe6\x8d\xd7\xeb\x0dk\xcf\x05\
\xbe\x05,\xcf;\x9e\x8e\x85\xb30\xfe\x10\x8c\x03\x08x\
^\xa1v\xfa\x03\x84\xad&\xcd=\x94\x1e\x16\x9b\x010\
&;#u\xe4\xac\x87\xec\xa9?\x01\xf1<*\xd5a\
\x9a\xcd\x1aQ\xd8\xde\x0a\xb2s\xd1`K\xdc\x8f\xea?\
8\xe6#\xd5\xd7\xde\xf3\xb1\x1e\x87\x98\x9ay\xf3x&\
g\xdc|\x0b\xce\xad\x05\xee\xcf;\x96d\xb4`7\x7f\
\xa5\xd5\xac\xd3l\xd6\xf6\xbc\xff`\xde\xbc\xc3\x8c\xc9\xd9\
\xd2\xe9\xf8\x5c\xbf\xdd\xfc\x13\x13\x11*\x95AJ\xa5\xf6\
\xab\x02\xab\xaa\x175\xc3\xbfi\x5cs\xfc?\xf60\xb4\
T\xcd\xab\x8fg9\xf3\xd6\xc7 8\x0d\xb8.\xefX\
\xe6\x02U\xa5\xd1\x98\xa5\xd5\xda\xfb\xde\x03\xf5\x0aT\x95\
\xd0\x98\xb9\xea%c\xc8y\xf7C\xb5?\xf7<\x17U\
\xa9\x5c\xa1\x5c\x19\xe8\xe85a\xd4\xf8\xf5\xfa\xb5\xc7\xdc\
\xa9\xd7\x15\x7f\x86}^%\x00\x00r\xc6\x86q\xc2\xea\
\xeb\x81\xbf\xa0\x10{\xe6\xfb\x93:G\xa3>M\x14\xee\
\xa7^\x81g\x7f\xc4\xc6\xf4\xd4\x91\x9b\x913\x1f\x86\xa0\
O\x93m\xbf\x0c\xc3\xab`\xc9\xcba\xd9\x1aXr$\
,8\x08JCyG\x06\xc4\xfb\x02*\xd5A:9\
F\x11\x85\xe1q\x8d\xf0\x98\xfb\xf5\xebG'\xe8\xeb\xde\
{\x85\xcfPzA\xce\xfea\x08\xfc\xa1nX{#\
\xaa_\x02\x19\xcd;\xa6~\x12E-\x9a\x8d\x1a\xba\xbf\
\xd3\x09\x006\x03`L\xef\x1c\xbd\x09y\xd5\x93yG\
\xd1\x1d\xf1`\xe1\xa10r\x00\xeci\xe7\xfd\xe8aP\
\xdb\x0e\xe3\x8f\xe4\xbe\xc9\xd9\xf7KT\xabB\xa31\xdb\
\xde\xe7\x1e\x10E\xe1\xcb\xea\x8b\xfc'\xf4\xdb\xa7\xbc\x5c\
\xce\xbfe\xb2\xc7!ve\xde\xcd\x00\xecNN\xbf\xf9\
[8N\x06n\xcd;\x96\xbe\xa0J\xb3Y\xa3Qo\
\xff\x97\xc0\x12\x00cz\xe4\xb8\xa7\xfb\xf7\xe6\xef\x95`\
\xc5\xf1\xb0\xe0\xc0=\xdf\xfc\x9f5\xb0\x14V\x9c\x00\xe5\
\xe1\xecb\xdb\x0b\xcf\x8f[\x0d\xb7{L\x10\xc0E\xd1\
\xcazi\xf6\xa1\xa2\x1e\x13\x9c\xd7\x09\x00\x80\x9cy\xcb\
C\x84\xd5\xd3\x80?\xa4_\x8b\x06e\xc0\xb9\x88z}\
\x86\xb0\xd5l\xfb5\xbe\xe7\x8fK\xbd\xf2h\x0f\xc32\
f~:j\x13r\xfc\xc6\xbc\xa3\xe8\x8e\x08,=\x1a\
\xca#\xed}\xbf_\x86e\xc7\x80_\xe9m\x5cm\xf0\
\xbc\xa0\xe3\xe5\x00\x17\x85\xcb\xeb\xa5\x99\x07\xf5\xb6\x13\x07\
{\x17Yw\xe6}\x02\x00\xf1\x92\x80\x9cq\xf3_\xa0\
r:pw\xde\xf1\x14\x8b\xd2j6\xa8\xd7\xa6qm\
\x9e>\x10\x11\x0d\x82\xf2\xfa\xca\xce{\x97\x11\xfa\xe3=\
\x0e\xd0\x98\xf9\xe5\xc8-\xc8I}\xfa\xe4\x0f0\xb4\x12\
\xaa\x0b;{\x8d_\x86\xd1C{\x13O\x87\xbaK\x02\
\xa2\x95\xf5\xf1\xe6\x03\xfa\x99\x13\x0b\xd5\x1e\xd5\x12\x80\xdd\
\xc8kn\xba\x95\xb0z\x22\xe8\x15\xf4s3\xa1\x94D\
QH\xad6M\xab\xd5\xfe\xfa\x9b\xe7\xfb\x9b\x03\xf1N\
\xae\x9cs\xd7[\xe5\xadD\xc0X\xef\x224f~\xf1\
\x97<\x82\x9c\xfcx\xdea$3rPw\xaf\x1bZ\
^\x88Y\x00\x88\xcb\x07W*\x03\x1d\x95WvQx\
P\xe3\xd0\xd6O{\x17U\xe7,\x01x\x81x6\xe0\
\x96O\x10r\x0c\xb0\x9eyxR@\x9d\xa3\xd9\x98\xa5\
Q\x9fA]{k\xf8\x22^3\x08\xca\x1f\x1d8\xf7\
\xdeU\xe5\xd7\xdf{\xdbs\xd7Rv\xf4,Pc\xe6\
\x91\xd2\xcc\xdd\x04/\xf9q\x7f\xd7\xf4\x0f\x06\xa1\xd4\xd9\
\xb1\xba_\x10\x18X\x9cj8I\xf8A\x89r\xb9\xfd\
:\x01\x00\x91k\x1d]\xbf\xe6\xb8\x7f\xefQH\x1d\xb3\
\x04`/\xe4\xec\x9b\x1f\x973n~+*k\x81\x0d\
y\xc7\x93\x05\xddU\xd4\xa7V\x9f\x22l\xb3\x02\xd6\xae\
\xe9\xfeo\x0e\x8c,\x18\xad\x9cs\xd7\xffx\xd17x\
lO;Nc\xe6\x1b\xbf\xf1$#O\xfew\x90>\
\xdfT\xdb\xf5\xcd\x7f\x97 \xe1\xebS\x16\x04\x15\x82R\
g\xb3\x12\x91k\xfer\xf3\xda\xe3>\xd1\xa3\x90:b\
\x09\xc0~\xc8kn\xba\x95\xd3o~\x0d\xc8\x85\x08\x85\
\x9a\xbeI\x8d*\xadV\x93\xfa\xecT\x5c\xd4\xa7\x8d9\
\x0f\x11\xd4\x0f\xca\xd7\xa8\x0e\x1cP9\xe7\xae\x0b\xe5\xd5\
7\xed\xb9\xe1\x92\x8a\xcd\x00\x18\x93\x80D\xd3\x8c<\xf1\
Q$\x9a\x03\xab\x92~\xc2%\xf0\xa4\xaf\xef\x81r\xb9\
\x8a\xefwp\xa2^\xa1\x15\xb6>\xd4\xb8\xf6\xb8w\xf6\
.\xaa\xf6X\x02\xd0\x06\x11T\xce\xb8\xe9\x9b\x9cv\xf3\
\x89\x08oB\xf9I\xde1\xa5AUi\xb5\x1a\xd4j\
S\xb4\x9a\xed\x9d\xeb\x17p\xbe\x17|\x8f`\xf4\xa0\xea\
9w\xbd~\xe8\x0d\xb7o\xda\xd7\xf7{\xe2,\x010\
\xa6k\x8e\xe1\xa7\xfe\x02\xbf\xb9\xcf_\xb3\xf9\xa3\xa0\x0b\
\xb2\xe5\xca \x22\x9d\xdcN\x95\xc8\x85_\xac_{\xdc\
\x11=\x0b\xaa\x0d\xf3\xb2\x10P\xb7DP\xb8\xf9[\xc0\
\xb7\xf4\x86SN\x04\xefr\xd0_\xa7\xcf\xfe\x1c\xd59\
Za\x93(l\xb6}\x9e\xdf\xf3\xbc\xba\xe7{\xff\x5c\
.\xf3!9\xe3\x9e\xf6w\xf6\xab\xb7\xbd\xb0\xbf\xb5\xc6\
\x14\xdc\xe0\xd6\xafR\x9e\xb62%E'\x22T\xaa\x83\
\xd4\xeb\xd3m\x7f\xdc\xa9s\x81\x12m\xd0\xebX-g\
\xb3\x9f\x92\xaa\xbd\xd1W7\xae\x22\x913n\xb9\x1dx\
\xb7n8\xfd\x8f\xd1\xf0\xbd\xc0{\x80b\x9cS\xd9\x13\
\x8d+\xf8\x85a\x93(j\xf3\xbd&\x82\xef\xf9\x8fx\
\x81\xff\xb1\xd2Yw~:N\x80:\xb6\xa5\x8b\xd7\x18\
3\xef\x95f\xefa`[\xdf\xf4\x95iO\xd2g\x01\
\xcf\x8f7A\x16\xf0\x99\xc2\xf3|\xca\xa5*\xcdf\xfb\
\xa7\xa6\x9c\x8b\x965\xc2c\xff\x0d\xee\xfe\xe5\x1e\x86\xb6\
W\xfd\xbc\x9f\xb4PT\x116\xac=\x13x'\xf0&\
`i\xce!\x01\xe0\x5cH\x18\xb6\x88\xc2V\xfbO\xfb\
\xbe\xbf\xdd\x13\xff[Q\x8d\x8f\x0e\xfe\xca]O'\x19\
_/\xfb\xe0K\xd5y\x0f'\xb9F\xd1l?\xe7l\
6\xbd\x22\xd9\xcc]\x10\x94X\xb1\xba\xff:S\x9bl\
H4\xc3\xe8\xc3\x1f\xc0km\xcd;\x94\xe4\x82*T\
\x17\xc7U\xfd\xaa\xa3\xfb\xae\xfc\xd7\x8e\xa8\x05\xf51\xa8\
\xed\x88\xffY\xa8\xee\xa8\xd0h\xcc\xec\xbfG\xca\x0b\x94\
J\xd5w\x97_\xf7\xd3\x7f\xe8QH{e\x09@\x0f\
\xe8\xd7/\xf2Y\xf1\xc4\x99xr!*\xe7!\xbc,\
\xc3\xd1\x89\xa2\x88(j\xff\xa6/\x22*\xbe\xff\x8c\xa7\
|W\xa3\xd2\x9fW\xdfpGj7l\xbd\xec\xb2\x92\
\xba\x81\x1a\xe0\xa7u\xcd\xbcY\x02`zm\xe4\xa9\xff\
\x97\xf2\xc4\x8f\xf2\x0e#\x01\x89o\xf6#\x07\xf6\xf6\xe8\
\x9e\x8b`v\x0bL=\x03\xad\x99\xde\x8d\xd3\x01U\xa5\
^\x9bj\xbf\x5c:\xe0\x89\xd7\xac\x96\xab\x07\xc8\xd9\xb7\
gzj\xca\x12\x80\x0c\xe8\x8fN>\x14\xf1\xceA\xf4\
lDNE9$\xc5\xab\xe3\x5cD\x14F\xb8\xa8E\
\xa4\x0e\xf6\xf7\xc6\x13\xd4\xf3\xfc1\x11\xef.D\xd6W\
\xbcEW\xcb\xd9?\xecY\xb7\x0d\xf7\xbe\xcb\x9f\x00\x0e\
\xee\xd5\xf5\xb3f\x09\x80\xe9\xa5\xf2\xc4\x06F\x9ez\xf1\
\x89\xda\xbe \x12W\xfa[pp\xfc\xe4\x9f\xa5\xfa\x18\
\x8c?\x06\xad\xfcOK\x84a\x8bfc\xb6\xa3\xd7\x04\
~\xf0\x93\xca\xb9\xf7\x9c\xdc\xa3\x90\xf6<f\x96\x83\xcd\
Wr\xe6\xad\x8f\x01\x9f\xdb\xf5\x85^w\xd2J|\xef\
\x14\xf0\x8eC\xf4h\x90\xa3A\x8f\x00\xf6y\xc6E5\
\xbe\xd9\xabs8\x17=\xf7\xb5\xcf\xb1\x85H\xf0&\xc4\
\xf3\x1e\x17\xbc\xbb\x10\xfdvyU\xf4-9\xfa\xde\xf6\
\x8b\xfa'\xf78s(\x010\xa6W$\x9aah\xd3\
\xdf\xe5\x1dFw\x06\x96\xc4\xe5z\xf3j\xe3[]\x0c\
+\x17\xc3\xcc&\x98x\x1c\xa2,?\xe2\x9e/\x08J\
Da\x89(j\xbf\xbdL\x18E'5\x7fx\xdc\xbb\
\xcag\xdd\x95\xd9R\x80%\x009\x90\xb3\x7f\xb2\x19\xf8\
\xb7]_\xc0\xaee\x83eO\xae\xa2\xc4! /A\
Y\xe1\x5cx\x98s\xee`u\xd1\x01N\xdd\xa8:F\
@\x7f1\x95.\xb4<\xcfo\x09RWa\xa7x\x8c\
\x89\xf37\xe3\xe9C*\xf2\xd3\x8a+\xdf,\xe7\xdc\x9a\
\xfb1<E\x1e\x13\xf45y\xc7aL\xd1\x0dm\xfe\
,^\xd8g\xb5\xb3$\x80\xc5/\x83\xa1\x15yG\x12\
\xcfi\x0f\xaf\x82\xa1e0\xf6\x10\xcc\xe4\xb7\x87\xa2\x5c\
\xaeR\xab\xb7:\xd8\xb0\xa8D\xcd\xf03z\xddY\xeb\
{9#\xbb;K\x00\x0aB\xde\xba>\x026\xee\xfa\
\x9ac\x95\x07\xddc\xb6\xdad\xcc\xbe\x05\xb5\xfb\xa9\x8c\
\x7f7\xef0:S^\x00K_\x91\xfdt\xff\xfeH\
\x00K^\x01\x95Q\x18\x7f\x044\xfb\x8d\x82\xe2y\x94\
JUZ\x1d\x9d\x0ap\x03\xcdp\xfc\xab\xc0\x9b{\x17\
\xd9/X! \xd3s\x9e\xf0`\xde1\x18Sl\xca\
\xd0\xa6\xcfQ\xc8\xf3m{3\xb8\x1cV\x1eW\xbc\x9b\
\xff\xee\x86W\xc1\x8a\xe3\xc0\xcb\xa7\x82`\xa9T\xee\xb0\
@\x10D\xaeyAV\x05\x82,\x010\xbd\x17\xaa\xb5\
X6f\x1f*;\x7f@0{_\xdea\xb4o\xc1\
\x81\xf1\x93\x7f?\xdcB\xca#\xb0\xf2\x84\x9c:\x09\x0a\
\xe5Jg\xfd\x0bT\x11T\xbf\xd1\xa3\x80\x9e\xa7\x0f\xfe\
\xf6L\xdf{\xc9\x92\x9f\x03\x99\xaci\x19\xd3w\xb4\xc5\
\xe0\x96\xab\xf3\x8e\xa2}#\xaba\xf4\xa5yG\xd1\x99\
`\x00V\x1c\x9f\xcbl\x85\xef\x07x^g\xa7\xa0\xa3\
\xa8\xb5\xa6u\xed\xf1\xe7\xf6(\xa4\xe7X\x02`zN\
\xd6\xad\x0b\x81\xfb\xf3\x8e\xc3\x98\x22\xaa\x8e\x7f\xa7\x7f\x0a\
\xfe\x0c,\x81\xd1\xc3\xf3\x8e\xa2;A\x15\x96\xad\x89\xab\
\x09f\xac\xd4a\xdb`\x80\xc8E\x9f\xedA(\xcfc\
\x09\x80\xc9\x84\x22\xb6\x0c`\xcc\x0b\x88k2\xb0\xedk\
y\x87\xd1\x9e` \x9e\xf6\xef\xe7\xfd\xbc\xa5!Xr\
t\xf2j\x84\x1d\xf2\xfd\x00\xaf\x93\x8e\x81@\xa4\xe1!\
\x8dk\x8e\xbb\xb0G!\x01\x96\x00\x98\x8cx\xe8=y\
\xc7`L\xd1T\xc6\xbf\x8d\xd7\xea\x87c\x7f\xde\xae\x9b\
\xff\x1c(\xe89\xb0\x08\x16\x1c\x92\xf9\xb0\xa5R\x87{\
\x10\x14\x9c\xba\x8f\xf5&\x9a\x98%\x00&\x1b\xaaw\xe6\
\x1d\x821\x85\xa2\x8e\xea\x8e\x7f\xcd;\x8a\xf6,<(\
\xdeL7W,8\x08\xca\xc3\x99\x0e\xd9\xcd^\x00\xe7\
\xc2\x83[\xdf?\xa6g5T,\x010\xd9\xa8\x84\xb7\
@>-/\x8d)\xa2\xf2\xe4\x06\xfc\xe6\xa6\xbc\xc3\xd8\
?\xaf\x14\xdf0\xe7\x12\x11X|$Y\xafgt<\
\x0b\x00DN>\xde\x83P\x00K\x00LF\xe4\xd3\x9f\
\x9e\x06\xee\xcd;\x0ec\x8ab`\xfb\xbf\xe4\x1dB{\
F\x0f\xcdf\xea_#pa\xfc\x95\x85\xf2P|\x9c\
1C~PB\xbcN\xeb\x02\xb4\x8e\x9f\xfd\xee\x9a\x9e\
d`V\x09\xd0dF\xd1\x1f\x0br|\xdeq\x18\x93\
7\xbf\xfe\x18A\xad\x0f\x0e\xc6x\xa5\xde\x94\xf8U\xb7\
\xab\xa5\xef84\xa7 \xac=\xff\xc6/\x02^\x19*\
\xc3q\xb5\xc1\x81%\xbd\xe910r\x10L?\x93i\
K\xe1\xc0/\xd3r\x1d\x9c\x8aV\xc4\xf7\xbd\xbf\x04\xde\
\x9ez,i_\xd0\x98\xbd\xf1\xf0~\xac\xe8\xef\xe4\x1d\
\x871y\xab\x8e\xfdG\xde!\xb4gx\x05tX\xc9\
n\x9f\xc2\x06L>\x09\xb3[\xf7\xfd\xa4\xaf\x0aQ\x03\
f\x1b0\xbb\x03v>\x06\x95\x05q{\xe1\xc1e\xe9\
\xc5\xe3\x97`x5L>\x95\xde5\xf7#(\x95i\
\xb5:+\x8b\xe2\xd4\xfdj/b\xb1%\x00\x93\x1dm\
\xdd\x98w\x08\xc6\xe4M\xb4Ae\xe2\xba\xbc\xc3h\xcf\
\xe0\xcat\xae\xa3\x0a\x93O\xc0\xa6[w=qw1\
\xcd\xdf\x98\x84\xed?\x83-wB\xab\xb3V\xbb\xfb\xb4\
\xe0\xc0LO7\x88\x08~\x87G\x02\x9d\x8b\x06\x9a?\
<\xee]i\xc7b\x09\x80\xc9\x8c\x5c\xf5\xa9'\x88\x9b\
\x1d\x193o\x95'oB\xa2\xfc{\xd6\xef\x97_\x8e\
\xd7\xc9\x93\xd2\x10\xb6\xdd\x05;\x1f\x8f\xa7\xfe\x93jL\
\xc0\x96;\xa0\x96\xd2\xf1I\xaf\x0c\x83K\xd2\xb9V\x9b\
\x82\xa0\xdc\xf1k\x5cK?\x92z\x1ci_\xd0\x98}\
Q\xf8\x81\xc0\xbb\xf3\x8e#\x09\xd1\x08IXHDD\
\x91V\xfb\xbd\xc2\x93R\x04\x0d\x92?\xe5$\xfd\xb9\x8b\
$\xcb?\xff\xdd\x95\xc7\xfb\xe4\xe9\xbf\xba(\xf954\
\x82-\xf7@s2\xf9\xb5v\xe7\x22\xd8~_\xbc\x93\
?\x8d=\x0a\x95E\x99\xb6\x0e\xf6\x83\x00i\x0a\xaa\xed\
7\x7frQ\xb8F?sbI~\xf3\xf6\xd4\xde\xb8\
\x96\x00\x98Ly\xc8\x7f*\xda\xd7\x09\xc0\x92\xef_\xcf\
\x92\xef_\x9fw\x18\x1d\xd9y\xda)<\xf5\xcad\xfb\
/}\xdfg\xe5\x01)M\x09\x17\xc0\xf0U\xff@\xe9\
\x91\xc7\xb3\x1d\xb4\x14!o\xbb\x03\xfa\xa1\x9eNeA\
\xf2k\x8c?\x9a\xfe\xcd\xffY\x0a\xecx\x10\x82J\xdc\
\xf67\x89\xa0\xb3\x86=\xc9\x09\x9e\x17\x10E\xed\xdf\xcb\
\x15\xf5\x1a/k\xfd\x0e\x90\xda\xb1@[\x020\xd9R\
\xf9.\x90}snc\x8a\xe0\xa0\x9d\xe0\xa70\x0d\x9e\
\x85\xa47\xc5\xd64L\xf7\xba\xce\x81\xc2\xf6\x07\x92\x1f\
\x1d\xccab+\x08\xbahQ\xec\xb84\xcd\x18,\x01\
0\x99\x92\xab>6\x06\xfc$\xef8\x8c\xc9\x83\x1c0\
\x9ew\x08\xedK\xda9of\x0b\xf1cz\x8fE\x8d\
\xf8\x94@\xd2kd\xcc\x0f\x02:\xcd<\x9c\x8b\x8eL\
3\x06K\x00L\xe6D\xf9N\xde1\x18\x939QX\
\xdd\xa3\xe9\xf0^H\x9a\x00\xccf\xd8\xe3`z\x13\x84\
\x09:\x8e\xd7\xf2H\xcc\x04\xbf\xc3\xa2@\xaa.\xa8\xff\
\xe0\xf8\xf3\xd3\x8a\xc0\x12\x00\x93\x03\xef?\xf3\x8e\xc0\x98\
\xcc-\x99\x81j>\x1b\x0f\xbb\x93p^<\xcc\xf2\xa9\
Za\xe2\x89\xee^\xeaB\xa8mK7\x9c6u\xda\
!\x10@\x9c\xbe?\xb5\xf1\xd3\xba\x901m;h\xe1\
m@\x1f\x14A7&E\xab\xfa\xe8\xe9?\xe9\xcd_\
#2\x99\xfe\xdf\xdd\xecfhvq\xbcr\xe2\xf1L\
+\x01\xee\xce\xefb\x1f\x80SwjZ\xe3[\x02`\
2'\xeb\xd69E\xfe9\xef8\x8c\xc9\x92\xac\x98\xca\
;\x84\xec\x88\x97}\xeb`\x05\xb6\xdd\xdb\xd9z\xfe\xcc\
\x16\x98z\xbag!\xed\x8f\xe7y\x1d\x1f\xadU\x17-\
WM\xe7\x1c\x89%\x00&\x17\x9e\xf2\xb5\xbcc0&\
3\x02,\xed\x83\xe2?\xcfQ\xe8\xe0\x88\xda\x8b\x09\x94\
\x06S\x8b\xa6mQ#\xae\x14\xb8\xdf\xa3\x87\xbb*\x13\
\xeex0\x93\xb0\xf6N:n\x11\xac\xaa\xd2\xbc\xf6\x98\
7\xa61\xba%\x00&\x1fW}\xfcF\xe0\xc9\xbc\xc3\
0&\x13\x0bkP\xe9\xb3n\xd8Q3\xd9\xeb{\xd1\
D\xa8\x1da\x1d6\xff4.\x1b<\xbb}\xb7\xe9}\
\x8d\xff\xbf\xa9\xa7a\xd3mqe\xc2\xac\x97)\xf6\xa0\
\xd3\x04 ~\x11oIcl+\x04dr!\xa0\x91\
\xf0\x0dQ\xae\xcc;\x16czn\xc9L\xde\x11t\xce\
\xd5\x81\x04\xa5\x80\x87W\xc6Mvr8b\x07\xc0\xec\
\xb6\xf8\x0bv-G\xb8\xb8'A\xc1x^\x00t\xf6\
g\xa4N_\x99\xca\xd8i\x5c\xc4\x98nx\xea\xbe\x9e\
w\x0c\xc6dAFSl^\x93\x95n6\xd4\xedN\
|X~\x0ct\xf3\x84\x9b6\x8d\x0ay\xf3\x07\xf0\xfc\
\xceo\xc3\xea8(\x95\xb1\xd3\xb8\x881]\xf9\xfc'\
o\x01\x1e\xcd;\x0ccznQ\x1f&\x00\x8d\x89\xe4\
\xd7(\x0d\xc1\x8a\x13r(\xb5\xdb?D<:=u\
\xa1\xb8a\xd5\xe4\xf7oK\x00Ln\x04T\x90/\xe4\
\x1d\x871=\xb7\xa8\x96w\x04\x9d\xabO\x91\xca\x1ay\
i\x08V\xbe\x12\x16\x1e\x5c\x8c\xd9\x80\x02\xeat\x16@\
U%\xbc\xf6\xb8W'\x1e7\xe9\x05\x8cI$l^\
\x05\xf4Su\x14c:\xe3+\x0c$\xdcP\x97\x07\x0d\
\xa16\x96\xce\xb5\xbc\x00\x16\x1e\x0a\xabN\x82\x05\x07\x83\
_I\xe7\xbas\x84'\x9d\xdf\x8a#\x9f\x93\x13\x8f\x9b\
\xf4\x02\xc6$!W\x7fz3\xc8\xb7\xf3\x8e\xc3\x98\x9e\
\x19n\xe4\xd2l&\x15\xd3\x9b\xd3\xbd\x9e_\x81\xd1C\
a\xf5ZXv,\x8c\xac\x86\x92-\x0fH\x173#\
\xa2\xb2&\xe9\xb8v\x0a\xc0\xe4N\x94\xcf\xa9\xf0\xa6\xbc\
\xe30\xa6'\x86s\xda\x05\x9f\x86\xdaX\xbc\x8b?\xed\
'v\x01\x06\x16\xc5_\x10\x8fQ\x9f\x88;\x086\xa7\
\xe2\x0d\x88I;\xfc\xf5\x11\xe9\x22CTu/K:\
\xae%\x00&\x7f\x07\x8d~\x87\x8d\xe3O\x02\x07\xe7\x1d\
\x8a1\xa9\x1b\xec\xe3\x04\x00\x17\xd7\xd8_|Do\x87\
\xf1+0\xb4\x1cX\xfe\x8b\xff\x165\xa01\x0d\xad]\
\x09Acb\xce&\x05\xd2aS \x00\x22]\x9dt\
\x5c[\x020\xb9\x93u\xeb\x9c(W\xe5\x1d\x871=\
1\xd0\xe77\xad\x99\xcd\xd0\xca\xe1\x14\x83_\x81\xc1%\
\xb0\xf0\x10X\xb6\x06\x0e8\x0dV\x9e\x10\xef%\xa8\x8c\
B\x87%t\x8b\xac\xd3r\xc0\x00\xea1\x9ct\x5cK\
\x00L18\xf7w@\x1fn\x956f\xdf\xa4\xdc\xe7\
\x09\x80*\xecx\x80\xdc\xab\xe6\x09P^\x10\x9f&X\
q\x1c\x1c\xf0jXr$T\x17\xe5\x1bW\x0a\xbaI\
\x00PMP\xa5)f\x09\x80)\x04\xf9\xe2'\xb7\xa9\
\xf0\xe5\xbc\xe30&u\x959p\xc8\xa59\xd5}\xbb\
\xdd^\xf1\x82\xb8\xdc\xf0\xf2ca\xf5)\xf1L\x81_\
\xce;\xaa.u\xb3\x07@\x13o\xcc\xb0\x04\xc0\x14\x86\
\x87\xff7\x80\xcb;\x0ecRU\x9a#o\xe9\xc9'\
`vG\xdeQ\xecYP\x85\x85/\x89O\x17,>\
\xbc\xef\x8e\x19\x8aH\xe79\x80j\xe2\xa2\x0a\x96\x00\x98\
\xc2\x90\xcf\xfd\xcd\xcfQ\xfe=\xef8\x8cI\x95?G\
\x12\x00\x05v\xfc,\xde\xad_T\x220\xbc\x1aV\x9f\
\x1c\x1f7\x94>\xda\xe7\xae\x1df\x00\xd2\xe9\x0b^\xcc\
\x12\x00S(\x02\x7f\x9dw\x0c\xc6\xa4J\x8aY\x83\xbe\
+\xea`\xdb=PO\xa9@P\xaf\x88\x17\x17\x1cZ\
\xfd*\xa8.\xce;\x9a\xb6t\xba\x0d@5yu\x09\
K\x00L\xa1\xc8U\x9f\xb8\x1e\xb89\xef8\x8cIM\
0Gf\x00\x9e\xa5\x11l\xbd7\xfd\x22A\xbd\xe0W\
\xe2\x86D\x8b\x0eg\xee\xdd\xee\x92\x9f\x82\x98k\x7f\x22\
f\x0e\x10\xf8h\xde1\x18\x93\x9a\xe43\xb5\x05\xa40\
\xf6`|:\xc0Ey\x07\xb3\x7f#\xab\xe3\x93\x03}\
\xb67`\xdf\x92\xcf,Y\x02`\x0aG>\xff\x89k\
@~\x94w\x1c\xc6\xa4\x22\x9a\x8b\x09\xc0.3[`\
\xcb\x1d\xc5\xde\x17\xf0\xac\xca\x82\xb8\x8e\x80u&|\x8e\
%\x00\xa6\x90\xc4\xd3?\xce;\x06cR1'g\x00\
v\xd3\x9a\x85\xadw\xc6\xb3\x01Q\xc1\xab\x1e\xfa\x95x\
&\xa0\x80I\x80v\xf8@/\x92|\x0a\xc0\x12\x00S\
H\xf2\xd9Ol\x00\xbd6\xef8\x8cI\xcc\xcd\x93\x8f\
\xd9\x99-\xf0\xf4\xad0\xfe\x10\x84\x05\xae\xe9\xf5\xec\xbe\
\x00\xafh'\x04:\xbd\x9f'\xdf]:O\xde\x99\xa6\
\x1f\x89\xc8\x7f%\xf7\xf2c\xc6$\xd4H|\x5c\xbb\x8f\
8\x98z\x06\x9e\xb9\x15\xb6\xdc\x09\xd3\xcf\xc4'\x07\x8a\
&\x18\x80\xa5G\x15\xa6K\xa3v\xf11'H\xe2\x12\
\x93\x96\x00\x98\xc2\x92\xcf}\xe2'\xc07\xf3\x8e\xc3\x98\
D\x9aE{\xd2\xccHc\x02\xc6\x1e\x82gn\x86\xf1\
\x87\xa16^\xacd\xa0\xba\x08F^\x92w\x141\xd7\
\xc5s\x8eH=\xe9\xb0\xf3\xf4\x9di\xfa\x85\x10}D\
\xf1\xcf\x07\xaay\xc7bL7\xb4\x1e\x14\xe5A3\x1f\
Q\x0b\xa6\x9e\x8e\xbf\xc4\x83\xeah|\xf3\xad,\x84\xf2\
\x10\xb9>\x87.<\x18f\xb7\xe6\xbed\xa1\x9dn\x00\
\x00\x10\x12wh\xb2\x19\x00Sh\xf2\xf9\xbf}L\xe1\
\xe3y\xc7aL\xd7\x1a\xa5\xbc#(\x0euP\x1b\x83\
\xf1G`\xf3\x1d\xf0\xe4\x8f\xe3\x7f\x8e\xfd\x1c\xa67A\
c2\xae3\x90\x15\xf1`\xd1\xcb\xb2\x1bo/\xbaI\
\x00\x04\xa6\x92\x8ek3\x00\xa6\xf0\xbcr\xeb\x7fj\xb3\
\xf4\x1e`U\xde\xb1\x18\xd3\xb1\xd9~mP\x93\x05\x17\
7\x1ajN\x01\x9b\xe2\xff$@0\x14\xcf\x10T\x16\
Buao\xcf\xef\x0f,\x8e\x8f\x086&{7\xc6\
~hW-P\xbcg\x92\x8ek3\x00\xa6\xf0\xe4\xd3\
\x9f\x9e\x16\xf4\x8f\xf2\x8e\xc3\x98\xaeL\xce\xa5\xe23\x19\
P\xa05\x13o \xdcq?<}3l\xba-\xee\
F\x18&^\xf6\xde\xb3\x91\x03{s\xdd6\xa9\xeb\x22\
\x01\x10\x1eN:\xae%\x00\xa6?\x1c\xb8\xf8K\xc0m\
y\x87aL\xc7f\xcbs\xbf\x16@\xaf\xb5f`\xe2\
\xf1\xf8t\xc1\xb6\xfb\xa05\x9d\xee\xf5\x07\x96A\x90_\
\xa2\xe6\xba\xd9\x03\x00\xf7$\x1d\xd7\x12\x00\xd3\x17d\xdd\
:'p)0\x07\x9a\xab\x9by%\xf2`\xd6\xf6\x01\
\xa4C\xa1\xb6\x1d6\xdd\x1e'\x02i\xcd\x08\x08P]\
\x92\xce\xb5\xba\xa0]\x94S\xf6\xa2\xe4=S,\x010\
}C>\xff\x89\xbbU\xf9\x9b\xbc\xe30\xa6c\xe3\x83\
yG\xd0\xbd\xa0\x0a\x0b\x0e\x82%G\xc2\xb25\xb0\xf4\
\x15q\xcb\xdd\x1c\x9f\x98\x818\x11\xd8|;\xccnO\
\xe7z\x83K\xd3\xb9N\xa7\x14\x5c\x87\x1b\x1f\x05\xb4\xf4\
\xfa\xbb\x7f\x92th\xdb\x04h\xfa\x8a7\xe8\xfeDk\
\xde\x9b\x80#\xf3\x8e\xc5\x98\xb6\x8d\x0f\xc2\x81;\xf3\x8e\
\xa23~\x05\x16\x1d\x06\x83\xcb_\xfc\xff\x0d.\x07^\
\x0aS\x9ba\xe2\xd1\xfc\x1a\x02\xb9\x10v\xdc\x07r4\
\x0c$\xbc\x81W\x17\xc6\xa7\x022\xaeU\xa0\xea:.\
w&\x9e?)\xd2\xd5\xce\xc1\xe7\xb1\x19\x00\xd3W\xe4\
\x93\x9fl\x88\xb8\x0f`\x15\x02M\x1f\xd1\x9d}6\x03\
P\x1a\x82\x15'\xec\xf9\xe6\xff\x1coW\x97\xbd\x13\xc0\
\xcbq\x89C\x81\xed\xf7Cs&\xe1\x85\xbc\xf8\xe7\xce\
\x98\xeb\x22y\x12\x91\xa7\xd2\x18\xdb\x12\x00\xd3w\xe4s\
\x9f\xfc\x91\xa2W\xe5\x1d\x871m\xdb\x91\xfd\x8d\xa5k\
\x9e\x1fO\xf5\xb7;\xc5_\x1a\x8ak\xeb\xe7Y\xeeH\
\x1d\xec|$\xf9u\xfa%\x01\xf0\xfc\xc4\xd3\xff`\x09\
\x80\xe9S\x9e7\xf0\x11\x94\xc7\xf3\x8e\xc3\x98\xb6LV\
\xa1\xde'+\xae\xa3\x87\xc6\xeb\xfe\x9d(\x8f\xc0\x82\x03\
z\x13O\xbb\xea\xe3\xd0Lx\x96\xbf\x9c}\x02\x10E\
]l\x00D\xff\xbf4\xc6\xb6\x04\xc0\xf4%\xf9\xec_\
L\x08\xf2N \xa7\xc5Gc:\xa0\xc0\xb6\x91\xbc\xa3\
\xd8?/\x80\xa1.\xebm\xe5|\x96\x1e\x80\xda\x8ed\
\xaf\xf7\xb3/\xda\xe4\x5cg=}D\xc4\x05\xaf\xbd+\
\x95N\xa9\x96\x00\x98\xbe%W}\xfc\xc7\xaa\xfcy\xde\
q\x18\xd3\x0e\xdd\xda\x07\x09@uQ\xbc\x11\xae\x1b~\
%\xdeH\x97\xa7F\xc2}\x00\x92\xed^\x06\x17u\xde\
\xd0O\xc4\xdb\x92\xc6\x06@\xb0\x04\xc0\xf49\xef\xa0E\
\xff\x1d\x92\x9f\x875\xa6\xe76-\xc8;\x82\xfd+\x0d\
${\xfd>7\x0df\xc05\x93\xbd\xbe\xdb\xe4\xa7K\
Q\x87O\xff\x00\x9e/7\xa45\xbe%\x00\xa6\xaf\xc9\
\xbau\xa18\xef\x1d\x08\xf9\x15\xf26\xa6\x1dcCP\
+z_\x00?\xd9\xcb\x07\x97e~\x13}\x1e?\xe9\
>\x8blW\x14\xa3.f\x00<-\xff}Z\xe3[\
}J3'\xe8\xfb\xafx\x87\xaa~%\xef8\x0a\xcb\
\xf3P?\xe1\x87\xbb*\xd2]\xc9\xd2br\x0e2\xfe\
y\xe4\xf4G\xe0\xa5)\x15\xae\xe9\x85\xe1\xd5\xb0\xf8\xf0\
d\xd7\x98x<\xae\xdb\x9f\x87\x91\x83\xe2\xda\x05\xdd\xaa\
m\x8f+\x0cf@Qj3\x9d=\xb7\x88x\xad\xc1\
\xf3\xeeK-\x8b\xec\x93m\xa9\xc6\xec\x9b|\xee\xe3_\
\x8d\xdew\xc5)\x82~0\xefX\x0a\xc99\xa4\x9b\x86\
#&U\xbaq\x11R\xe4\x04\xa0\x99\xb8\xc3,,8\
\x18f\xb6\xf4\xaeq\xcf\xbe\x0c\xafH\xf6\xfa(\xe1\x12\
B'C\x85]<\xfd{~\xaa\xd9\x89-\x01\x989\
\xc3\xf3f?\x0c\x5c\x9fw\x1c\xc6\xec\xd5\xc6Q\x08\x0b\
\xfc\xb1\xdb\x9cJ~\x13\x14\x0f\x96\x1f\x0b~\xc6\xc5\x81\
F\x0eH~\x8e\xbf5\x9bN,m\x88\xa2\xce\xdb\x9a\
x\x9e\xf7\xe94c(\xf0;\xd1\x98\xce\xc8g?\xdb\
\x12x+\xf0t\xde\xb1\x18\xb3G\xa1\x07O-\xca;\
\x8a}\xab\x8f%\xbfF0\x00K\xd7d\x97\x04\x0c,\
\x81\xd1\x04S\xff\xcf\x0a\x8b\x9b\x00\x88xQ\xe9\xb5w\
\xa6Z\x00\xcd\x12\x003\xa7\xc8\xe7?\xb1E\x9c\x5c\x04\
d7\x97gL\x07\xf4\x89\xc5y\x87\xb0o3F\xeb\
\x07\x9b\x00\x00 \x00IDAT\x9b\xd3\xb9Ne\x01\
\xac<1.\x12\xd43\x127*Zvt\xf2\xcd\x87\
\xaa\xd0Ha\x09\xa4\x0da\xd8\xea\xb8\x98\xb9\xe7\xfbw\
\xa6u\xfc\xef\xb9k\xa6y1c\x8a@\xbe\xf0\xf1\x9b\
D\xf4\xf2\xbc\xe30f\x8f6\x8e\x16\xbb*`}\x02\
ZI\xeb\xea\xef\xe2W\xe2^\x01\x8b\x8f\x88\xff=M\
\x03\x8b\xe2\x04c\xf40R\xd9\xcf\xde\x9c\x88\x9b\x0be\
 \x0a;\x7f>\x11?\xf8\xcb\xb4\xe3\xb0S\x00f\xce\
\x8a\xde\x7f\xc5_\x8a\xeaG\xf2\x8e\xc3\x98\x17\x92\x93\x9e\
\x80\xa3Rz\xd2\xee\x85\x91\xd5\xb0(\xe1i\x80\x17r\
Q<\xbb0\xb3\xb5\xfb\x92\xbdA5\xee\xfa7\xb2:\
^fH\xd3\xceG`rc\xba\xd7\xdc\x03U\xa5V\
\x9b\xech\x06\xc0\xf3\xbc\xe9\x81\xd7\xdf\x97\xfaT\x8a%\
\x00f\xceR\x10\xf7\xbe\xcb\xbf\x22\xf0\x1by\xc7b\xcc\
\xf3,\xac#o\xba\xab\xc0\x9f\xc0\x1e\xac>\xa9\xf3\x9e\
\x00\xed\x0a\xeb\xbbj\xf7OCk\x1a\xc2Z\xdc\xd0\xe7\
\xd9\xc68\x9e\x1fw\x18\xf4\xabP\x1a\x8ck\xf4WF\
\xe3\x7f\xef\x05\x17\xc137g2\x03\xd0j\xd5i5\
\x1b\x1d\xbd&\xf0K_\xae\x9c{\xf7{\xd2\x8e\xa5\xc0\
\xf3P\xc6$#\xa0\x1aN\x5c\xaa\xc1\xc2C\x80W\xe7\
\x1d\x8f1\xcf\x99\xa8\xc2\xd6\x11X\x91\xcd\x9as\xe7\x5c\
|\x9e\x7f\xc9\x91\xbd\xb9|P\x85\xe1\xbd\xf5\x1cpd\
\xbe:=\xb3%\xa3\xe9\x7f%lu6\xfd/\xa0\xe5\
\x91\x81?\xe8E4\xb6\x07\xc0\xccir\xf5\xd5ui\
\x86\xbf\x8a\xf2P\xde\xb1\x18\xb3;\xbd\xaf\xcb\xa6;Y\
\x99\xd9\x1a\xef\x07\xc8\x5c\xc6\xb7%\x17\xc1\xe4\x93\x99\x0c\
\x15\x86-\xb4\xc3\xe2S\xbeW\xbaE\xd6\xde\xb2\xa5\x17\
\xf1X\x02`\xe6<\xf9\xf2\xa7v\x08\xde\xf9\xc0\xa6\xbc\
c1\xe69\x1b\x17\xc1D\xca\xeb\xd8\xa9R\x18{\xe0\
\x17\xd3\xf2s\xd5\xe4\x93\x10u6%\xdf\xad\xb0\xd5\xf9\
8\x82\xebYq3K\x00\xcc\xbc W}\xecaq\
\x9c\x0d\xf4$\x936\xa6c\x0az_\xc2\xcau\xbd\x16\
\xd6a\xfc\xe1\xbc\xa3\xe8\x9d\xe6t&\x1b\xff >\xf7\
\xef:\xac\xc6\xe9\xfb\xc1\xc3\xe5\xd7\xdf{[\x8fB\xb2\
\x04\xc0\xcc\x1f\xf2\x85O<(\xce\x9d\x07\x8c\xe7\x1d\x8b\
1\xa8\xa27y\xb0\xb3\xe0[\xb1f6\xc3\xd43y\
G\x91>\x17\xc2\xf6\x9fA\xbaG\xeb\xf7\xaa\xd5\xec\xf4\
\xe8\x9f\xe0{\xde\xef\xf4$\x98],\x010\xf3\x8a|\
\xe1\x93w\x09\xee|`:\xefX\xcc|\xa6\xb0}\x0c\
j-tC\x1f\xb4\x09\x1e\x7f\x18j)T\x08,\x0c\
\x07\xdb\xef\x8fO\x1fd \x8aB\x5c\x87\x9b\x0c\xfd\xc0\
\x7f\xb0\xf4\xba\xbb\xbe\xd7\xa3\x90\x00K\x00\xcc<$\x9f\
\xff\xe4\xcd\xa2\xfak@6\xbf\xfd\xc6\xecN\x81\xed;\
\xd1z\xbc\x1e\xacw\x0f\xc1X\xc1g\x01\xd0\xb8K^\
\x1ae\x82\xf3\xa6\xc0\xf6\x07\xb2\xfbY\x14Z\xcd\xce?\
j|\xf1/\xe9A4\xcfc\x09\x80\x99\x97\xe4\xaa\xff\
\xf3}\xc1;\x0f\xa1\xcb\x8a$\xc6tCa\xc7\x18Z\
\xdb\xed\x86\xe0@\x7f0\x9a_Hmsq\x120\xbb\
-\xef@\xba\xe7\x22\xd8\x91\xed\xcf\x10F\xcd\x8e\xd7\xfe\
\x83R\xe9\xd6\xd2\xeb\xee\xbc\xb1G!=\xc7\x12\x003\
o\xc9\xe7?v\x83D\xde\xeb\x80\x1dy\xc7b\xe6\x01\
U\xd86\x86\xd6^\xdc&W\x1f\x18@\x1f\xedQ\xd1\
\x9d4\xe9\xae\xa9\xf3\x8c\x8e\xcd\xa5*l\xc0\xd6;a\
6\xc3v\xccJ\xc7E\x7f\x04\x5c\x14\xba\xb7\xf4(\xa2\
\xe7\xb1\x04\xc0\xcck\xf2\x85\x8f\xdd&\xe2\x9d\x89\x1d\x11\
4\xbd\xe4\xe25\xffg\xa7\xfd\xf7D\xaf\x19\xcdj?\
ZB\x0a;\x1f\x83\xadw'o\x1d\x9c\x95\xd9m\xb0\
\xe5\xf6x\xd7\x7f\x86Z\xad:\xaa\x1d\xee\xfc\xf7J\xff\
0x\xde\xbdO\xf5(\xa4\xe7)l!Jc\xb2\xa4\
\x97\x5c\xfer\xf5\xb8\x1680\xefX\xcc\x1c\xe3\x1c\xba\
m\x0c\xda\xd8\x05.\xe7\xedDN*ju\xc0=\xf0\
+q3\x9e\xa1\xe5yG\xb2gQ\x03\xc6\x1e\x82Z\
\xf6\x93|\xaa\x8e\xda\xec4\x9d\x14\xfd\xf7<\x7f\xbaZ\
\xbaw\x91\x9cM&]\x89l\x06\xc0\x18v\x1d\x11\x0c\
\xe4\x0c\x84\x9f\xe5\x1d\x8b\x99C\xc2\x08\xdd\xba\xbd\xad\x9b\
?\x80\xfe`\x01\x8c\x17}C\xe0n\xa2\x06\xec\xb8?\
\x9eZo\xa6\xd4A0\x0d.\x84\x89'`\xd3m\xb9\
\xdc\xfc\x01\x9a\x8d\x1a\x9d\xf6\xfc\xf5<yWV7\x7f\
\xb0\x19\x00c\x9eG/\xf9\x83\x11\xf5\x1a_\x07\xde\x90\
w,\xa6\xcf5\x9b\xe8\xf61\x88:\x9b\x02\x96\x97\xd6\
\x91_\xef\xd3\x8dv\x03K`\xc1\xc1P\xc9\xe9hc\
\xd4\x82\xe9g`\xea\xa9\x5c+\x18\x86\xad&\xcd\x0ew\
\xfe\xfbA\xe9\xfa\xea9w\x9f\xd9\xa3\x90\xf6\xc8\x12\x00\
c^@\xd7\xad\x0b\xdc\xc6\x9d\x9f\x12\xf4\xb2\xbcc1\
\xfdI\xeb\x0d\xd8>\x1eo\x9a\xeb\x82\xbcq\x0c9\xbe\
@O\xd4\x9d\xaa,\x8c\x97\x05\x06\x97\x83\xd7\xe3\x19\x0d\
u\xf1S\xfe\xec\xd6\xf8\x9f\x1d\xd6\xdaO?\x1cG\xbd\
>\xddQ\xcd\x7f\xcf\xf3j\xd5px\xa5\x9c\x7fK\xa6\
\xa7\x92,\x010f/\xf4\xfd\x1f\xba\x5cU>\x86\xfd\
\x9e\x98\x0e\xe8\xf4\x0c\x8c'l\xa2Srx\xef\xdf\x0a\
\x8b[\xe9\x04\x95\x17\x11\xa8.\x86\xea\x22\xa8\x8eBi\
(\x9d\xeb\xb6f\xa01\x117+\xaa\xef(P\xbf\x02\
\xa5^\x9f\xc5E\x1d\xcc\xe2\x8b\x10P\xbe\xa0r\xde\x9d\
\xff\xda\xbb\xb8\xf62t\xd6\x03\x1a\xd3O\xf4\xd2\xcb\x7f\
C\x85\xcf\x01=jDn\xe6\x0cU\xd89\x81N\xcf\
\xa6s\xbdUM\xbc\x8b\xb7\x82\x9f\xef\x13m\xaaFV\
\xc3\xa2\xc3\xbb\x7f}}\x07\xecx0\x9e\xea/\xa0V\
\xab\xde\xf1\xb1\xbf\xc0/}\xadr\xee\xddo\xefQH\
\xfbd\x9b\x00\x8d\xf9\xbf\xed\xddy\x9c\x1dU\x997\xf0\
\xdfs\xaa\xean}{\x0d\xbb\x84%\xdd\x81\x90N\xd2\
\xa4;\x81\x90\xb0%t\x00\x19qtf\xc0\xd1QF\
\x1d\xc7\x017\xc4\x15\x1d\x17\xdcPgp\x06\xd0\xd1\x17\
\x04\x86et\x14\x14\x17\xc0\x19F \x90\xb0\x93\xa5\xbb\
cw\x02YX\xb2\xef\xbd\xde\xad\xaa\xce\xf3\xfe\xd1\x01\
#&\xe9\xea\xdb\xb7\xee\xb9\xcb\xf3\xfd\xc7\x8f\xa1\xfa\xd6\
\xaf\x93\xee{\x9e{\xea<\xe7\x1c\x06\xdd~\xd3O\x09\
8\x0b\xc0\x06\xd3YD\x09\xf35x\xe7\x9e\xc2\x0d\xfe\
\x00\xb0-\x02^R_\xb8\xd7+\x05\xe3\xdc\x10\xe7\xcf\
\xf8n\xc9\x0e\xfe\xda\xf7\xc7\xbd\xdf\xbfR\xf6\xe6Hg\
\xcf{B\x8a4\xf6\xfdM\xddX\x88rA\xb7\xdd\xd4\
Ci\xdd\x0e\xe0W\xa6\xb3\x88\x12\x94s\xc1;w\x05\
^\xe9?\x1e\xfcl-\xb8W&\x9fJ\x1d3#\x9b\
Ka\x5c-\x7f\xa4rl\xa9yD\xe6v\x7f\x90\x02\
@\x88\x00\xe8'\xdf\x1f\xa4\xdbn\xfak\x22\x5c\x8b2\
\xd9\xaeE\x84\x8f\x87GF\xdb\xfc\xbc\xf0\x9eA\xf3C\
M\xc0.'\xb4\xd7/\xaa\x8a|\xe8\xcc\xc8fF\xc0\
\xe3\x98\xdd \x22&\xc7yg\xe2\x82\xee-!\x06\x1b\
\x93\x14\x00B\x04D\x00\xd3\x8fo\xfa.\x11.\x01\xb0\
\xddt\x1ea\x90\xd6\xc0\x9e\xbd\xa3\x8b\xfd\xc2^u\x9e\
#\xe8\x9f\x1d\x01\x1e\xb1\xc2\xbdO1Lt\xfa\xbe\x04\
\xa7\xffs\xd9\x0c\xf48\x17!Zv\xe4\xeb\xb1E]\
\xbf\x0b)R`R\x00\x081N\xf4\xe3\x9b\x1e&_\
\xcf\x02\xe3\xb7\xa6\xb3\x08\x03r9\xf0\x8e]\xe0\xd4\x9f\
\xef\xe9\x1f\x16\xca$\xb6\xd2\x8e\xf8;\x00\x94qo \
\x00o\x82k$\xdc\xd2\xfa\xf6]7\x03\xcf\x1b\xdf\xa3\
\x1f\xdbr~\x1e\xbd\xa0\xeb\xbap\x12\x8dOEN\xc8\
\x08Q,\xfc\xa1\xab\xaf`\xe0\x87\x00\x0a\xd4\xdf$J\
\x163xh\x18\x18\x1c.^\xaf9\x11(\x11\xff\xa5\
\xba\xff\xae\xbf\x01\x00^v\xd6;\x01\xbe\x0f@\xf9N\
\x07\x1c;\x17p\xf2X\xd7\xc0\x0cl}\xa6df\x01\
</\xb7\x7f\xb7\xbf\xe0l\xe5<\x1b\xbd\xb0\xe7\xac\x90\
\x22\x8d\x9b\xcc\x00\x081\x01t\xdbMw\x13h.\x80\
.\xd3YD\x88<o\xf4Y\xff\xc0P\xf1\x06\xffH\
dH\xd5\xd6]\xf8\xfa\xe0\x0f\x00t\xce3\xbf\x02\xe8\
\x83(\xe7u(\xf9\x9e$8\xbc\xadd\x06\x7f\xdf\xf7\
\xc6=\xf8[\xb6\xfdbdq\xcf\x82\x90\x22\xe5E\x0a\
\x00!&\x88n\xbbq\x0d\xa9\xf4\x19\xfb\x17\x08\x16o\
^X\x84\x8f\x19<8\x0c\xde\xbe\x0b\xc8\x15k\xf0!\
PM\xe2\x11uR\xd3\x91t\xdfm\xbf\xff\xb3\xffz\
\xce3w\x03\xfc\x89\x22\x85)\xbc\x91\x9d@f\xef\xf8\
\xbe\xc6\xcb\x00\x03\xaf\x84\x12g\xbc|\xdfC63\xbe\
G\x19\x96\xb2_\x89Z\xabg\x98\x5c\xf1\x7f0\xf2\x08\
@\x88\x02\xe2\x7f\xb8\xa6\x85I\xdf\x02`\x91\xe9,b\
\x82<\x0f\xbc\xa7?\x94\xf6\xbeC\xa1\x88\xd3O\x91\xd8\
e\xf4\xcb;\x1e\x19\xebZ^:\xef\x1a\x10\xbe\x87r\
|\x1fW6p\xc4\x0c \x16`\x9f\x03/\x03\xecZ\
\x0d\xb8\x05\xdcc!O\x7f\x1c\xfc\xc7\xd1\xeeg\xd9\xaf\
\xc5\xecI\xa7\xd2\xc2\xc7K\xee\xc3A\xf9\xfd\xe0\x08Q\
\xe2\x18 |\xe8\xea\xf71\xf0\xef\x00\x9aL\xe7\x11\xe3\
\xc4\x0c\x0c\x0e\x8d>\xef/\xd6&|D\x8cD\xec\xbf\
\xd5\xfdw\xbf\x8f\xc61\xbd\xcf\xcb\xce\xfc0@?B\
Y\xce\xe6\x12P\x7f\x02P;\x19P\x07[\xd2\xc0\xc0\
\xf0\x0e``cIL\xfd\xfb\xbe\x8blf|'\xfc\
Y\x96\xfdr\xd4\x9e4\xbd\x14\x07\x7f@\x0a\x00!B\
\xc3W^\xf3\x16\xed\xe9\xef\x11p9\xe4w\xad,p\
:\x03\xf4\x0f\x84\xda\xd7\xfff\x14\x8bm\xa0X\xe4\x1d\
\xf4\xf3\xdb\xff\x90\xcf\xd7\xf3\xd23\xdf\x0b\xa2;\x00\x94\
\xe7f\x01\xca\x02b\x93FO\x10T\x0e\xc0.\x90K\
\x8d>&\xf0Jc\xdc\xf4<\x17\xb9\xec8\xa7\xfd-\
\xa7+\xda\xd9\xd3Qj\xd3\xfe\x07\x927%!B\xc6\
\xffp\xcd\x19L\xfa&\x00\xf3Lg\x11\x87\xe0y@\
\xff\xe0h\x01P,\x11gXE\x22W\xd3/\xef\xbc\
c\xa2/\xc5\xcb\xe6u\x82\xf0\x0b0*l\xef`\xf3\
<7\x87\x9c\x9b\x1e\xd7l\x90e9O\xc4\x16\xf7\x9c\
\x1fZ\xa8\x02\x91\x02@\x88\x228\xe0\xb1\xc0w\x01\x1c\
c:\x8f\xd8O30T\xe4\xe9~K\xf9\x88\xc5n\
W\xf7\xdfu\xd5x\xa6\xfb\xc7\xc2O\xcd\x9f\x01\xad\x1f\
\x02pB\xa1^\xb3\xda\xe5\xb2\xe9q\xf7\xf9;\x96\xfd\
\xfd\xc8\xe2\xd5e\xb1HS\x0a\x00!\x8a\x88?\xf8\xb9\
Z\xad\xb2_$\xe0\x13\x90\x13\x06\xcda\x1e=\xb6w\
ph\xb4\x08(\x06\x22\xe6xd\x99e;\x7fC\xf7\
\xfd\xe7\xae0n\xc1K;\x8e\x059\xf7\x01(\xa9v\
\xb3r\xc3\xac\x91\xcb\xa4\xe0\x8fc\x87?\x22\xe5\xd9V\
\xecC\x91\xce\x15w\x85\x18\xad\xa0\xa4\x00\x10\xc2\x00\xfe\
\xc0\xc7\x8f\xd4J}\x9a\x08\x9f\x00\x107\x9d\xa7\x9ap\
*\x0d\x0c\x0c\x16\xef9?\x11(\x16[A\xd1\xc8\xfb\
\xe8\xe7\xb7\xad\x09\xfbv\xbc\xe4|\x1bv\xe6\x9b\x00>\
\x1f\xf6\xbd*\x91\xd6>\xb2\x99\x14\x98\xc7\xb1\xb7\xbfe\
\xf5[v\xec\x9c\xe8\xc2\xe5y\xad\xe30E\x0a\x00!\
\x0c\xe2+?s\x94v\xddO\x11\xe1j\x001\xd3y\
*\x19\xa7\xd3@\xff\xd0\xe8\xf3\xfeb \x02\xc5\xa2k\
\xc8\xb1\xdeC\xf7\xddY\xf4\x8d\xa2x\xd9Y\xef\x06\xf1\
\x8fd]@p\x9e\x9bC.\x97A\xf0\xe7A\x04\xcb\
\xb6\x9f\x8c\xee\xf5/\xa0\xcb{\x8b\xd7/Z R\x00\
\x08Q\x02\xf8\xcaO\x9e\xa4=|\x81\xc0W@\x0a\x81\
\xc2a\x1e\xfd\xc4?8\x5c\xc4\x81\x1f\xa0X\xac\x9bb\
\x91\x0f\xd0\xcfn_U\x9c\x9b\x1e\x1c?y\xf6\x09\x80\
{\x0f\x98\xce5\x99\xa3\xd41k\xe4\xb2\x19\xf8\xe3h\
7\x1c\x9d\xf2\x8f|:\xd2\xb9\xea\xe6\x10\xa3\x85J\x0a\
\x00!J\x08\x7f\xe0\xe3Gj\xcb\xfa(\x81?\x0a\xe0\
\x08\xd3y\xca\x16k\xf0H\x06\x18*\xe2\xc0o)\xcd\
\x8e\xf3\x8c\xa5\xad\x7f\xa2\x07\xee\xea-\xceM\xc7\xc6\xf7\
^f\xe1\xd8M_\x00\xf0%\x00Q\xd3yJ\x8d\xef\
\xbb\xc8e\xd3\xe0ql\xf1lY\xf6FV\xb5\x8b\xe2\
\x17<\xfdj\x88\xd1B'\x05\x80\x10%\x88?\xfe\xf1\
(\xd2\xea]\x0c\x5c\x0b\xe04\xd3y\xca\x86\xef\x83G\
R\xa3\x03\x7f\xb1\x16\xf79v\x16N\xe47\xaa\xc9\xbe\
\x8an\xbf}\x9c{\xdc\x16\x0f?}V\x0b|\xbe\x15\
\xc0B\xd3YJ\x013\xc3\xcd\xa5\xe1y\xe3\xfb\xd4o\
Y\xceW\xa3\x9d]\xd7\x87\x18\xadh\xa4\x00\x10\xa2\x84\
\xf1u\xd7)l\x1a\xf8\x0b&\xff\x1f\x01\xba\x04\xe5|\
\x0a\x5c\x888\x93\x05\x8d\x8c\x80\xd3\xd9\xa2\x1d\xd6C\xd1\
\xc8V\x8a:7\xe2\xbe;o\xa0\xe25\x11N\x083\
\x14\x9e\x9a\xf7ah|\x13\x84I\xa6\xf3\x98\xc1\xf0\x5c\
\x17\xae\x9b\x19\xd7\xa7~\xdbq\x9e\x8fx\xb8\x94.\xea\
\xd9\x19b\xb8\xa2\x92\x02@\x882\xc1\x1f\xfe\xe4\xb1`\
\xbe\x82\x19\xff\x08\xa0\xd9t\x1e\xe3|\x1f<\x92\x06F\
R\xc5\x9b\xe6\xb7\xed\x1cG\x9cg\xac\x88\xba\x96~~\
\xe7\xb3\xc5\xb9i\xe1\xf1\xb2\xb3\x1b\x01\xef\xf3\x00\xae\x01\
\x101\x9d\xa7X\xb4\xf6\x90\xcbf\xa0\xc7\xd1\xde\xa7\x94\
\xbd\xcb\xb1\xec\xbf\xb7/X\xf5?!F3B\x0a\x00\
!\xca\x0c_w\x9d\xc2\xe6}\x17h\xe0\xfd\x04\xbc\x1d\
@\xd2t\xa6\xa2a\x06\xa73\xa0T\x1a\x9c)\xd2\xa7\
}\x22\xa6h\xf4%\x8a:7\xe2\xde;n)\x97O\
\xfbA\xf0\x13\xf3N\x83\xc2\xd7\x00\xfc\x0d*x<\xd0\
\xda\x87\x9b\xcb\x8ek\x91\x9fRjX)\xe7\x1b\xd1\xce\
\xae\x7f\x091\x9aQ\x15\xfb\x0f.D5\xe0\xf7\xbf?\
\x06\xabq\xb1V|\x191\xbf\x13\x15Y\x0c08\x9d\
\x1d\x1d\xf4\xd3\x99\xa2\x0c\xfaL\x04\x8aD\xb6!b\xdd\
\xaf\xc8\xfe\x0a\xddW\xba\xcf\xf6\x0b\x81\x97\x9d\xd1\x06V\
_\x07\xe1RT\xd0\xb8\xa0\xb5\x86\xe7f\xe0\xf9n\xe0\
\xb2M)+\xa5l\xeb\x86\xe8\xa2\xee\xaf\x86\x9b\xce\xbc\
\x8a\xf9\x87\x16\xa2\xda\xf1\xfb>S\x83X\xeeR\xd6\xf4\
7PX\x0cF\x9d\xe9Ly\xd3\x1a\x9c\xc9\x812\x99\
\xd1\xfe\xfdb,\xe8\xb3,M\x11\xe7ev\xec\x9f\xa9\
\x1a\xbe\x81\xee\xbc\xb3?\xfc\x9b\x96\x16~\xe2\xcc\xa9P\
\xf41\x00\x1fF\x19\xb7\xa3j\xed\xc3s\xb3\xf0<\x0f\
AG~\xa5\xacAeY7G\x16u\x7f\xb5\x94\x0f\
\xf0)$)\x00\x84\xa8@|\xd9e\x16\xea\x8f=]\
C]J\xe0\xb7\x01hG\xa9\xff\xbe{\xde\xe8'\xfd\
L\x06\x9c\xc9\xa1(3\xed\xb6\x9d\xa1\x88\xd3E\x11\xfb\
\xa78\xaa\xe6V\xfa\xfe\xf7\xb3\xe1\xdf\xb4\xf4\xf1\x93\x0b\
\x8e\x03\xfb\x1f\x01\xf0\x01\x00\xc7\x99\xce\x13\x083<\xdf\
\x83\xe7e\xa1\xfd\x80\xcf\xf8\x09lY\xf6KD\xd6\x97\
\xa3\x17t\xdd\x17n\xc0\xd2S\xdao\x08B\x88\x82\xe0\
\x0f~\xec8(u\x91\x86:\x8f\xc0\x0b\x00\xb4\x98\xce\
\x04\xdf\x07\xe7r\xa0Lvt\xf5~\xd07\xed\x89\xb0\
l\x17\x11k#,\xeb\xf7JY?\xa0\xfb\xeex1\
\xfc\x9b\x96/^r\xbe\x0d's\x09F\x17\x9e^\x84\
\x12<rXk\x1f\x9e\x97\x83\xef\xb9\x81W\xf5+e\
\x0d+R\xbf\xf2|\xe7\xf35\x17\xaf\xd8\x16r\xc4\x92\
%\x05\x80\x10U\x88?t\xf5\xd1\x00-\xd0\xac\x17\x10\
\xd1|\x00\x1d\x08\xf3\xcd\x9d\x19\xc8\xb9\xa3\x03~.\x07\
\xce\xb9\xa1\xef\xc5\xcfJ\x81\x1ck\x80\x94\xfd\x22[x\
Li\xfc'\xfd\xea\xee\x97B\xbdi\x05\xe3\xa7\xcfj\
\x82\xc6;\xa1q9\x88\x17\x01\xb0Me\xd1\xda\x87\xef\
\xbb\xf0<\x17\xac\x83\xcd\xd6+e\xa5\x88\xd4\xe3\x96\xe2\
\xef:\x17\xac^\x1ar\xc4\xb2 \x05\x80\x10\x02|\xdd\
u6^\x1b8\x01\x84VM\xdcA\xe0\x0e\x00\xd3\x01\
\x9c\x8c\xf1\xbeO\xf8>\xd8\xf5\x00\xd7\x05\xb9.8\xe7\
\x8d\xb6\xe9\x85\xb9x\xcf\xb2|\xb2\xac}\xb0\xad\x8dl\
Y\xcf\xaa(~\x8f\xa6\xe4\xefeJ?\x1c\xfc\xf0\xac\
\x1a$\x12\x8b\x00z\x1b\xc0o\x0509\xd4\xfb1C\
k\x0f\xbe\xef\xc1\xf7\xbc@\x07\xf5\x10\x11\x93\xb2v)\
\xa2%\xc4\xf6\x8d\x91\xc5+\xcb\xb6m3,R\x00\x08\
!\x0e\x89\xff\xe1\x9a&(\xdd\x0c\xf0\xc9\xd08I\x13\
\x9dD\xc0\xc9\xd08\x19\x9e{\x12\xe7\xdc(\xf9\x1e\xe0\
\xf9`\xcf\x1f\x1d\xe8\x03~\x22\x1b\x17\xa5\x18\x16\xe5@\
j\x90\x94\xb5\x0d6\xbd\xccd\xf5)E+`\xa9'\
\xe9\xbfo\xdbQ\xf8\x9b\x8a\xa0\xf8\x893\xa7\xc2\xa2\xf9\
\x00\xce\x06\xd3Y\x00\x9f\x8a\x09\xcc\x100kh\xdf\xdf\
?\xe8\xfb\x81\xfa\xf6\x89\x94GJmU\xcaz\x1e>\
\xdd\x1f\xe9\xcf\xfd\xb2\x1c\x0f\xe8)&)\x00\x84\x10y\
\xe3\xcb>\x5c\x0fG\xb7 \xe7M\xd1\xe0\x13\xc1j2\
A\x1f\x0b\x8d\xa4&\xc4\x14s\x5c\x83\x95b\x8a\x03l\
\x83xtP`\xf2\x00\xf24q\x1a\x80\xaf\x88\xd2`\
\xca2\xd1 \xc0\xdb\x94\xb26C\xf9\xaf\x80#\x1bp\
\xa4\xb3\x9e~\xf8\xc3a\xb3\xdf\xa9\x18\x0f\xfe\xdd[\xa3\
H\xeek\x85\xc2L0N\x03\xe3$\x10N\x02p\x12\
\x80\xa3\x81\xd1O\xf5\xccz\xf4\x7f\xb5\x0f\xcd\x1a\xac5\
\xb4\xf6\x0f\xf9,\x9f\x88\x98\x882 \x1a \xa8m\x04\
\xb5\x96l^\xea\xe5\xfc\x87\x12\x17\xfdaS\xd1\xbe\xc1\
\x0a!\x05\x80\x10B\x88\xa2\xe1{/\xb3\xb2M\xaf\x9c\
hQ\xae\x85\x95u\x1c\x80$k\xbf\x01Lu\xc4\xa3\
\xb3\x06L\x9c\x03h/\x93\xce\x91\xa6\xd7(\x82\x97\x9d\
\x91\xd8\x06\xba\xe4\xb9A\xc3\xf1\x85\x10B\x08!\x84\x10\
B\x08!\x84\x10B\x08!\x84\x10B\x08!\x84\x10B\
\x08!\x84\x10B\x08!\x84\x10B\x08!\x84\x10B\x08\
!\x84\x10B\x08!\x84\x10B\x08!\x84\x10B\x08!\
\x84\x10B\x08!\x84\x10B\x08!\x84\x10B\x08!\x84\
\x10B\x08!\x84\x10B\x08!\x84\x10B\x08!\x84\x10\
B\x08!\x84\x10B\x08!\x84\x10B\x08Q\x06\xc8t\
\x00!\xf2\xc1\xab\x964\x0c\xc4\x13\x8d\x8a\xfc\xa8\x93\xf5\
\x8e\xd6\x96=\xe8ZV\x7f\xc3\xb43_6\x9dM\x08\
!\xca\x81\x14\x00\xa2d\xa5\xba\x1e}\x8bgE\xfe\x96\
|\x9c\x01\xd2\xd3Y\xf3q`]\xc3\x9a#`>\xf4\
\xcf.\x11+\xa52\xac0@dm\x01\xe3\x05\xc7\xb2\
\x1e\x8c\xce\xc8=L\xb4\xd0+\xe2\xb7 \x84\x10%K\
\x0a\x00Q2\x06V=1U)\xf5Q@_\xc8\x9e\
>\x99\xb5\x8e\x01\x5c\xb0\xd7'E\x0cK\xed`\x8b\x1e\
W\xae\xf3\xa3\xda\xf6\x05K\x0b\xf6\xe2B\x08Qf\xa4\
\x00\x10F\x0d\xafzr1\x93\xffY\xd6\xfa,\xd6~\
\xb2\x80\xe3\xfd\x98\x88T\x86\x1c\xfbI\xb2\xed\xef$[\
\xe7?Z\xbc;\x0b!\x84yR\x00\x88\xa2\xeb_\xfd\
h\xb3\xa5\x9d\x7fc\xcf_\xcc\xda\x8f\x9b\xce\x03\x00\xb0\
T\xca\xb2#K\xb4\xa3\xae\xaf;m\xfe\xd3\xa6\xe3\x08\
!D\xd8\xa4\x00\x10E3\xd8\xf3\xd4\x07\x88\xfdku\
\xce=\xa5\x90S\xfb\x85FJ\xa5a;\x8fZ\x8e\xfd\
\xd5\x9a\xe9g\xad4\x9dG\x08!\xc2 \x05\x80\x08\xd5\
\xc8\xf2\xa5\xc7z\x0e}O\xf9\xde;\xb4_\x22\x9f\xf6\
\x03#(\xc7\xdeK\xa4~\xa58\xf7\xd5\xc4\xe9\x17l\
1\x9dH\x08!\x0aE\x0a\x00\x11\x8a\x91\xe5K\x8f\xf5\
#t;\xe7r\x17\x1fv\xc5~\x99`\x02,\xcb\xde\
\xc1\x96\xfai\xad\xe5\x7f\x85Z\x17\x0e\x9b\xce$\x84\x10\
\x13Q\xf6o\xcc\xa2\xb4\x0c\xaczb*)\xfc\x98]\
\xef\xdcJ\x18\xf8\x0f\x8a\x88\xc9\xb6^\x86R\xb7\xd4\xce\
<\xe7\x06\x22\xd2\xa6#\x09!\xc4xU\xe6\x1b\xb4(\
\xba\xa1\xde\xa5\xd3\xd9\xc3\x1dp\xdd3\xb8R\x07\xfe\x83\
 \xa5\x5c\xd8\xd63\x0a\xea\xdb\xc9\xb6s\xfe\xd7t\x1e\
!*\x0d3Sv\xfd\x8a)ZQ\x1b\xc0\x93\xc1j\
2\x18\xc7B\xf1\xf1`\xd4\x1cp\xa9&`\xb7\x06\xef\
\x22\xd0\x0e\x22\xac\xf1\x89V\xd6\xec\xd5}4g\x8ek\
\xec\x1b(aU\xf3F-\xc21\xf8\xe2\x92#(\xab\
~\xca\xae\xdf\xc9ZW\xf5\xcf\x13)\x95\x81e?\xaa\
\xd8\xfaRr\xf6\x82.\xd3y\x84(G{7,\xaf\
\x8f1-\x02\xe3\x5c\x10f\x13p:\x03\xf5\x13x\xc9\
\x0c3-\x83\xc2\xfd\xb0\xf4ojN\x9a\xb3\xad`a\
\xcb\x5cU\xbfa\x8b\xfc1/\xb1\x87\xff\xe0\xdc\xcc\xd9\
\xec\x87\x99\xd92\x9d\xa7\xa4\x10\xa0,g/\xd9\xeaW\
\x99\x88\xf5\xd5#N\x9d/\x8b\x07\x858\x04f\xa6\xf4\
\xcb\xcb\xe7\x12\xd3\xc5\xcc\xeaB\x80\xcf\x04`\x87t;\
\x0d\xf0\x03\x00\xffk\xa2e\xeeS!\xdd\xa3lH\x01\
 \xc6m\xb8\xfb\xc9\xcf\xb2\xef~\xad\xfcV\xf5\x17\xdf\
\xfe\xc5\x83[\xc8\xb2\xef\xa9\xb1\xdco\xc9\xe2A!F\
\x0doX>\x93\xa0\xdeM\xd0\x7f\x0b\xa6\x93\x0dDx\
B+|\x229\xa5\xa3\xc7\xc0\xbdK\x82\x14\x00\x22\xb0\
\x91\xbe'.\xf13\xfaN\xf6\xfd#Mg)K\xa4\
\x98l\xbb\x8fl\xfbG\xc9\xd6\xcd\xff\x8f\xe8r\xdft\
$!\x8aih}\xf7Q6\xb9\x1f\x04\xe3\xbd\x0cj\
5\x9d\x07\x80\x07\xe0\xc6\xb85\xf8e:ya\xc6t\
\x98b\x93\x02@\x8ci_\xdfS'\xda\xae\xf73\x9d\
s\xe7\x99\xceR)\x88\x94\x0fK\xfd\x81\x1c\xeb\xd6d\
\xeb\xd9?\x22\xa2\xd2\xdd\x19I\x88\x09\x1aY\xbf\xa2C\
\x01\x1ff\xe0}\x00Jq\xe6p\x15)zg|J\
\xfb\xab\xa6\x83\x14\x93\x14\x00\xe2\x90\x98\x97\xd8#\x7f\xb0\
o\xf5s\xb9\xbf\x87fe:O\xa5\x22KeI\xa9\
g\x88\xed\xeb\x93\xb3\xcf\xfe\xbd\xe9<B\x14\x02\xf7\xf6\
F2\xd1\xcc{\x18\xf8\x18\x80\x0e\xd3y\xc6F;\x98\
\xfd\xb7\xd6L\x9d\xbb\xcat\x92b\x91\x02@\x1c\xd4\xd0\
\xea'\xafd\xd7\xbd\x81}\xbff\xec\xabE\xa1\x90R\
i\xb2\xac\xa5L\xd6\xb7\xea\xda\xce^f:\x8f\x10\xe3\
\xc5//\x89\xa5\xfd\xba\x0f\x01\xf8\x1c\x80\xc9\xa6\xf3\x8c\
\xd3\x1eM\xbc0\xd9<g\xb5\xe9 \xc5 \x05\x80\xf8\
\x13\xa9\xbe'\xe7\xf9Y\xff\xe7\xdasO0\x9d\xa5\xda\
Q$\xb2\xdd\xae\xa9\xf9w\xf2\xec\xfb\xe2\xd3\xda^6\
\x9dG\x88\xc3\xe1\xee\xee\x9at\x8d{%@\x9f\x06p\
\xac\xe9<\x13\xb0\x93\x88\xe7\xc6\x9b\xe7\xbcf:H\xd8\
\xa4\x00\x10\x00\x00^\xf3\xdc\xa4a7\xf73\x9d\xcdv\
\x9a\xceR\xf5H\xc1\x8a\xc7\xa0\xa2\x11\x1c\xf0+\xba\x92\
\x98\x7fA\xca\xfaE\xacy\xf6:\x83\xe9\x84\xf8\x13\xfb\
?\xf1\x7f\x02\xc0g\x00T\xc6\x02a\xc2s\xf1L\xec\
\x5cjm\xcd\x99\x8e\x12&)\x00\xaa\x1c3\xd3H\xcf\
S\xdf\xd5^\xee\x1a\xd6:\xac\xde[\x11\x08AE#\
P\xf18\x88\x0e\xfb\xab\xd9C\xe0_(V\xbf\x8cN\
m\xef+V:!\x0e\xc4\xcc*\xb3~\xe5{\x98\xf0\
-\x00\x958cxC\xa2\xa5\xe3\xb3\xa6C\x84I\x0a\
\x80*6\xd0\xbd\xec\xdd\xe4{?b\xdf\x9f\xc8.[\
\xa2\x00\xc8q`%\x12 5\xce\xb5\x96\x8c\xb5 <\
@L\x0f\xc56\x0f<E\x0b\x17z\xe1$\x14\xe2\x8f\
\xd2\xeb\x97/d\xd0\xbf\xa2,\x16\xf7\xe5\xcd\xf3\xa1g\
\xd7\xb6\xcc\xfd\x83\xe9 a\x91\x02\xa0\x0a\x0d\xae}\xe1\
T\xca\xa4~\xa1=w\x06\xa4\xf9\xcc(R\x16\xac\x9a\
8\xc8v\x0a\xf1r\xfb\x00\xfe_\x90z\xc0\x8dd\x1e\
\xae\x9f<\x7fo!^T\x88\xd7e_^>\xcd\xd7\
\xf4/`\x5cj:K\x91,I\xb4t,2\x1d\x22\
,R\x00T\x11^\xbe<1d\x8f\xfc\x17<\xef\x1d\
\xd5t`OIR\x04+\x1a\x87\x8aF\xc3\xfa-\xf4\
\x01t1\xe3A\x10\x1e\xa8i\xe9X\x11\xca]DU\
\xd8\xf7\xf2\xaa\x86\xa8\xe7_\x0b\xa2O\x02\x88\x9a\xceS\
\x5c\xfa\xecJ\xdd6X\x06\x81*\xd1\xdf\xbd\xf4\x8b\xca\
\xf7\xbe\xc2\xbe\xae\xb2_\xde\xd2\xa3\xa2QX\xf18p\
\xf8\xe7\xfc\x85\xb6\x11\xa0\x075\xf8\x7fjF\xece\xd4\
\xd66R\xcc\x9b\x8b\xf2\xc4\xcc*\xb5~\xc5\x07\x89\xe8\
[\x00\x8e2\x9d\xc7\x08\xc2\x03\x89\xe6\x8e\xb7\x9b\x8e\x11\
\x06)\x00*\xdc\xf0\xaa'\x173\xbc;\xb4\xe7\x1do\
:K\xb5S\x8e3:\xf0[\xc6\xcfN\xf2\x01t\x81\
\xf9\x11\xa5\xd4#Q5\xf0d5n\x83*\x0eod\
\xc3\xaa\xb9\xc4\xfaf\x00\xd5\xbe\x03\xa8\x86o\x9d\x908\
\xf5\xf4\x8a;\xd4K\x0a\x80\x0a5\xbcq\xf5\xd1zh\
\xef\xcf9\xe7\x9eg:K\xb5#\xcb\x82\x8a\xc7\xa1\x9c\
\x82<\xe7\x0fC\x1a\xa0\x95`\xfd\xa4R\xea\x91h&\
\xba\xb4\xd2\xdb\x9f\xc4\xa1\x8d\xac]y\x1c\xd9\xfc\x1d\x00\
\xef\x85\x8c\x11\xa3\x08\xd7$\x9a;n4\x1d\xa3\xd0\xe4\
\x1f\xb7\xc20/\xb1GV\xdb\xb7\xf8n\xee\xfd\xb2}\
\xafY\x04\x82\x8aG\xa1b1\x94\xd9\xaf\xda\x10\x18O\
\x00x\x8c\xa1\x1fOl\x1e^-\xdd\x05\x95\x8f_^\
\x12\xcbxu\x9fb\x85/\x82!;\x80\xfe\xa9e\x89\
\x96\x8esM\x87(\xb4\xb2zW\x12\x877\xd8\xb3\xec\
\x03\xecy7\xc3\xf7\x93\xa6\xb3T7\x82\x8a8\xb0\xe2\
\x09@U\xc0\xaf\x18a\x04L]\x00V\x80\xf5\x93>\
\xd4\xe3\xb5S\xdbw\x99\x8e%\x0agd\xdd\x8aK\x89\
p#\x80)\xa6\xb3\x94\xa8\x5c<\xc1\x8dt\xdc\x9c\x94\
\xe9 \x85T\x01\xefNbd\xd5Ss}r\xefe\
\xd7;\xc9t\x96jG\x96\x05\xab\xa6\x06d\xfe9\x7f\
\xd8\xd6\x01X\x01`\x95\x22Z\x99\x8ddVJ\xdba\
\xf9\xc9\xae[9\xdd#\xbe\x89\x00\xd9\x01t\x0c\xc4z\
a|\xea\xdc\xc7M\xe7($)\x00\xca\x18\xf7>\xdd\
4\xec\xfb?\xd3\xd9\xecb\xd3Y\xaa\x1d)\x05\x15\x8f\
AE\xaa\xba\xc9\xe2\x150V\x10\xf0\xebX\x0d\xdf_\
i\x9f\x96*I\xff\xab=\x8d\x11\xd7\xbb\x0e\xe0\x8f\x00\
\x90\x1d@\x83 \xfed\xa2y\xceM\xa6c\x14RY\
\x17\x00==k\xce\xdb\xb5k\xe7\xb7\xb2\xd9\xdc,\xad\
\xbd$\xef\xdf\xd4F)+\xe38\xf6\x16\xdb\xb6\x7f\xeb\
8\xf4\xcds\xce9g\x9f\xd9\xa4\x857\xdc\xb3\xec\xbb\
\xdau?%\xdb\xf7\x9aEDP\xd1((\x1e\x03\x95\
\xf7\xafSA10H\xc0\x7f\x82\xed\x1b\x12S\xdb6\
\x9b\xce#F1\xdfk\xa564\x7f\x88\x80o\x028\
\xc2t\x9e2\xf3\x83DK\xc7\xc7M\x87(\xa4\xb2{\
\xc7bf\xea\xe9Y\xf3.\x8c\x1e59{hh\x10\
{\xf6\xec9\xe4\xf5J)\x1d\x8b%\x1eq\xdd\x91\xcb\
.\xb9\xe4\x92\xc1\xa2\x05\x0dI\x7f\xd7\x93\xef\x22\x9d\xbb\
\x05\xbe\x96\xed{\x0dS\x8e\x03\x95\xcf\xf6\xbd\xd5%\x07\
\xe0G\x19\xe2\xaf65\xcf\x190\x1d\xa6\x9a\xa57\xae\
8\x87\x99o\x06\xd3\xe9\xa6\xb3\x94#\x02\x1e\x8a\xb7t\
\xbc\xcdt\x8eB*\xab\x02\xa0\xa7g\xcdY\xcc\xfc\xef\
\x00\xce<\xf0\xcf\xb7l\xd9\x0c\xd7u\x0f\xfb\xb5\x8e\x13\
\xc9\xc4b\xf1\xbf[\xb4\xe8\xec\xfb\xc3\xcc\x18\x96\xc1\xae\
e\xa7\x00\xfa\x97,\xdb\xf7\x1aG\x965\xbao\xbf-\
\x93/\xc1\xd1\x0e0>\x96\x98\xda\xfe\x0b\xd3I\xaaM\
j\xfd\xf3\x93\x01\xeb_\x00\xbc\x0be\xf6\x9e_Z\xe8\
\xa9DK\xfb\xd9\xa6S\x14RY\xfc0tww\x1f\
\x0f8\xd7\xe3\x10}\xa9\xe9t\x1a;vl\x1f\xf3u\
\x88\x14'\x93\xc9\x8f-Zt\xce\x0fC\x88\x19\x0a~\
\xfa\xe9\xf8p\xd2\xbfS\xe7r\x97A\xb6\xef5K)\
X\xb1\xfd\xcf\xf9\xe5_\x22/\x04\xfc8\x16\xcd^M\
\x93\xe7\xa7Mg\xa9t\xbc\xe9\xe9x&\x1b\xf9\x0c\x83\
\xae\x05\x900\x9d\xa7\x02\xf4$Z:\xdaL\x87(\xa4\
\x92~\x1b[\xbbvmm6\xeb\x7f\x01\xa0k\x00\xc4\
\x0ew\xed\x8e\x1d\xdb\x91N\x8f\xfd\x9e\xa2\x94\xe2\xfa\xfa\
\xbaK\xcf=w\xc1C\x85\xca\x19\x96\xe1\xd5O~F\
\xe7\xdco\xb0\xf6\x0f\xfb\xbd\x8b\xf0\xa9h4\xc81\xbd\
\x22\x08\xc2s>\xdbo\xafmi\xdbi:J\xa5\x1a\
Y\xb7\xe2RR|\x13\x98N6\x9d\xa5R\x10\xb87\
\xde2g\x86\xe9\x1c\x85T\x92\xeff\xcc\xaczz\xd6\
\xbc\x17\xc0w\x01\x1c\x13\xe4kr9\x17[\xb7\x06[\
k\xe48N:\x1ew\x8eZ\xb8p\xe1\xf0\x04b\x86\
f\xb8\xe7\x99N\xf6\xb2wk\xdf;\xd6t\x96j\x97\
\xf71\xbdb,\xeb\xd8\xa3\xf3k\xa6\xb5o5\x1d\xa4\
\x92\x0coX>S1\xdd\x08\xa0bO\xb03hy\
\xa2\xa5c\xae\xe9\x10\x85Tr\xefj\xdd\xdd\xbd\x8b\xba\
\xbb\xd7\xae\x04p\x17\x02\x0e\xfe\x00\x10\x898\xa8\xad\xad\
\x0dt\xad\xeb\xbaq\xcf\xc3\xaf\xf3\x8c\x18\x9a\xe1\xde\xe7\
\x8f\x19\xecz\xe2)?;\xf2{\x19\xfc\xcd\x22\xcb\x82\
\x9dL\xc2N&e\xf0\x0f\xc7T\xd8\xfc\xc8\xd0\xba\x95\
G\x9a\x0eR\x09\x066=\xdd\x94\xda\xb0\xe2\x07\x8ai\
%d\xf0\x0f\x07\xa1\xe2\xdaZK\xe6\x9dm\xd5\xaa\xbe\
\xa9\xdd\xddk\xee\x05\xe8Q\x22\xce\xeb9Kcc#\
T\xc07\xebt:}\xc1c\x8f-;s\xec+\xc3\
\xc7\xccj\xa8g\xd9-~fh\x0b\xbb\xee|\xd3y\
\xaa\x1a\x11\xacx\x02v]\x1d\xa8t\xf7\xee\xaf\x08\x04\
\x9cf\x11\xff\x86{{#\xa6\xb3\x94+fV\xe9\xf5\
+\xafp\xb2\xd1\xb5`|\x14\xd2\xd3\x1f\x1eM\x15\xd7\
\xcej\xbc\x00\xe8\xe9\xe9i\xec\xea\xea\xfb\x8eRX\x0d\
\xf0e\x13y-\xa5,444\x04\xba\x96\x99\xe1y\
\xde=\x13\xb9_!\x0c\xae~\xf2\x1f\x86\xba\x1e\x1f\xd0\
\xd9\xec\x87e\xef~\xb3T4\x0a\xa7\xbe\x0e*V\xd5\
\x9b\xf9\x14\xdbY\xe9X\xe6\xdfL\x87(G\xe9u/\
\x9c\x9f\xde\xb0r\x15\x83\xef\x02 3)\xe1{\xcdt\
\x80B3\xb6\x06`\xc9\x92%\xf6\xa4I\xc7|\x90\x99\
\xbf\x89\x02\xfe\xf023\xb6l\xd9\x02\xcf;|[ \
0\xba\x89K]]\xfd\x15\xe7\x9f\xbf\xa0\xe8\x85\xc0\xc8\
\x9ag;\xfcl\xf6>v]Y\xa4c\x98\xb2mX\
\x89D)\x1c\xd3[\xadX3\xde\x9a\x9c\xda\xf1\xb0\xe9\
 \xe5 \xbdq\xe5\x89\xcc\xf8W\xf0\xc4>0\x89\xf1\
!\xf0\xfb\xe3-s\xee2\x9d\xa3\x90\x8c\x14\x00==\
}\x9d\xcc\xf8w\x00\xa1\xac\xa8L\xa5F\xb0sg\xb0\
\x05\xc6\x91Hd\xf0\xe2\x8b;\x1b\x89H\x87\x91\xe5\xcd\
x\xc3\xef\xebG\x86\xa3?\xd5\x9e\xfbV\xd6\xd2\xd6g\
\x12)\x05\x95H\x94\xf21\xbd\xd5\xe4\xd5\xf8\x88\xddJ\
mm#\xa6\x83\x94*\xde\xba<\x91\x1a\xa1\xcf\x11\xe1\
s\x00\xe2\xa6\xf3T\x1bKcz\xf4\x94\x8e5\xa6s\
\x14RQ\xa7\x9c{z^\x9c\xd6\xdd\xdd\xf7\x103~\
\x8f\x90\x06\x7f\x00H$j\x10\x8b\x05\xeb\x9c\xcb\xe5r\
u\x8f=\xb6\xf4\xfa\xb0\xb2\x1ch\xb8k\xd9w\x86\xfa\
\xad\xdd~.w\x89\x0c\xfe\xe6\x10\x08V<\x06\xbb\xbe\
N\x06\xff\xd2qb&\xe1~\xc2t\x88R\x95Z\xb7\
\xe2\xf2t\x8a\xd6\x10\xe1\xab\x90\xc1\xdf\x84}\x91\xa9\xed\
/\x9a\x0eQhE\x19\x84\xd6\xacY3)\x97\xc3W\
\x8ay\xf0D.\x97\xc3\xb6m[\xc1<\xf6\xb6y\xb6\
\xed\xb8\x93&\xd5\x1d1o\xde\xbcP\xb6\x0a\x1e\xec[\
\xfa\x0ed\xf9v\xf6\xdc\xa60^_\x04\xa7\x22\x91\xd0\
\x8e\xe9e\xad\x01\xad\xc1\x18\x9d]\x90\xee\x81q\xeb\xcf\
\x10\x9f$[\x06\xff\xd1\xf0\xc6\x95mJ\xf3M\x00\xce\
3\x9d\xa5\xaa1\xfd41\xb5\xfd\xefL\xc7(\xb4P\
\x07\xe3\xde\xde\xde\x88\xe7\xd1U\xb9\x1c\x7f\x0d@Q\xf7\
\xae\x8fD\x22\xa8\xa9Ibxxh\xcck=\xcfu\
FF\xb2\xff\x05\xe0\xed\x85\xcc\xd0\xbf\xfa\xd1f\xe5Y\
\xbf\xe4T\xaeM\xb6\xef5\x8b\xec\xfd\xdb\xf7Z\x05\xfe\
\x91g\x0d\x9d\xcdBgs\xa3\x05\xc0\x9f\xdc\x94\xa0l\
\x1b\xe48 \xc7\x06)Yc0\x86\x86\x18\xab+\x00\
|\xdft\x10\xd3\x066=\xdd\xe4dc_\x85\xe6\x8f\
\x02\x90\x1f\x1c\xe3t\xc9\xb5\x8d\x17Bh3\x00==\
\xbd\x971\xd3w\x01\x18[\xe4\xe6\xfb\x1e6o\xde\x1c\
h\x16@)\xc5uu\x89\xd6\xf3\xce;o\xc2\xcfx\
x\xc9\x92\xd8p\x93u\xa7v\xdd\xcbe\xfb^\xc3\x94\
\x82\x15\xd21\xbd\xda\xcd\xc1O\xa5\x00\x1d\xac\xba#\xa5\
F\x8b\x01\xdb\x86\xb2\x9dPf!\xca\x1d\x03}5-\
\x1d\xad\xa6s\x98\xc2K\x96\xd8\xe9\xc9uW\x82\xe9k\
 \x96\x19\xc3\xd2\xd0\x1f\x1f\xb1\x8f\xaf\xc4\xf5)\x05\x9f\
\x01X\xbe|C\xbdm\xe7\xfe\x83\x99\x8dO\x97X\x96\
\x8d\xfa\xfaz\xf4\xf7\xf7\x8fy\xad\xd6\x9a\xb2Y}/\
\x80\x99\x13\xb9\xe7\xe0\xeae\x9f\x1e\xcay\xdf\xe4\x5cN\
\xb6\xef5\x89\x00+\x1a\x0b\xed\x98^\x9d\xcd\xc1O\x8d\
\xef\xfd\x80\xb5\x06g\xb3@6\x0b\x1f\x04\xb2\xd4\xe8\x1a\
\x84\xd7\x0b\x02\xa9\x07@\xc0\xf4\xecK+N\xab\xb4\xc5\
VA\xa4\xd7/_\x98\x06\xdd\x08`\x16H\xa6\x0cK\
\x06\xe3\xceJ\x1c\xfc\x81\x02\x17\x00\xbd\xbd\xbd-\x9e\x97\
Y\x02\xd0\xf1\x85|\xdd\x89\xa8\xaf\xaf\xc7\xf0\xf00<\
\xcf\x1b\xf3\xdat:5\xe3\xb1\xc7\x96\xfe\xe5\xa2E\xe7\
\xfef\xbc\xf7\x19\xee}\xfa\x02\xce\xe5\xee\xd6\x99\xecq\
y\x05\x15\x05C\x8e\x03+\x9e\x00Y\xe1<\x83\xd7\x9e\
7\xfa\xc9\x7fB\x18\xec\xfb\xf0}\x7f\xf45\x89F\x0b\
\x01\xc7\x01Y6\xc8\xae\xdeY__\xe1R\x00US\
\x00\xa4\xd7v\x9f\xcc\xb6w\x03\x03\x7fe:\x8b\xf83\
\x9e\x22\xfc\x87\xe9\x10a)X\x01\xd0\xd5\xf5\xe2[<\
\xcf\xff?\x00%3\xf8\x03\x00\x91Bcc#v\xed\
\xda\x15\xe8\xfal6{;\x80\xc0\x05\xc0P\xf7SG\
1\xbc{\xbdt\xea<)\xda\xcd*\xce1\xbd\x0c=\
2\x02\x14xQ\x073\x03\xae\x0b\xff\xf5c\xad\x15A\
\xd9\x0e\xc8~}\xfd@U-(\x5c`:@1\xbc\
\xde\xd6\xc7\xe4}\x1ec\x1cv&\xcc \xe0\xf6XK\
\xc7z\xd39\xc2R\x90w\x15f&\x22\xef\x1e\x18|\
\xde\x7f855ID\xa3\xc1\x9e\xea\xd7\xd6\x80\x00\x00\
 \x00IDAT\x01\xe7r\xb9I\x8f>\xfa\xc4\x97\
\xc6\xba\x8e\x99\xad\xa1\xee\xa5?\xd6^z\x1b\xe7\x5c\x19\
\xfcMz}\xfb\xde\xda\xba\x90\x07\x7f\x80s\xde\x9f/\
\xf6\x0b\x83f\xe8\xdc\xe8c\x06o`\x00\xde\xc0\x00\xfc\
T\x0a\xdau\x81\x00kZ\xca\x5c\x87\xe9\x00abf\
JmX\xf9\xeet\x0a/\xeeo\xeb\x93\xc1\xbf\x041\
0\xc8\xbe\xf5\x0d\xd39\xc2T\x90\xa7\x8e\xdd\xdd}\x1f\
\x02\xf0\xe3B\xbcVX\xb2\xd9\x0c\xb6m\xdb\x16\xe8Z\
\xc7q\xb2\xc3\xc3\xc9\xc6\xcb/?\xf8\x99\xe5\xc3\xab\x97\
\xbd\xcf\xf7\xbc\xff\x80\xe7\x07;}H\x84FE\xa3\xb0\
\xe2q\xa0H\xc7\xf4\xfa##\xd0\xb9\x5cQ\xeeu8\
d\xdbP\x8e=:C\x10r\xd1cB|\xc4NV\
\xe2s\xd7\x91u/\xcc&R7\x018\xc7t\x16q\
x\xc4\xf4\xa1\xf8\xd4\xf6\xdbM\xe7\x08\xd3\x84\xdf9\xf6\
\x1f\xdd\xfb\xe5B\x84\x09S4\x1aC\x22Q\x83T\x80\
\x85[\xae\xebF'M\xca\xdd\x01\xe0\xdd\x07\xfe\xf9H\
\xdf3\xed:\x97\xfb\x99\x9f\xc9M-\xf4\x14\xb0\x18\x1f\
\xe58P\xf18\xa8\xc8\xdb\xf7\xb2\xe7\x17\xf5~\x87\xc2\
\x9e\x07\xdf\xf3\x00d@ \x90c\x1f\xb0\x86\xa0\xfc\xd7\
\x0fd\x13\xee1\x006\x98\xceQ(C\xebV\x1ei\
\x13\x7f\x93\x81\x0f\xa1\x04\xce`\x11c\xe1\xdf\xc4Z\xda\
\xef0\x9d\x22l\x13\xfeA\xec\xee^\xdb\x09\xe0\x84\x02\
d\x09]SS#(\xe0'\xc5t:\xfd\xae\x87\x1f\
~\xe2d\x00\xe0u\xbf\xab\x1b\xeeZ\xfa\xa0\x9fN-\
\xd7\xae+\x83\xbfAd)\xd8\xc9ZX\xc9\xa4\x91\x81\
\x8e\xb9(;F\x8f\x0b\x83\xa1]\x17:\x9d\x8678\
\x08w`\xe0\x8f3\x15\x01[\x14K\x8d\xaf\xac\x8ah\
\x81\xe3\xe5\xcb\x9d\xd4\x86\xe5W[\xc4/1\xf0a\xc8\
\xe0_\xfa\x18\xddq/\xf3>\xa2\xca\x7f\xb0;\xe1\x19\
\x00\xa5\xf0W\xe5\xf2H\xd2\xb6\x1d\xd4\xd5\xd5c``\
\xec\xb6@\xdf\xd7\x14\x8d\xf2\xcf\x87W?\xf9\xc8\xd0`\
\xee\xb3\xacs\x957\xcfZN\x88\xa0b1X\xb1(\
\x8c\xf6\xcb\x11\x95\xfe3x\xadG\x07\xff\x5c\x0e>\x0e\
\xd8\x7f\xc0q\xa0l\xbbh\x8fK\xaa]f\xe3\x0b\x8b\
S\x9an$\xc6t\xd3YDP\xfc\x12\xe0\xbc\x8d\xa6\
\x9d=\xf6\x0er\x15\xa0\x10\x8f\x00\xda\x0a\x11\xa4XF\
\xdb\x02\x87\xdeh\xbf:\x9ct:5\xb7\x7f$6\xb7\
\xd6*\xbdO}\xd5\x83\xa0\x22\x0e\xacD\x1c \xf3\x1f\
\x9eH\xa9\xe2,\x02,\xa0?\xdd\x7f`\xb4[\xe2\x8d\
\xfd\x07J\xf5,\x04\x1d\xa0o\xb7De\xd6-o\xd6\
D7h\x8dwH\xa9UVV\xf8p.\xa9\x9d\xda\
\x16\xec$\xb9\x0aP\x88O\xb5\xd3\x0a\xf0\x1a\x81\xb9\xb9\
\x1c^\xd9\xf82vl\xdd\x8eTj\x04D\x0a\xf5\x0d\
\xf5\x98|\xd2\x898\xe6\xb8c\xc7\x9c\xe2WJ\xa1\xa1\
\xa1\x01{\xf6\xec\x19\xf3^\xcc\x8c\x97\x86\x18\x1d\x0d\x85\
J/\xc6C\xd96T\x22QR\xcf\xb4\x95m\xef\x7f\
\xf6^\xbe\x0e\xdc\x7f\xc0'zcf\x80l\xbbt\xfe\
\xae\x1d\xdan:\xc2x\xbd\xde\xd6\xa7\x09\xd2\xd6W~\
\xee\x89\x8f\xd8WU\xe2\xc2\xd3\xc3\x99p\x81\xda\xdd\xdd\
7\x04 Y\x80,\x87\xc5\xac\xb1\xea\xf9\x95\xe8Z\xbe\
\x02\xd9L\xf6\xa0\xd74\x1d1\x09\xe7,:\x1f\xc7M\
~\xcbX\xaf\x86\xad[\xb7\x22\x17p5\xf7\xf4#\x13\
8\xca)\x8d\xc5_\xd5\x80\x94\x82\x0ai\xfb\xde\x89b\
\xad\xe1\x0dT\xf0Y5JAY\xd6hQ\x10qL\
\xcd\xba\xb8\xf1\xe6\xf6X\xb1\x8e\xe8\x9e(f\xa6\xcc\xc6\
\x95\xefa\xc6w\x01\x8c\xf5\xe6#J\xcbkL\xf8h\
Ms\xc7\x83\xa6\x83\x98P\x88\x02`/\x80\xc6\x02d\
9$7\xe7\xe2w\xbf~\x00[7m\x1e\xf3Z\x22\
\xc2\xfc\xf3\xcf\xc1\xac\xf6\xd3\x0f{]&\x93\xc1\xf6\xed\
\xc1\xda\x02\xa3\x11\x07\xf3&Y\xa8\x825!F\x11\x08\
*\x1e\x85\x8a\xc6Kz[\x5c?\x95\x86\xcefL\xc7\
(\x82\xd1\xed\x8a\xff\xe4\xfc\x82b\xfc\xbb0\xba\x13S\
;\x0e\xff\x0b\x5c\x22F\xd6-o'\xa2\x9b\x00\x9cm\
:\x8b\x18\x17\x0f\xa0\x1f\xc6\xbd\xd4\x97\xaa\xe5y\xff\xc1\
\x14\xe2\x11\xc0F\x84\xb8q\x073\xe3\xff\x1e\xf8]\xa0\
\xc1\xff\xf5\xeb\x9fZ\xb2\x14\xb1x\x1c\xa7\x9cv\xea!\
\xaf\x8b\xc5b\x88\xc7\x13H\xa7\xc7\xde\xd25\x9bs\xf1\
Z\xd6\xc1\x891\x99\x05\x08\x8br\x9c\xd1\xe9\xfe2\xd8\
\xf1\xce\x8a\xc7\xc1\x9e\x07\xf6\xcb\xfbQ\xc0\xd8F\xb7+\
\xe67\x1e\x17`\xff\xee\x84\xfbO8\xb4\x14\xc2\xa8\x08\
\x88\xf0|\xc1_\xb4\xc0\x06\xd7<7\xc9v\x9c\xaf\x00\
rZ_\xf9\xa1\xa74\xe9\xab\x92\xcd\x1d\xabM'1\
\xad\x10\x05\xc0s\x08\xb1\x00X\xb3\xba\x17\xaf\xbd\xf2\xea\
\xb8\xbfn\xe9#\x8f\xe1\xf8\x13&#Q\x938\xe45\
MMM\xd8\xba5\x15hQ\xf7k\x03Y\xbc%j\
\xc3.\xe1O\xa6\xe5\x88l\x1bV<^^\x9b\xd9\x10\
`\xd7&\xe1\x0d\x0f\x95\xcc\xbe\x00E\xc1\x18\xdd\x89\xd0\
u\x81tz\xb43\xc3qF\x17\x12Zv\xe1\xce^\
`ZV\x98\x17*<^\xbe\xdcI\xd7\xab\x8f\x13\xf1\
W\x18\x5c\xd4#\xce\xc5\x84\xed!\xa6\xcf\xc7Zf\xdf\
Q\x0d-~AL\xf87\x96\x88\xff\xaf\x10A\x0e\x86\
\x99\xb1\xf2\xb9\x17\xf2\xfaZ7\xe7b\xf5\xca\xee\xc3^\
\xe38\x0e\x92\xc9\xba@\xaf\xe7\xfb>\xd6\xa7\xa4\xd0/\
\x18R\xb0\x12\x09\xd8\xb5\xc9\xf2\x1a\xfc_G\x04\xbb\xb6\
nt3\xa2jm\xab\xe3\xd1\xed\x8a\xbd\x91\x11x\x83\
\x03\xf0\x06\x07\xe1\xa7R\xe0\xdc\x84\xb6+vs\xb1\xcc\
C\x85\x8cY(\xe9\x0d+/\xc84`\x15\x88\xbf\xc7\
\x80\x0c\xfe\xe5\x83\x01\xdc\xe33\x9d\x16\x9f\xda~\xbb\x0c\
\xfe\x7f4\xe1\x02`\xed\xda\xe9\x0f\x22\xa4\x1d\xbbvl\
\xdb\x86\xa1\xc1\xfc\x1f\xcfl\x5c?\xf6\x19\x0e\x8d\x8d\x8d\
\xb0\x02\xae|\xde1\x98AJ\x97\xfe\x14ui#\xa8\
h\x14v}=T\xd4pO\x7f\x01X\xb1\x18\xac\x86\
zX55P\x91HU\xf7\xd8\xb3\xefCg\xb3\xf0\
F\x86\xe1\x0e\xf4\xc3\x1b\x1c\x84N\xa7\xc1\x9e\x8b\xa0\x9b\
g1aI\xfd\xe4\xf9{\xc3M:>\x99\xf5+Z\
R\x1bV\xfc\x96\x99\x1faP\xab\xe9<\x228\x02\xf7\
\x92\xc2y\x89\x96\x8e+j\xa7\xb6\x07;\x11\xae\x8aL\
x4\xbb\xfcr\xf2\x99\xf9\xa6B\x84y\xb3\xdd;w\
O\xe8\xeb\xfb\xf7\xeeC&s\xf8\xc5ZJ)\xd4\xd7\
\x07+\xe6\x995^\xaa\xda\xe5\x22\x13G\x8e\x03\xbb\xbe\
v\xf4\xc4\xbe\x0a\x1a'\x09\x04\x15\x89\xc0\xaa\xa9\x81\xd3\
\xd0\x00\xbb\xbe~\xf4{t\x8a\xb4h\xae\x14\xf1\xfev\
\xc3L\x06\xde\xd00\xbc\xfe\x01\xf8\xc3\xc3\xf03\x997\
\xd6\x14\x1c\x0c\x01\xb7\x141\xe5aqww\xcd\xc8\xba\
\x15\xd7i`5\x18\x97\x9a\xce#\xc6%\xcd\x8c\xaf\xc5\
\xb2\xf1\xf6\xf8\x94\x8e\x92}\xa4dZA\xe6^\x1d\x07\
\xb7x\x1e>\x06\xe0\x94B\xbc\xde\xeb\xd2\xa9\x83\x9e\xc5\
3.\xb9l\x16\xb1\xd8\xe1[rkk\xeb144\
\x04\xf7\xf5\xa3X\x0f\xa3\x7f$\x8d\xdd\x898\x8ep\xca\
\xa2C\xa9$\x90e\xc3J\xc4@v\x89n:S`\
\xa4\x14(\x1a\x1d\x9d\xe1`@{.\xe0y\xd0\xae\x0b\
\xf65\xaaq+if\x06\xef_?\xa0\xd3i\x80\x14\
\x94m\xbd\xb1C\xe1\xe8\xe2O\xde\x1c\x7fm\xe8\xb7%\
\x90\x952\x1bV\xbd/\x0d\xef;\x04\x1ck:\x8f\x18\
'\xc2\x03D\xf4\xf1\xc4\x94\xf6\xf1/\x1e\xab2\x05\x99\
\xcfnmm\xcd\xd1\xe8\xe6\x17\x05\xe5D&>`\xd8\
\x01\x06\x1d\x22\xa0\xb11\xf8\xd6\xe3\xeb\x07\xaah\xe1\xd7\
D\xbc\xf1\x9c\xbf\xb6j\x06\xff?C\x7f<\xb8\xc8\xae\
\xab\x83\xd3P\xb7\xffqA\xb4,:\x1eB\xc3\x1a\xda\
u\xe1\xa7R\xa3\xc7\x1d\x0f\x0eBgs\xffE\x0b\x17\
\x1am\xadHm|\xe1\x8c\xf4\x86\x95O3\xf8.\xc8\
\xe0_n^c\xf0;\x13\xcd\x1do\x8f\xcb\xe0\x1fH\
\xc1\xde\x81f\xcd\x9a\xfek\x00\x8f\x14\xea\xf5\x00`\xd2\
\x11\x93&\xf4\xf5\xd1X\xf4\xb0]\x00\x07J$\x12\x88\
\xc7\xe3\x81\xae\xcd\xe4r\xd8\x94-\xc3\x85kE\xa4\xa2\
18\xf5u\xa3\x9f\x82\xabu\x1a\xfc`H\xed\x7f\x5c\
\x90\x80]_\xff\xc6\xe3\x02\xe58U\xbd~\x00\xcc\xb9\
\x9at\xc4\xd8\xd9\xeb\xc3/?\x7f\xcc\xc8\xfa\x15\xff\x09\
\xad\x9e\x010\xcfT\x0e\x91\x17\x0f\xc0\x0d\xf1\x11{z\
M\xcb\x9c_\x9b\x0eSN\x0a:\x8aY\x96\xfe\x8c\xef\
\xab\x15(P_\xec1\xc7\x1d\x07'\xe2\xc0\xcd\x8d=\
5\x7f0'\xb74\x8f\xeb\xfa\xc6\xc6&\xa4\xd3[\x11\
d\x8a\xf6\xb5\x81\x0c\x8e;\xda\x81U\xea\x07\xc3\x14\x19\
96\xacxM\xe1Z\xc2*\xdc\xeb\x8f\x0b\x10\x8d\xc2\
b\x80\xf5\xfeG\x05\xae\x0f\xf6<T\xcb\xe3\x02e;\
\x9f\xa3\xb69co\xcaQ`\xdc\xdb\x1bIG3W\
\xb3\x8f/\x11\x10\xac%H\x94\x92\xa75\xf1\x95\xc9\xe6\
9U\xdf\xd3\x9f\x8f\x82\xbeK\xcf\x981\xa3\x9b\x08w\
\x15\xea\xf5\x9c\x88\x83\xe9\xb3f\xe6\xf5\xb5D\x84\x19\xa7\
\xcf\x1a\xd7\xd7D\x22\x11$\x93\xc1v5v=\x1f\x1b\
\x86e\x90{\x1dY\x16\xecd\x12v\xb2V\x06\xff|\
\xd1\xfe\xf5\x12\xb18\xec\xda$\xec\xc6z\xd8\xc9Z\xa8\
h\x0c(\x95=\xfaC\xa0\x1cgU\xb2\xed\x9cP\x16\
\x12\x1f\xce\xc8\x86\xe5\x7f\x91\x8e\xa6W\x03\xf8\x17\x19\xfc\
\xcb\x0c\xd3^f\xfe\xc7xs\xfb\xd92\xf8\xe7\xaf\xe0\
\xef\xd4D\xfe\x17\x890X\xa8\xd7\x9bs\xd6\x5c\xd47\
\x8c\xbf\xe5v\xc6\xe9\xb3p\xe4\xd1G\x8d\xfb\xeb\x1a\x1b\
\x9b@\x01\xf7?\xdf>\x94A\x86\xabx\xda\x16\x00\x88\
`%F\x9foS\xa9\x9e,W\xa6\x084:\xa3\x92\
\x88\xc3\xa9\xab\x83\xd3P\x0f+\x99\x84\x8aV\xd0\xfa\x01\
\xcb\x1aHz\x83E\xddF7\xb3\xa1\xeb\x94\xf4\xfa\x95\
\x0f\x11\xd3\x83\x00\x15t\xe1\xb2\x08\x1d3p\xa7\x0fL\
\xab\x99:\xe76\xe9\xe9\x9f\x98PF\xaf\x9e\x9e\xbe/\
1\xa3`\xcf\xf3\xf6\xee\xde\x83\x07~\xf1k\xa4F\x82\
\x1d\xd4tR\xf3\x14\x5c\xfc\xf6\xbf\x00\xa9\xfc\xbe\xbd\x81\
\x81\x01\xec\xdb\x17\xac\x15\xb9\xb1&\x8e\xb6\xfaj\xec\x08\
(\xadcz\xab\x11k\x0dv]\xb0\xeb\x8e\x9e\x9e[\
f\x8f\xa3\x94\xb2\xd2~D\xcfl\x98yA(\xfb\x88\
\xbc\x19\xaf{\xb6.M\xce\x97\x01|\x02@\xa4\x18\xf7\
\x14\x85\xc3@\x9f\xd2tU\xfc\x94\xf6\xa5\xa6\xb3T\x8a\
P\x0a\x80\xa7\x9f\xde\x14\xaf\xa9\x19Z\x03\xe0\xc4B\xbd\
\xe6\xd0\xe0 \x1e\x7f\xf8Ql~m\xd3!\xaf\xb1,\
\x0b\xa7\xcfm\xc7\xdc\xf9g\x06\xfe\x14\x7f0\xcc\x8c-\
[6\xc3\x0bt\xec+\xe1\xf4\xa3\xe2h\xb0\xab\xa73\
@\xd96T<\x01\xb2+wZ\xba\x1c\xb1\xe7\x81=\
\x17\xda\xf5\xf6\xaf\x1f(a\x96\x1a\x89\xc6\x9d\xf6\xd8i\
\xe7\xbc\x14\xf6\xad\x98Ye6\xae\xfc{f\x5c\x0f\xe0\
\x98\xb0\xef'\x0a.E\xc4\xdf\x88\xed\xc3\xf7h\xce\x9c\
\xfc\x16\x84\x89\x83\x0am\xfe\xba\xa7g\xcd{\x98\xf9'\
\x85~\xdd\xcd\xafn\xc2Kk\xd6b\xe7\xb6\x1d\x18\x1e\
\x1e\x86R\x84\x86\xc6F\x1c\x7f\xe2dL\x9f5\x13\xc9\
\xda\xc2\x9cL<22\x8c]\xbb\x82m\x1c\x95\x88E\
qF\xf0.\xc2\xb2E\x96\x82\x8a\xc7\xa1\x1c\xf9\xf0T\
\xf2\x98\x0f(\x06^\xdf\x7f\xa0D\xd8\xd6\xab\x14\xf3;\
\xeaN\xeb\xdc\x13\xf6\xad2\x1bVvj\xe6o\x03\x98\
\x13\xf6\xbdD\x08\x18\x0f\x92\xad>\x1e?y\xf6+\xa6\
\xa3T\xa2\xd0\x0a\x00f\xa6\x9e\x9e\xbee\x00-\x08\xeb\
\x1ea\xdb\xb6m+\xb2\xd9l\xa0kO\x99T\x83\xe3\
\xa2%\xfe\xa9+OD\x04\x15+\xfdcz\xc5\xa1\xbd\
\xf1\xb8\xc0\xf3\xa0]\x0f`\x03\x05\x81RL\xb6}w\
]\xdb\xb9\xef\x0f\xfbV\xa9\x8d/\x9c\x01\xad\xae\x07p\
A\xd8\xf7\x12\xa1\xd8J\xa0/\xc4[\xda\xef6\x1d\xa4\
\x92\x85\xfav\xde\xdd\xdd7\x0f\xc0\xd3a\xdf',\xd9\
l\x16\xdb\xb6m\x0dtm\xc4\xb1q\xe6\x11\x16\xac\xb2\
\xfcN\x0f\xad\x9c\x8e\xe9\x15\xc1\xb1\xe7\xef/\x06\x5c\xc0\
\xf7\xc0!\xae\x1f`\x02,\xdb\xee\xe6x\xf2o\xebN\
\x9d\xb36\xb4\x1b\x01H\xbd\xb4\xfcL(|\x01\xa0\xbf\
\x0c\xf3>\x224\x1e@7\xc5\xb3\xd1\xeb\xa8\xb5u\xd8\
t\x98J\x17\xfap\xd5\xdd\xdd\xf7\xdf\x00\xfe6\xec\xfb\
\x84e\xf7\xee]\x18\x1e\x0e\xf6sx|C\x02-\x89\
\xcaX\x0b@\xb65\xba\x9f\xbd%\x1b\x1eU>\x86\xf6\
\xfc\xd1mz=o\xff\x11\xc7\x13/\x08\x88\x94G\xb6\
\xb5,\x9a\xb0?\x159eA\xd7\xc4s\x1e\x1coz\
:\x9e\xc9E\xff\x96\x19\x1fE\x88G\x93\x8b\xd0=\xa3\
\x15\xaeLN\xe9\xe81\x1d\xa4Z\x14\xa1\x00\xe8>\x1e\
p^\x04\x10lK\xbe\x12\xe3y\x1e\xb6l\xd9\x1c\xe8\
\x13\x92R\x0ag\x1e\x1dA\xb4\x9c;S\x94\x82\x15\x8b\
AE#(\xd3\x89\x1b1Q\x9a\xa1}\x17\xbc\x7f1\
a\xa0\xf3\x0b\x08 ey\x04\xda\x0de\xad&\x87\xee\
\xac\x99\xbe\xe0gD\x14\xca\xb3\x06\xe6{\xad\xcc\xc6)\
g\xb1\xa6\xbf\x06\xe8\x0a\x10W\xc1*\x9c\x0a\xc5\xb4\x97\
\x89\xafM4\xb7\xdf\x1e\xd6\xcf\x8b8\xb8\xa2\xbc\xc3w\
w\xaf\xf9\x16\xc0_,\xc6\xbd\xc2\xd0\xdf\xbf\x0f\xfd\xfd\
\xfd\x81\xae=\xa26\x8e\x19\xb5e\xf83L\x80\x15\x8d\
\x81\xe21\x90\x0c\xfc\xe2OeY\xeba0\xa7\xd9\xd7\
\xbb\x19:e1o\xf0\x99_\x01\xd3n\x06m\xb2\xac\
\x86gk\xa6O\xdf\x16f\x08\xee\xedM\xa6b\x99\xf3\
\x15\xd3_2\xf8\xed\x00\xc6\xbf\xd1\x87(%\xcc\xa0\xbb\
5\xe3\xb3rT\xaf\x19Ey\xa7\xef\xed\xedM\xfa>\
\xbd\xc4\x5c\x9e\x87kh\xcd\xd8\xb2e\x13\xfc\xc3\x1cc\
\xfa:\x22`\xf6Qq\xd4Y\xe5S\x04P$\x02+\
\x1e\x97\xe7\xfcb\xbc\x5c\x00\x1b\x01\xf41\xd1Z\xa5\xb1\
\x86Y\xbf\xa4\x1d\xfdj\xf2\xe43\xb6O\xe4\x85y\xd3\
\xd3\xf1\x117:\xd5b\x9a\x03\xe63yt\x7f\xfeV\
\x14h\x9bqa\x16\x03k\x14\xd3U\xf1\xa9\xedO\x98\
\xceR\xcd\x8a\xf6Q\xaf\xbb\xbb\xefC\x00~\x5c\xac\xfb\
\x15\xda\xf0\xf00v\xef\x0eV\xa4\xd6\xc6c\xe8h,\
\xfd\xc7\x00dY\xa3\x03\xbf\xec\xe0'\x0a/\x03\xc6+\
DxU\x03\xdb\x88\x90\x82\xe6!\x02\x0d\xb2B\x0a\xcc\
\x1a\xa4\xe2\xac\x91 \xe8(\x14%\xa1q\x0c\x08'\x02\
8\x01\xf2\xe9\xbeR\xa5\x88\xf1\xadX.v\x03\xb5\xb6\
\xe6L\x87\xa9vE+\x00\x98Y\xf5\xf4\xacy\x1ee\
\xbaH\x87\x99\xb1}\xfb\xb6\xc0m\x81\xa7\x1d\x99\xc0\xd1\
N\x89.\x08$\x82\x15\x8fCE\xe4\xa4>!Dq\
\x10\xf0\x10<\xfb\xe3\xf1im/\x9b\xce\x22F\x15m\
\xce\x97\x884\xb3\xfal\xb1\xeeWhD\x84\xc6\xc6\xc6\
\xc0\xd7o\xe8\xf7\xa0KptU\xb1(\x9c\xfaz9\
\xa6W\x08Q$\xbc\x19\x84\xbf\x8e\xb7t\xbcM\x06\xff\
\xd2R\xd4\x87\xbe\xa7\x9f>m\x09@\xbf-\xe6=\x0b\
)\x16\x8b#\x91\x08\xd6\xcc\x90ssx5]:\xcf\
\xd4\x95\xe3\xc0\xa9\xab\x83\x15OT\xf7\xb9\xf3B\x88b\
\xf1\x00\xba9\xce^k\xa2\xb9\xe3~\xd3a\xc4\x9f+\
\xfa\x08\xa5\x94\xf7)\x00\xc1\xe6\xd1KPSS\x13(\
\xe0\x00\xbay0\x03\x97\xcd\x16\x01dY\xb0k\x92\xb0\
\x92\xc9\x8a>RV\x08QR\x9e\xd5\x8a\xe6$Z\xda\
\xaf\xa6\xa9\xf3\x0av:\xac(\xac\xa2\x8fN3g\xce\
\xdc\x00\xe0G\xc5\xbeo\xa1\xd8\xb6\x83\xba\xba`G\x87\
\xfb\xbe\xc6\xba\x11C\x9f\xb6\x89`\xc5\x13\xb0\xebjA\
\x11Y\xe4'\x84(\x8a}\x0c\x5c\x19on_\x90\x9c\
\xd2\xdem:\x8c8<#\x1fO\x89\xbc\xaf\x03\xd8m\
\xe2\xde\x85P_\xdf\x00\xa5\x82}\x9a\xde5\x94\xc6\xb0\
_\xcc\xbff\x82\x8aD\xe0\xd4\xd5C\xc5\xa2\x90\x07\xfd\
B\x88\xa2 \xba\xcf\x87=\xad\xa6\xa5\xe3\x16\xd9\xd0\xa7\
<\x18)\x00f\xcd\x9a\xb5\x8f\x99\xbfn\xe2\xde\x85\xa0\
\x94BCCC\xa0k\x99\x19\xeb\x86B\x0e\xb4\x1f\xd9\
6\xec\xbaZX55\x80\x92\x81_\x08Q\x04\x8c\xb5\
\xc4za\xa2\xb9\xfd\xf2\xda\x96\xb6\x9d\xa6\xe3\x88\xe0\x8c\
=\xa0\xde\xb7o\xe7\x8f\x00\xf4\x9a\xba\xffD\xd5\xd5\xd5\
\xc1\x09\xd8??\x90Jc\x97\x1b\xde\xf3wR\x0aV\
M\x0d\xec\xdaZ\x90<\xe7\x17B\x14G\x9a\x80/\xc5\
s\xb1\xb6\xf8\xd4\xb9\x8f\x9b\x0e#\xc6\xcf\xe8\xc7\xc4\xae\
\xae5o#\xe2\x07Lf\x98\x88T*\x8d\x9d;\x83\
mx\x16\x8fFp\xe6\xa4\xc2\xfeu\x13\x11T4*\
\xdb\xf7\x0a!\x8a\xed1\xa5\xf4GbS\xe6\xbeh:\
\x88\xc8\x9f\xf1Q\xa3\xa7\xa7\xefaf\x5ch:G\xbe\
v\xec\xd8\x81t:\x15\xe8\xda)M58!\xe6\x15\
\xe4\xbe\xe48\xb0\xe2\x09\x90U:\xad\x86B\x88\x8a\xb7\
\x8d@\xd7\xc6[\xda\xef6\x1dDL\x9c\xf1\xd1\xc3\xf3\
\xf8\x1a\x00\x85\x19\x15\x0dhl\x0c~\x08\xd9k\x83\x19\
\xf8<\xb1\x9a\x8b,\x0bvm-\xecdR\x06\x7f!\
D\xb1\xec\xef\xe9w\xa7\xc9\xe0_9\x8c\xcf\x00\x00@\
WW\xef-D\xf4a\xd39\xf2\xb5g\xcfn\x0c\x0d\
\x05[\xe9wl}\x02\xa7\xd6\xe4\xb1E0\x11\xacX\
\x5cv\xf0\x13B\x14\xdbJ&ueM\xf3\xec\x17L\
\x07\x11\x85U\x12\x1f!\x89\xbc/\x03\x180\x9d#_\
\x8d\x8d\x8dP\x01O\xd2\xdb1\x94Fj\x9cm\x81*\
\x1a\x85]\xbf\xbf\xadO\x06\x7f!Dq\xf4\x83\xf8\x93\
\xf1\xe6\x0dg\xc8\xe0_\x99J\xa2\x00hkk\xdbI\
\x84o\x9b\xce\x91/\xa5,\xd4\xd7\x07k\x0b\xd4\x9a\xb1\
n$\xe0\xeb:\x0e\xec\xfa:X\x89D\xe0\xdd\x07\x85\
\x10b\xc2\x88\xee\xd3\xca\x9d\x96h\x9es\x13\xd1\xe5%\
z\xaa\x99\x98\xa8\x92(\x00\x00\xc0\xb2\xf8\xdf\x99\xb1\xde\
t\x8e|\x8d\xb6\x05\xda\x81\xae\xed\x1f\xc9`\xaf{\xe8\
\xbfz\xb2\x14\xecd-\xacd\x12\x14p\xc3!!\x84\
(\x80\xf5\x8a\xf9\xa2Ds\xfb\xe5\xc9)\xf3v\x98\x0e\
#\xc2U2\x05@kkkN)\xfe\xa2\xe9\x1c\xf9\
\x22\x2244L\x0at-3c\xfd\xd0A6\xcaz\
c\xfb\xdezP\xc0bB\x08!\x0a \xcd\x8c\xaf\xc5\
\xb9nFl\xea\x9c\xff3\x1dF\x14G\xc9\xcd+w\
w\xf7-\x05p\x8e\xe9\x1c\xf9\xda\xbe}\x1b2\x99L\
\xa0kO9\xa2\x06\xc7EF\x1b T4\x0a+\x1e\
\x03\xa8dj2!Du\x90\x9e\xfe*U\x8a\xa3\xcd\
'\x01\x94\xed>\xd2MM\x93\x02?\xaf\xdf\xd8\x9f\x05\
[\xfb\x8f\xe9M$d\xf0\x17B\x14\xd36\x02\xfd}\
\xa2\xa5\xe3\x02\x19\xfc\xabS\xc9\x8d8mm\xd3W\x12\
\xe1\xa7\xa6s\xe4+\x12\x89\xa0\xa6\xa6&\xd0\xb5\x9e\xe7\
ac\xc6\x96cz\x85\x10\xc5\xa4\x09\xb8Uz\xfaE\
\xc9\x15\x00\x00\xa0\xb5u-\x80\x80k\xe5KOcc\
c\xe0Y\x80-{\x06\x91\xf18\xe4DB\x08\x01\x00\
X\x09\xa5\xcf\x8a\xb7t\xfc\x13M\x9d7h:\x8c0\
\xab$\x0b\x80\xd3O?u\x0b\x11\x7f\xcft\x8e|Y\
\x96=\x8e\xb6@\x8d5\xdb\xcb\xb6\xd6\x11B\x94\x877\
z\xfa\x13S\xe6>o:\x8c(\x0d%Y\x00\x00\xc0\
\xf0p\xddw\x00l2\x9d#_\xf5\xf5u\xb0\xed`\
+\xf9w\x0f\x8c\xa0?]\xb6\xbb!\x0b!J\x19\xe3\
A\xb0=Sz\xfa\xc5\x9b\x95l\x010\x7f\xfe\xe44\
@_6\x9d#_D\x0a\x0d\x0d\x8d\x01\xaff\xac\xdd\
1\x1cj\x1e!D\xd5\x19\xed\xe9\x9f\xdaqibj\
\xdbf\xd3aD\xe9)\xd9\x02\x00\x00f\xcd\x9av\x0f\
\x11\x95\xed\x16\x94\xc9d\x12\x91H$\xd0\xb5C#\x19\
l\x19tCN$\x84\xa8\x02\x19\xe9\xe9\x17A\x94t\
\x01@D\x9a\x08\x9f\x04P\xb6\xab\xe4&M\x0a\xb69\
\x10\x00l\xd81X\xbe\xfd\x8fB\x88R\xb0\xc4\xb2x\
v\xcd\xd4\x8e\xebh\xea\xd4\xac\xe90\xa2\xb4\x95t\x01\
\x00\x003g\x9e\xf64\xc0\xf7\x9b\xce\x91\xafh4\x86\
\x9a\x9aD\xa0k\xb39\x17\x1bv\x05\xdbDH\x08!\
\x0e\xf0zO\xff\xa2\xe8\xc9s\xd6\x9a\x0e#\xcaC\xc9\
\x17\x00\x00@\xe4|\x0e@\xd9V\xb3\x8d\x8dM\x81\xdb\
\x02_\xdb=\x84\x9c\xac\x07\x14B\x04#=\xfd\x22o\
eQ\x00\xcc\x9au\xcaF\x80\xbeo:G\xbel\xdb\
A]]]\xa0k\xb5\xf6\xb1v\xa7\xb4\x05\x0a!\xc6\
\xb4Jz\xfa\xc5D\x94E\x01\x00\x00\xd1(}\x1d@\
\xd9\x9eNU_\xdf\x00+\xe0\x8e\x7f;\xfb\x871\x90\
\x91n\x1d!\xc4\x9f#``\x7fO\xff\x5c\xe9\xe9\x17\
\x13Q6\x05\xc0\xb4i\xd3\x86\x00|\xcdt\x8e|)\
\x15\xbc-\x90\x99\xb1V6\x07\x12B\xbc\x19\xe3Af\
{\x86\xf4\xf4\x8bB(\x9b\x02\x00\x00^|\xf1\xb4[\
\x01\xac6\x9d#_\xb5\xb5\xc1\xdb\x02\x07GR\xd8>\
,\x8b\x01\x84\x10\x00\x80\xf5\x9aq\xb1\xf4\xf4\x8bB*\
\xab\x02\xe0\xf2\xcb\xc9\x07\xf8\x1a\xd39\xf2Ghj\x0a\
\xde\x16\xb8n\xfb \x98\xcb\xb6\x03R\x081q90\
\x7f7n\x0d\xceLN\xedx\xd8t\x18QY\x82-\
M/1\xdd\xdd}\xbf\x03\xf0V\xd39\xf2\xb5s\xe7\
v\xa4R\xe9@\xd7N9\xa6\x11\xcd\x93\xa2!'\x12\
B\x94\x1ez\xdc\xb2\xf4U\xd2\xd6'\xc2RV3\x00\
\xaf#\xb2>\x05\xa0l\xb7\xcd\x1bm\x0b\x0cv\xedk\
\xbb\x86\xe0\xca,\x80\x10\xd5d\xfbhO\x7f\xfbB\x19\
\xfcE\x98\xca\xb2\x00\x985\xeb\xd4\xb5\xcc\xb8\xd5t\x8e\
|9N\x04\xb5\xb5\xc1\xda\x02=\xdf\xc3K;\x82\xcd\
\x16\x08!\xca\x9a&\xe0\xd6\x0c\xb1\xf4\xf4\x8b\xa2(\xcb\
\x02\x00\x00\x1c\x87\xbf\x02`\xaf\xe9\x1c\xf9jhh\x84\
e\x05\xfb\xeb\xdf\xb6w\x18#9\xd9$X\x88\x0a\xb6\
\x0a\x9a\xe7\xc7[:\xfe\xa9\xa9y\xce\x80\xe90\xa2:\
\x94m\x01\xd0\xda\xda\xba\x97\x99\xae7\x9d#_J)\
\xd4\xd77\x04\xba\x96Y\xa3O\xda\x02\x85\xa88\x7f\xd2\
\xd3\x7f\xca\x9c\xe7L\xe7\x11\xd5\xa5l\x0b\x00\x00p\x1c\
\xfd}\x00\xebL\xe7\xc8Wmm\x1d\x1c\xc7\x09tm\
\xff\xd0\x08vI[\xa0\x10\x95Cz\xfa\x85ae]\
\x00\xb4\xb6\xb6\xe6\x98\xf1y\xd39\xf2EDhll\
\x0a|\xfd\x8b\xdb\x87BL#\x84(\x92\x0d\xd2\xd3/\
JAY\x17\x00\x00p\xfa\xe9\xd3\x7f\x05\xe0\x11\xd39\
\xf2\x95H$\x10\x8f\xc7\x03]\x9b\xcef\xf1j\x7f.\
\xe4DB\x88\x90\xb8\xfb{\xfagHO\xbf(\x05e\
_\x00\x00\x80\xd6\xfcY\x00e\xbbJnt\x16 X\
_\xe0\xcb;\x86\xe0sYn\xdf D\x15\xa3\xc7-\
\x8d\xb6\xc4\xd49\xd7\xd2\xc9\x0b\xe5\xccoQ\x12*\xa2\
\x00\x98=\xbb\xb5\x8b\x99\xee2\x9d#_\x91H\x04\xc9\
dM\xa0k]\xcf\xc5K\xbbR!'\x12B\x14\xc8\
v\x02\xfd}\xbcy\xf6\xa2\xe8)\x1dkL\x87\x11\xe2\
@\x15Q\x00\x00\x80ey_ B\xd9\x1e\x899\xba\
9P\xb0\x7f\x8e\xad{\x86\x90ves !J\x98\
\x06p\x8f\xe7z3\xe2-\xedw\x13\x91\xfc\xc2\x8a\x92\
S1\x05\xc0\xcc\x993wh\x8d\x1bL\xe7\xc8\x97e\
Y\xa8\xaf\xaf\x0ft\xad\xd6\x1akvH[\xa0\x10%\
\x89\xb8\x0b\x9a\xe7'Z:\xae\xa8;\xed\xcc=\xa6\xe3\
\x08q(\x15S\x00\x00@*U{\x03\x80WM\xe7\
\xc8W}}=,\xcb\x0et\xed\x9e\x81\x11\xecKK\
\xe7\x90\x10\xa5\xe2\x8d\x9e\xfe)\x1b\xe7HO\xbf(\x07\
\x15U\x00\xcc\x9f?9M\xc4\xffl:G\xbe\x88\x08\
MM\x8d\x01\xaff\xac\xd9&m\x81B\x94\x04\xc6\x83\
\x0c\x7f\xa6\xf4\xf4\x8brRq\xcb\xc9\x99\x99zz\xfa\
\x96\x01\xb4\xc0t\x96|m\xdb\xb6\x0d\xd9l\xb0\x85\xc2\
\xa7\xbde\x12\x8eo\x08\xb6\x99\x90\x10\xa2\xe06h\xe0\
c\xc9\x96\x8e\xff5\x1dD\x88\xf1\xaa\xa8\x19\x00\x00\x18\
]lC\x9f\x01P\xb6\x8bn\x9a\x9a\x82o\x0e\xb4a\
\xe7 |3\xdfi?\x83\xbe\x01\xe0\x1e\x00\xdb\x8c$\
\x10\xc2\x9c,3}=n\x0d\xce\x90\xc1_\x94\xab\x8a\
\x9b\x01x]ww\xdf\xcf\x00\xbc\xcbt\x8e|\xed\xda\
\xb5\x0b##\xc3\x81\xae=\xf1\xe8\x06\x9crD,\xe4\
Do\xd0\x00~\xe2\xc3\xfeLmK\xdb\xce\xd7\xff0\
\xf3\xd2\x0bS|\xa5:\x89\xa8\x93\x98/d \xd8\x8a\
F!\xca\xcf\x13\x96\xc6U\xd2\xd6'\xca]\xc5\x16\x00\
\xabW\xaf\x9e\xac\xb5\xb5\x16@\xc2t\x96|x\x9e\x87\
-[6\x83y\xec\x8f\xf7J)\x9c}\xca\x91\x88Z\
a\xffs\xd2\xe3Z\xe1\x93\xc9)\xed\xdd\x87\xbb\x8a\x97\
,\xb1S\x93\xeb\xda\x88\xa8\x93\x99;\x098\x0f\x80<\
\xa7\x10\xe5n;\x81>\x1fk\x9e}\x8f\xb4\xf5\x89J\
P\xb1\x05\x00\x00tw\xf7^\x0f\xd0\x17L\xe7\xc8\xd7\
\xbe}{10\x10\xecd\xd0\xa3\x1aj\xd1\xf6\x96`\
\x9b\x09\xe5a\x13\x81\xbe\x94\xef\x19\xe5\xdc\xdb\x9b\xcc\xc6\
\xb2\xf3\xb4\xd6\x9d \xea\x04\xd0Q\xe0|B\x84I\x03\
\xf8\x89\xe7z\xd7H[\x9f\xa8$\x15]\x00\xf4\xf6\xf6\
&}\x9f^b\xc6\xb1\xa6\xb3\xe4Ck\xc6\x96-\x9b\
\xe0\xfbc/*&\x02\xe6L9\x12\x0d1\xab\x90\x11\
R\xcc\xf8\xd7\x84=\xf8\x9dBn_:\xfc\xf2\xf3\xc7\
(O\x9dCD\x9d\x0c\xfc\x05\x80\xb7\x14\xea\xb5\x85(\
(\xe2.h\xba*1\xb5\xe3Y\xd3Q\x84(\xb4\x8a\
.\x00\x00\xa0\xa7g\xcd?2\xf3\xad\xa6s\xe4kx\
x\x08\xbbw\xef\x0etmmM\x02\xf3N\xaa+\xc4\
m\x19D\xbf \xe8\xcf\xc4\x9b\xe7\xbcV\x88\x17<\x9c\
\x03\xd7\x0f\x80\xf9b\x00\xb5a\xdfS\x88\xc3\x22\x8c\x00\
\xf4\x8d\xf8\x94\xf57H[\x9f\xa8T\x15_\x000\xb3\
\xea\xe9Y\xf3\x02\x80v\xd3Y\xf2\xc1\xcc\xd8\xbe}\x1b\
\xb2\xd9l\xa0\xeb['\x1f\x81\xe3\xea\x82m&t\x08\
\xcb\x01\xfd\xc9D\xcb\xdc\xa7&\xf2\x22\xf9:p\xfd\x00\
\x18\x97\x02|\x16*\xb0[E\x940\xc6\x83 \xff#\
\x89\x9636\x99\x8e\x22D\x98*\xbe\x00\x00\x80\xae\xae\
\xb5\x0b\x89\xf4c\xa6s\xe4+\x93Ic\xfb\xf6\xed\x81\
\xae\x8dF\x228\xbby\x12\x94\x1a\xf7\x1a\xa5\xad\x0c|\
-\xd1\xdc~\x1b\x11\x95\xcc\xc9\x8a\x83k\x9e\x9bd\xdb\
\xd6\x22\x22\xead\xe2\xc5`:\xd9t&Q\xb162\
\xe8c5-\xed\xffc:\x88\x10\xc5P\x15\x05\x00\x00\
tw\xf7\xfe\x16\xa0KM\xe7\xc8\xd7\xce\x9d;\x90J\
\x05;\x05\xf0\xe4c\x1a\xd12)\x1a\xf4\xa5s\x00\xfd\
\xbf8\xe7\xbeLS\xe7\x95\xfcaJ\x7f\xf2\xb8@\xe3\
\x02\x10\x07\xdf4A\x88\x83s\x01\xfaQ|\xc4\xfa\x22\
\xb5\xb5\xc9!\x1b\xa2jTM\x01\xb0z\xf5\xeaf\xad\
\xad>\x00\x11\xd3Y\xf2\xe1\xba\x1e\xb6n\x0d\xd6\x16h\
Y\x16\xce\x9ez$\x22c\xad\x07d<\xa8X_\x1d\
;e\xee\xc6\xc2\xa4,.fV\xa9\x0d+g\x1f\xd0\
nx6\x80\xa2m\x88 *\xc2\x13\x16\xd3G\xa2S\
\xdb\xfbL\x07\x11\xa2\xd8\xaa\xa6\x00\x00\x80\xee\xee\xbe\x1b\
\x01\x5cm:G\xbe\xc6\xd3\x16xLS\x1df\x1e{\
\xf0-\x10\x18X\xc3\x8ck\x92S;\x1e.d>\xd3\
x\xd3\xd3\xf1l.\xb6\xe0\x80v\xc3vT\xd9\xcf\xb8\
\x08\x8av\x10\xf09\xe9\xe9\x17\xd5\xac\xaa\xde\x1c{z\
z\x1a\x99\xedu\x00&\x99\xce\x92\x0f\xad5\xb6l\xd9\
\x1c\xb0-Pa^\xf3\x11HF\x0fX?\xc7\xb4\x17\
J\x7f=>e\xe3\x0f\xaaae\xf3\xd0\xba\x95GZ\
\xd0\xe7\xefo7\xbc\x08\xc0\x89\xa63\x09\xe3\x18\xc0\x7f\
IO\xbf\x10UV\x00\x00@ww\xef'\x00\xba\xc9\
t\x8e|\x0d\x0d\x0db\xcf\x9e`\xef[\xf5\xc9\x1a\x9c\
qb-\x00x\x04\xdc\xe1\xfa\xfc\xcfu\xa7\xce\x09\xd6\
SX\x81\xde\xd4n\xb8\x18@\x83\xe9L\xa2\x88\x18\xdd\
\x00\xae\x94\x9e~!FU]\x01\xb0d\xc9\x12\xbb\xa9\
\xe9\xe8.\x00\xad\xa6\xb3\xe4k\xcb\x96\xcdp]7\xd0\
\xb5\xd3'OZ{L\x9duYm\xcb\xdc?\x84\x1c\
\xab\xac0\xdfk\xa564\x9f~\xc0\xfa\x81sQ\xa6\
\xebC\xc4\x18\xa4\xa7_\x88\x83\xaa\xba\x02\x00\x00\xba\xba\
\xd6\xbc\x8d\x88\x1f0\x9d#_\xe9t\x0a;v\xec\x08\
tm$\x12\x19\xbe\xf8\xe2\xce\xfaRj\xed+E\xdc\
\xdd]\x93M\xfag\xc9\xfa\x81\x0a\xc3x\x90\x14\x7f\xb4\
\x18\x1bZ\x09Qn\xaa\xf6\x0d\xae\xa7\xa7\xefaf\x5c\
h:G\xbev\xec\xd8\x81t:X[`]]\xed\
\x0f\x16.<\xf7\xe3!G\xaa(\xc3\x1b\x9f=Z\xf9\
\xf6\xb9\xa3\xeb\x07\xf8\x12\x80\x8e7\x9dI\x8c\x8b\xf4\xf4\
\x0b1\x86\xaa-\x00V\xae\xec\x9dnY\xd4\x0d`B\
\xdb\xe6\x99\xe2\xba9l\xd9\xb2\x15\xa3k\x9a\x0e\xcf\xb2\
,?\x16\xb3\x8f\xee\xec\xec\x94EOy:p\xfd\x00\
3_D@A\xf6\x5c\x16\x05'=\xfdB\x04T\xb5\
\x05\x00\x00tw\xf7\xdd\x0a\xe0\x1fM\xe7\xc8\xd7\x9e=\
\xbb144\x14\xe8\xdaD\x22\xf1\xc8\xe2\xc5\x0b\x17\x87\
\x1c\xa9*poo$\x13I\xcd\xd7\xa4:\x89i1\
\x88;\x00\x14\xf4\x14&\x91\x97%\x96\xc5\x1f\x89\x9e<\
g\xad\xe9 B\x94\x83*/\x00\xba\x8f\x02\x9c\x97\x00\
\xd4\x9b\xce\x92\x0f\xad}l\xde\xbc\x19Z\x8f\xfdx_\
)\xc5\xd1h]\xfb\x85\x17.\xe8*B\xb4\xaa\x22\xc7\
\x1d\x1b\xc6\xb4\x97\x89\xbf\x90hn\xff\xb1\xf4\xf4\x0b\x11\
\x5cU\x17\x00\x00\xd0\xd5\xb5\xe6Z\x22\xfe\xb6\xe9\x1c\xf9\
\x1a\x18\x18\xc0\xbe}{\x03]\x1b\x8f\xc7_\xba\xf0\xc2\
E\xa7\x86\x1c\xa9\xea\xa5_^u\x92\xf6\xf5b\x02:\
\x01,\x02p\x84\xe9L\x15J\x13\xf8\xd6\xac\x13\xf9b\
\xc3\x89\xb3\xf6\x99\x0e#D\xb9\xa9\xfa\x02\xa0\xb7\xb77\
\xe2y\xd4\x07\xa0\xd9t\x96|03\xb6n\xdd\x0c\xd7\
\xf5\xc6\xbc\x96\x88P[\x9b|\xdf\xc2\x85\xe7\xfeW\x11\
\xa2\x09\xc8v\xc5\xa1!\xee\x82\x8f+\x13\xa7\xccy\xce\
t\x14!\xcaU\xd5\x17\x00\x00\xd0\xd5\xd5{9\x11\xfd\
\xdct\x8e|\x8d\x8c\x8c`\xd7\xae\x9d\x81\xae\x8dF\xa3\
\xfd\x17_\xdc\xd9\x18r$q\x08\xbc\xe9\xe9x\xd6u\
\xce\xd6Zu\x02X\x0c\xa0\x0dr\xdc\xf1x\x0c\x81\xf0\
\x95\xf8k\x83?\xa0\x85\x0b\xc7\xaez\x85\x10\x87$\x05\
\xc0~\xdd\xdd}K\x01\x9cc:G\xbe\xb6o\xdf\x86\
L&\x13\xe8\xda\xda\xda\xdao/Zt\xee\x17C\x8e\
$\x02\x18Z\xb7\xf2H\x8bx\x11\x13/&\xa6N\xc8\
v\xc5\x87\xc6\xf8%\xb4uu\xe2\xd4\xd3\xb7\x98\x8e\x22\
D%\x90\x02`\xbf\xee\xee\xbev\x00/\xa0L?\x8d\
\xe5r9l\xdb\xb65\xd0i\x81\x8ec\xbbMM\xf5\
G\xcc\x9bW\xfa\xc7\xffV\x9b\xcc\x86US}\xed/\
\xa6\xd1\xc5\x84\x0b!\xdb\x15\x03\xc0:\x06]-=\xfd\
B\x14\x96\x14\x00\x07\xe8\xe9\xe9\xbb\x87\x19\xef5\x9d#\
_\xbbv\xed\xc2\xc8\xc8p\xa0kkj\x92\xbf\xe9\xec\
<\xef\x1d!G\x12\x13\xc0|\xaf\x95^\xdf<w\xff\
fD\x9d\x00\xceB\x15mW\xcc\xc0 \x01\xdf\x8cg\
c7Qkk\xcet\x1e!*\x8d\x14\x00\x07\xe8\xea\
z\xf1-D\xfe\x8b\x00jLg\xc9\x87\xef{\xd8\xbc\
ys\xa0Y\x00\xa5,nhh\x9cv\xce9g\xbe\
T\x84h\xa2\x00\xb8\xbb\xbb&\x95\xcc\x9dGP\x9d\xc4\
X\xcc\xc0\x0c\xd3\x99B\x92\x06\xe8\x87\x9e\xaf\xbfS\xcd\
\x87W\x09\x116)\x00\xde\xa4\xa7\xa7\xef\xeb\xcc\xf8\xb2\
\xe9\x1c\xf9\xea\xef\xefG\x7f\x7f\xb0\x8e\xa8D\x22\xde\xb3\
x\xf1\xa2\xb6\x90#\x89\x90\x0c\xbf\xfc\xfc1\x96gu\
j\xe2\xc5\x04\xea\x04p\x9c\xe9L\x134\x04\xc2m\xec\
\xd2\x0d5\xd3\xda\xb7\x9a\x0e#D\xa5\x93\x02\xe0M\x96\
/_\x9ep\x9c\xc4Z\x00\x93Mg\xc9\x07\xb3\xc6\x96\
-[\xe0y\xc1\x16H\xd7\xd66\xbcc\xd1\xa2\x05\xbf\
\x099\x96(\x82\xec\xba\x95\xd3}\xa5\x17CS'\x08\
\xe7\x03H\x9a\xce\x14\x08\xf1\xcb\x80\xba%\xab\xe8\x96\xc6\
\x93g\xf7\x9b\x8e#D\xb5\x90\x02\xe0 zz\xd6\xbc\
\x9f\x99\xff\xd3t\x8e|\x0d\x0f\x0fc\xf7\xee]\x81\xae\
\x8d\xc5\xa2;/\xba\xa8\xf3\xe8\x90#\x89\x22\xe3\xe5\xcb\
\x9dL\x13\xcd\xd3>u\x12q'\x803PZ\xe7^\
\xa4\x00<\xa8\x98o\x8f\xb6t<\x22\xa7U\x0aQ|\
R\x00\x1c\x043\xab\x9e\x9e5\xcf\x01\x98c:K\xbe\
\xb6n\xdd\x82\x5c.\xd8\xba\xa9\xda\xda\xda\x7f^\xb4\xe8\
\xdc\xebC\x8e$\x0c\xe2u\xcf\xd6\xa5\x10]H\xa4;\
\x19XD\xc04\x14\xbf\xe3e7\x80G\xc0\xf8U<\
e?$\x87\xf5\x08a\x96\x14\x00\x87\xb0z\xf5\x9a\xf9\
Z\xf3\x93(\xd3\xbf\xa3L&\x83\xed\xdb\xb7\x05\xba\xd6\
q\x9cl<\xee4,\x5c\xb80\xd8F\x02\xa2\xec\xed\
\xdd\xb0\xbc>\xa1q&+\xcc\x03\xab3\x991\x0f\xc4\
M\x05\xbe\xcdV\x00\xcf\x02\xfc\x0c\x14/\x8d\x9f<g\
\xb9|\xd2\x17\xa2t\x94\xe5\xe0V,\xdd\xdd}\xbf\x04\
\xf0W\xa6s\xe4k\xe7\xce\x9dH\xa5\x82}\xc8\xaa\xa9\
I\xfe\xa4\xb3\xf3\xbc\xb2m\x81\x14\x13\xc3\xcc\x94\xd9\xb8\
b2\x88N\x84O'\x81p\x22\xc0'h\xc2\x89\xc4\
\x98\x84\xd1\xfd\x08b\x00\x12\xfb\xbf$\x8d\xd1i\xfc\x01\
f\xdaK\xc4\xdb\x99h3\xa07)\xcdk\x5cO\xaf\
\xae;\xedL9~Z\x88\x12&\x05\xc0a\xac^\xbd\
\xbaYk\xab\x0fe\xda{\xedy.\xb6l\xd9\x12\xb0\
-P\xe9\xfa\xfa\x9a\xe3\xcf=\xf7\xdc`\xd3\x06B\x08\
!\xcaZY\xeezW,3g\xce\xdc\x00\xd0\xcd\xa6\
s\xe4\xcb\xb6\x1d\xd4\xd5\xd5\x05\xbaVk\xad\x5cW\xff\
0\xe4HB\x08!\xb7\xde-\x97\x00\x00\x04nID\
ATJ\x84\x14\x00cH\xa7\xedo\x00\xd8a:G\
\xbe\xea\xeb\x1b`YV\xa0k3\x99\xcc\xdb\xee\xbd\xb7\
\xb7,g;\x84\x10B\x8c\x8f\x14\x00c\x987o\xea\
 \x80\xaf\x9b\xce\x91/\xa5\x14\x1a\x1a\x82\x1d\xfe\xe7y\
\xbe}\xf4\xd1\xfb\xfe&\xe4HB\x08!J\x80\x14\x00\
\x01\xbc\xf8\xe2i\xb7\x00\xf8\x83\xe9\x1c\xf9\xaa\xadM\x22\
\x12\x09\xf6\xc1\xde\xf3\xf4\xa5!\xc7\x11B\x08Q\x02\xa4\
\x00\x08\xe0\xf2\xcb\xc9\x07\xf8\xb3\xa6s\xe4\x8f\xd0\xd8\x18\
l\x16\xc0\xf7\xfdJ\xdd_^\x08!\xc4\x01\xa4\x00\x08\
\xa8\xad\xad\xf5\x7f\x01\xfa_\xd39\xf2\x15\x8f'\xe08\
\xce\x98\xd7\x11\xf1\xd8\x17\x09!\x84({R\x00\x8c\x83\
\xef\xebO\x03\x08\xb6\xc9~\x09\xaa\xab\xab\x0fr\x99\xb4\
\x86\x0a!D\x15\x90\x02`\x1c\xda\xdb[\xfb\x00\xdcj\
:G\xbeb\xb1\xf8\x98\xd7\x10Y\x9b\x8b\x10E\x08!\
\x84aR\x00\x8c\x93m\xf3\x97\x01\xec5\x9d#\x1f\x8e\
c\xc3\xb2\x0e\xffOnY\xea\xf9\x22\xc5\x11B\x08a\
\x90\x14\x00\xe3\xd4\xda\xda\xba\x17\xe0o\x9b\xce\x91/\xcb\
:\xdc\x81p\x04\xad\xd5mE\x0b#\x84\x10\xc2\x18)\
\x00\xf2`\xdb\xb8\x19\xc0:\xd39\xf2At\xe8\x7f\xf2\
X,\xfa\xda\x05\x17,\xd8P\xc48B\x08!\x0c\x91\
\x02 \x0f\xad\xad\xad9f\xba\xd6t\x8e\xfc\x1c\xfc\x5c\
\x00\x22B$\x12\xfbj\x91\xc3\x08!\x840D\x0a\x80\
<\x9d~\xfai\xf7\x03x\xd4t\x8e\xf1r]\xf7\xa0\
\x7f\x1e\x8b\xc5\xff\xb0p\xe1\x82;\x8b\x9bF\x08!\x84\
)R\x00L\xcc\xe7\x00\x94\xcd\xf9\xe6\xbe\xefA\xeb?\
\x8f\xeb8N\x86\xb9\xe6\x12\x03\x91\x84\x10B\x18\x22\x05\
\xc0\x04\xb4\xb5M_\xc9\xccw\x9b\xce\x11\xd4\xc8\xc8\xc8\
\x9f\xfd\x99m\xdb\xaem\xd7\x9cu\xd1Egl2\x10\
I\x08!\x84!R\x00L\x90e\xe9k\x01\x0c\x99\xce\
\x11\xc4\xd0\xd0\xf0\x9f\xfc\xffX,\xb2+\x91H\xb6_\
x\xe1\x82.C\x91\x84\x10B\x18\x22\xbb\xbe\x15@W\
W\xdf\x97\x89J\xfb\xc4\xc0Tj\x04;w\xee\x04\x00\
(\xa5t\x22Q\xf3\x93E\x8b\xcey?\x11\x95\xcd#\
\x0c!\x84\x10\x85#3\x00\x05\x90J\xd5\xde\x00\xe0U\
\xd39\x0e\x85Yc\xcf\x9e\xbd \x02\xe2\xf1Dw\x22\
\x11\x99r\xc1\x05\xe7^!\x83\xbf\x10BT/\x99\x01\
(\x90\xae\xae\xde\xf7\x12\xd1=\xa6s\xbc\x193\xb0k\
\xd7vh\xcd;\xe2\xf1\xf8\xdf\x9d{\xee\xfc\xb2\xeb\x5c\
\x10B\x08QxR\x00\x14\x083Sw\xf7\x9a'\x89\
0\xdft\x96\xd713\xfa\xfb\xf7m\x05\xe8\xbb\xe7\x9f\
\xbf\xe0f\xd3y\x84\x10B\x94\x0ey\x04P D\xc4\
J\xd1gp\xa8\x9dv\x8aNo\x1f\x19\x19\xbe~\xe7\
\xce\xc6\x93e\xf0\x17B\x08\xf1f2\x03P`==\
}?g\xc6\xe5\x06#\xa4\x99q\xb3\xe7E\xbf=g\
N\xf3\x80\xc1\x1cB\x08!J\xd8\xe1N\x86\x11y \
\xf2?\xc3l\xbd\x0d@\xa2\xc8\xb7f\x80~\xa15>\
7{\xf6i\xaf\x14\xf9\xdeB\x08!\xca\x8c\xcc\x00\x84\
\xa0\xa7\xa7\xf7\xdb\xc5<+\x80\x88^\xf0}\xbaf\xf6\
\xeciO\x15\xeb\x9eB\x08!\xca\x9b\x14\x00!X\xbb\
vmm.\xa7_d\xc6\xb1\xe1\xde\x897\x03\xf4\xcf\
\xb3f\x9dv\x0f\x11\x95\xc8\xda\x03!\x84\x10\xe5@\x16\
\x01\x86`\xda\xb4iC\x00_\x1d\xe2-\x86\x00\xfab\
]]bj[\xdb\xf4\xbbe\xf0\x17B\x081^2\
\x03\x10\xa2\xee\xee\xbe\xbb\x00\x5cQ\xc0\x97\xd4\x00~b\
\xdb\xfc\xb9\xd6\xd6\xd6\xed\x05|]!\x84\x10UF\x16\
\x01\x86\xc8uSW9N\xfch\x80.*\xc0\xcb=\
jY\xfa\xd33f\xcc\xe8.\xc0k\x09!\x84\xa8r\
2\x03\x10\xb2\xde\xde\xde\x88\xe7\xd1\x9d\x00\xde\x9d\xe7K\
\xbc\x04\xf0g\xdb\xdaZ\x7f[\xc0XB\x08!\xaa\x9c\
\x14\x00E\xd2\xd3\xd3\xf7\x0ef\xdc\x0c`r\xc0/\xd9\
\x0e\xe0;\xae\x9b\xfa\xe1\x9c9s\xdc\x10\xa3\x09!\x84\
\xa8BR\x00\x14\xd1\xe8l\x00\xdeND\xefg\xc6\x02\
\x00\x0d\x07\xfew\x22\x0cj\x8d\xe7\x00\xdc\xe38\xfc\xf3\
\xd6\xd6\xd6\x9c\x99\xa4B\x08!*\x9d\x14\x00\x06\xf5\xf6\
\xf6\x9e\xe0\xfb\xeaH\x00`\xa6\xe1Y\xb3N]''\
\xf4\x09!\x84\x10B\x08!\x84\x10B\x08!\x84\x10B\
\x08!\x84\x10B\x08!\x84\x10B\x08!\x84\x10B\x08\
!\x84\x10B\x08!\x84\x10B\x08!\x84\x10B\x08!\
\x84\x10B\x08!\x84\x10B\x08!\x84\x10B\x08!\x84\
\x10B\x08!\x84\x10B\x08!\x84\x10B\x08!\x84\x10\
B\x08!\x84\x10B\x08!D\x91\xfc\x7f\xbb\x9d`\xdf\
\x1b|\xbeK\x00\x00\x00\x00IEND\xaeB`\x82\
\
\x00\x00:\xbc\
\x89\
PNG\x0d\x0a\x1a\x0a\x00\x00\x00\x0dIHDR\x00\
\x00\x02\x00\x00\x00\x02\x00\x08\x06\x00\x00\x00\xf4x\xd4\xfa\
\x00\x00\x00\x04sBIT\x08\x08\x08\x08|\x08d\x88\
\x00\x00\x00\x09pHYs\x00\x00\x0e\xc4\x00\x00\x0e\xc4\
\x01\x95+\x0e\x1b\x00\x00\x00\x19tEXtSof\
tware\x00www.inksca\
pe.org\x9b\xee<\x1a\x00\x00 \x00ID\
ATx\x9c\xed\xddy\x9c\x5ce\x99\xf6\xf1\xeb>\xd5\
{w:\x01\x12\xf6E\x96$\x9d\x04T\x06\x05I\x00\
C\x12@D\xe4U\x08\xc3\xa0\xbe\x83:\xc3\xf8\xba0\
\x82\xcc\xa8\xa0\xb1\x08\xa8(\xa2\xe3\xcb\x8c\xf3\x0a: \
d#\x9d\x00\x81\x01\x9c\x19\x11\x91\x1d\xc2*$\xdda\
\x89\x84}\xcbB\x92\xeetw\xd5\xb9\xdf?\x92`\x12\
\xba\x93^\xaa\xea9u\xea\xf7\xfd|\xfc(\xa4s\x9e\
\x0bL\xf5\xb9\xfa\x9cs\x9fG\x02\x00\x00\x00\x00\x00\x00\
\x00\x00\x00\x00\x00\x00\x00\x00\x00\x00\x00\x00\x00\x00\x00\x00\
\x00\x00\x00\x00\x00\x00\x00\x00\x00\x00\x00\x00\x00\x00\x00\x00\
\x00\x00\x00\x00\x00\x00\x00\x00\x00\x00\x00\x00\x00\x00\x00\x00\
\x00\x00\x00\x00\x00\x00\x00\x00\x00\x00\x00\x00\x00\x00\x00\x00\
\x00\x00\x00\x00\x00\x00\x00\x00\x00\x00\x00\x00\x00\x00\x00\x00\
\x00\x00\x00\x00\x00`\xc0,t\x00\x00;\xe6\x8bOn\
\xd0\xf0\xf5{(\xef\xbb\xcblW\xc5\xd1()n\x8e\
\xcd\x9a%5K\xd6l\xf2f\xb9\x86\xcb4b\xe3\xdf\
S\xd5\xa6\xdf^/Y\xdd\x16Gk\x96\x94\x91\xd4#\
i\x95L\xcf\xbbto$-\xd2\x98\x9d\xef3k\xcd\
\x97\xf8\x1f\x0f@\x00\x14\x00 0\x7f\xe2\xf8F\xd5\xc4\
\x07\xc8t\x80L\x07\xc4\x8a\xf77\x8fv\x97|wI\
\xbbJ\xdaKRS\x89\xe2\xbca\xd2\xe5j\xec\xb8\xc2\
\xf6\xb9\xbf\xb3Dk\x02\x08\x80\x02\x00\x94\x80/\x9f\x5c\
\xa7\x5c\xd58\xe5}B,\x1f+\xe9\x003;@\xae\
\x03\xb4\xf1$\x9f4/\x9a\xdb\xb96\xeew\x0bC\x07\
\x01P\x1c\x14\x00\xa0\x80|\xf1a\xd5j\xd8e\xac2\
\xf9\x09\xb1\xfb\xc1f\x1a/\xb7C$\x1d\xa0\x8d\x97\xdd\
\xcb\x89\xbb\xec\x07\xd1\xd8\xa3f\x98e\xe3\xd0a\x00\x14\
\x16\x05\x00\x18$w\x99\xda\x8f\x1d#\xb3\xc3c\xe9\xc3\
&\xfb\xb0\x5c\x1f\x94T\xb7\xc3\xdf\x5cF\xdc5/j\
9\xfa3\x94\x00 ](\x00@?\xf9\xd3'\xec\xac\
L\xfe\xe8\xd8\xfc\x08s?\x5c\xb2\x0fI\x1a\x1e:W\
)\xb8\xec\xfb\x99\x96\xdf}'t\x0e\x00\x85C\x01\x00\
\xfa\xe0\xed\x93GJ\xd1\xd1\xb1\xdbd\x93>*\xe9\x10\
IQ\xe8\x5c\x81\xb8\xb9M\xe7\x99\x00 =(\x00\xc0\
&\xfe\xdc\xb4\xe1\xea\xd6\xd48\x8a'\x9b\xdbdI\x07\
\x8b\xcf\xc8\x96VXm~\xac\xed\xff\x87\x0d\xa1\x83\x00\
\x18\xba\xaa\x1d\x7f\x09\x90^\xbel\xda\x01\x8a\xfddw\
}\xc2{\xfc\x18\x99j\xcc9\xe7\xf7a_uU}\
M\xd2e\xa1\x83\x00\x18:\xbe\xd3\xa1\xa2\xf8\x13\xc77\
\xaa\xb6gj\xac\xe8\xe3&\x9d(i\xdf\xd0\x99\xca\x8a\
\xe9u\x1bs\xf4\x9e<\x10\x08\x94?\x0a\x00R\xcf\x17\
\x9f\xdc\xa0\xc6\xf5Sc\x8b\xa6\x9b\xfc\xd3\x92\x1aCg\
*g\xa6\xf8(k\xb9\xf3\xde\xd09\x00\x0c\x0d\xb7\x00\
\x90J\xfe\xe4Q;\xa9\xb6\xeed\x97Ow\xef8N\
\xb2Z\x93\x87\x8e\x95\x0a\xb1\xa2S$Q\x00\x802G\
\x01@j\xf8s\xd3\x86\xab\xc7Os\xd9\xe9.?V\
\xee\xd5\xa13\xa5\x91I\x93Bg\x000t\x14\x00\x94\
5\xf7\xe9\x19\xb5\xaf<.\x96\x7f\xce{\xfcS\x92\xea\
\xc5O\xfa\xc5e:0t\x04\x00CG\x01@Y\xf2\
e\xd3\xc6\xc5y\xfd\xb5\xb7\xaf\xfc[I\xef3\x1eg\
)\x1d\xd7\x88\xd0\x11\x00\x0c\x1d\x05\x00e\xc3\xdb&\x0d\
\x93\xea?\xeb\xd2\x17=\xf6\xc3\x8cs~(\xb5\xa1\x03\
\x00\x18:\x0a\x00\x12\xcf\xdb\x8fo\x89=>\xcb\xa5\xb3\
%\xdf)t\x1e\x00H\x03\x0a\x00\x12\xc9\x9f\x9e^\xa3\
\xcc\xdb\xa7\xb8\xdb\xd9\xee\xf9\xa9\xc6\xc8*\x00\x14\x14\x05\
\x00\x89\xe2\xedS\xf6\x8ae_q_\xf9E\xc9v\xe5\
\xb4\x0f\x00\xc5A\x01@\x22\xf8\x92\xe3F\xc7Q\xfcU\
w\x9dm)\xdbN\x17\x00\x92\x88\x02\x80\xa0\xbc}\xda\
Q.\xff\xa6{|\x12\x97\xf9\x01\xa0t(\x00(9\
\xf7l\xa4\xb6?\x9e\xe4\x91]\xe0\xee\x1f\x09\x9d\x07\x00\
*\x11\x05\x00%\xe3\x9e\x8d\xd4\xfe\xc7S\xbd\xfd\xeeK\
d6\x86\xf7\xf5\x00@8\x14\x00\x14\xddV'~\xd9\
\x98\xd0y\x00\x00\x14\x00\x14\x11'~\x00H.\x0a\x00\
\x0a\xce=\x1bi\xd9=\x9f\xf5e\xf7|W\xb2\x83B\
\xe7\x01\x00\xbc\x17\x05\x00\x05\xe5\xcb\xa6M\xf3\xb6\xbb\x7f\
,\xd3\xa1\xa1\xb3\x00\x00\xfaF\x01@A\xf8\xd3\xc7N\
\xf0\xaa\xe8R\x8f\xfd\x13\x0c\xf3\x01@\xf2Q\x000$\
\xfe\xcc\xe4\xbd\xe38\xf3]w}Q\xaeL\xe8<\x00\
\x80\xfe\xa1\x00`P\xfc\x99\x13\x9b\xe3|\xf7\x85\x9e\xd7\
9\xbc\xb9\x0f\x00\xca\x0f\x05\x00\x03\xe6K\xa7\x9c\xec\xf9\
\xee\x7f3i\x9f\xd0Y\x00\xa0\x14|\xfa\xf4\x8cV\xd6\
N\x94\xfc\x14I\x93$\x1d i\xf3\xee\xa4\xab$=\
/\xe9^\xc9\x16i\xe7\xae\xfb\xac\xb55\x1f*k\x7f\
q\xb7\x16\xfd\xe6\xed\xc7\xb7x\x9c\xbfB\xa6i\xa1\xb3\
 \xac\xa8\xe5\x0e\xbew\xa0\x22\xf8\x91\xd3\xebU_}\
\x8e\xcc\xce\x93\xb4k?\x7f\xdb\x1b\x92.WG\xf7\x15\
v\x7fkg\x11\xe3\x0d\x09\x1fb\xec\x90/\x9f<\x22\
\xee\xca\x5cd\xd2\x97\xc5U#\x88\x02\x80\xca\xe0S?\
s\x9a\xa4\x9fI\xda{\x90\x87xQf\xe7\xda\xeff\
-,`\xac\x82\x89B\x07@r\xb9\xcb\xbcm\xca\xe7\
\xbd+\xd3n\xd29\xe2\xe4\x0f\xa0\x02\xb8d>\xed\xb3\
YI\xf35\xf8\x93\xbf$\xed#\xf7V\x9f\xf6\xd9K\
=\x9bM\xdc\xf9\x96\x16\x8f^\xf9\xb2i\x07x\xde\x7f\
\xc9\xe5~\xf4\x86+\x00H+\xcff#\xdd\xfd\xecl\
\xc9\xcf(\xec\x91m\x9e\x8e>\xe83\x96\xcd\xc6\x85=\
\xee\xe0%\xae\x91 ,\xf7l\xe4K\xa7\x9d\xed\xb1?\
\xc1\xc9\x1f@\xc5\xb9{\xd9\xc5\x85?\xf9K\x92\x9f\xa1\
?>sQ\xe1\x8f;x\xb4x\xbc\xcb\x97N;\xc4\
\xcd\x7f%\xe9\xf0\xd0Y\x90l\x5c\x01@\x1am\xba\xe7\
?_\xc5;7\xba\xcc\xa6'\xe5\x99\x00>\xc4\x90/\
>\xacZM\xc3\xcfs\xd9LI5\xa1\xf3 \xf9(\
\x00H\x1b\x9f|V\x9d2=\xcbT\xfc\xf1\xe6\x97\xd5\
\xd08\xc6n\xb9\xb2\xa3\xc8\xeb\xec\x10\xb7\x00*\x9c/\
\x99\xf2W\xde8\xe2q\x97]*N\xfe\x00*UU\
\xcf\xd7U\x9aw\x9b\xec\xa5\xce\x8e\xaf\x94`\x9d\x1d\xa2\
\x00T(\xf7l\xe4mS\xff\xd1#\xbb_\xa6\xf1\xa1\
\xf3\x00@(>}zF\xaesK\xb7\xa0\x7f#\x09\
S\x01\xc1\x03\xa0\xf4|\xc9\x94\xfd\xbc\xed\xee;]\xfa\
\x17\xf1S?\x80J\xf7v\xf5$\xf5\xff%?\x85\xb0\
\x9b\xeez\xe6\xc8\x12\xae\xd7+\x0a@\x85\xf1\xb6)\xd3\
=\xb2\xc7e:&t\x16\x00H\x04\xd3)%_3\
\x0a\xb0\xe66x\xb1K\x85\xf0\xf6\xc9#=\xce\x5c\xe9\
\xd2\xa7Bg\x01\x80d\xb1\x89%_\xd2U\xfa5\xb7\
A\x01\xa8\x00\xde>\xf5hw\xcd\x95i\xaf\xd0Y\x00\
 q\xdc\x0e\x94yi\xd74\x1dT\xda\x05\xdf\x8b[\
\x00)\xb6\xf1U\xbeS\xff\xd1]wH\x9c\xfc\x01\xa0\
W\xe6\xc3K\xbf\xa8\x8f(\xfd\x9a[\xe3\x0a@J\xf9\
\xd2\xa9\xbbx\xbb]+\xf9\xc7Cg\x01\x80\x84\x0b\xf0\
0\xb4\xd5\x96~\xcd\xadQ\x00R\xc8\xdb\xa7~\xd8]\
\xd7K\xbe\x7f\xe8,\x00\x80d\xe2\x16@\x8a\xb8\xcb|\
\xe9\xd4o\xb8\xeb^I\x9c\xfc\x01\x00}\xe2\x0a@J\
\xf8\xf2\xc9uq{\xd5\x95f\xfe\xb9\xd0Y\x00\x00\xc9\
G\x01H\x01\x7ff\xf2\xde\xde\x95\xb9\xd1\xe4\x1f\x0a\x9d\
\x05\x00P\x1e\xb8\x05P\xe6\xbc\xed\xd8I\x1eg\x16K\
\xe2\xe4\x0f\x00\xe87\x0a@\x19\xf3\xa5\xd3\xcevE\xbf\
\x97k\xb7\xd0Y\x00\x00\xe5\x85[\x00e\xc8\xef\x9c\x5c\
\x15\xef\x91\xb9\xdc\xe5\xe7\x84\xce\x02\x00(O\x14\x802\
\xe3\xcb'\x8f\xd8x\xbf_\x93Cg\x01\x00\x94/\x0a\
@\x19\xf1\xf6){y\x97\xdd*\xe9\x03\xa1\xb3\x00\x00\
\xca\x1b\x05\xa0L\xf8\xd2i\x87\xb8\xfbm\x92\xf6\x0e\x9d\
\x05\x00P\xfex\x08\xb0\x0c\xf8\xb2i\xd3\xdc\xfc\x1eq\
\xf2\x07\x00\x14\x08\x05 \xe1|\xe9\x94\xb3<\xf6\xdb$\
5\x87\xce\x02\x00H\x0f\x0a@\x82\xe5\x97N\xcb\xba\xd9\
\xd5\x92\xaaCg\x01\x00\xa4\x0b\xcf\x00$\x90\xbb,n\
\x9b\xfa\x133?/t\x16\x00@:Q\x00\x12\xc6}\
z&n_\xf9K3}1t\x16\x00\xe8\xcb\xf4\xf9\
\x9e\x19\x99\xd7D\x8bt\x8a\xa4I\x92\x0e\x90\xb4\xd3\xa6\
_^%\xe9yI\xf7z\xacEoet_\xeb\xe9\
\x96\x0f\x95\x15\xbd\xb3\xd0\x01\xf0\x17\xfe\xf4\xf4\x1a\xcf\xac\
\x9a%\xf9\xf4\xd0Y\x80\xed\x89Z\xee\xe0{G\x85:\
w\xbe\xd7op\x9dc\xd2y\x92v\xed\xe7o{C\
\xd2\xe5\xb5\xa6+~v\xbau\x161\xde\xa0\xf8\xd4\xcf\
x\x88u\xed\x8e\xd9A?G<\x03\x90\x10\xbe\xf8\xe4\
\x06\xcf\xac\x5c\xc4\xc9\x1f@R}y\xbe\x9f\xd6\xe5Z\
f\xd2\xa5\xea\xff\xc9_\x9b\xbe\xf6G]\xae\xf6/]\
\xef\xa7\x16)\x1e\x06\x88\x02\x90\x00\xfe\xf4\xe4&o\xea\
\xb8E\xd2\xc7Bg\x01\x80\xf7p\xb7/_\xefY\xb9\
\xe6kh\xe3\xc8\xfbDR\xebW\xae\xf7K\xb3Y\xe7\
\xfc\x13\x18\xff\x07\x04\xe6\xcfM\x1b\xee\x99\xcc\x1d\x92\xa6\
\x84\xce\x02\x00\xdb\xcaf=\xfa?\xf35G\xd2\xf7T\
\x98\xdb\xc6\xe6\xd27_\x1f\xa7\xd9\x94\x80\xb0\xf8\x97\x1f\
\x90?q|\xa3w\xfb\xcd\x92\x0e\x0f\x9d\x05\x00z\xf3\
\xfa8]l\xd2\x19\x85>\xaeIg\xbc>N\x17\x15\
\xfa\xb8\xe8?\x0a@ \xbe\xf8\xe4\x06\xaf\xcd\xdd*\xd3\
1\xa1\xb3\x00@o\xbe<\xdfO3\xe9\xdb\xc5:\xbe\
I\x17\xf2L@8\x14\x80\x00|\xf1\xc9\x0d\xde\xd4\xf1\
\x9f\x92}4t\x16\x00\xe8\xcdYW{\x9d\x5c?U\
q\xa7\xc5,\x92~~\xf6-\xdeP\xc45\xd0\x07\x0a\
@\x89m:\xf9\xdf\x22\xe9\xd8\xd0Y\x00\xa0/\x0d\x8d\
\xfa\xba\xa4}J\xb0\xd4^\xd5\x9d\xfaJ\x09\xd6\xc16\
(\x00%\xe4/\x1eY\xefM\xebo\x16\x0f\xfc\x01H\
\xb0\xe9\xf3=#\xd7\xb9\xa5Z\xcf]\xdf\xe0\x81\xc0\xd2\
\xe3_x\x89\xb8O\xcfxG\xfd,\xc9\xa6\x86\xce\x02\
\x00\xdb\xb3\xabk\x92\x066\xe7?T\xbb\xbd5NG\
\x96p=\x88\x02P\x12\xee\xb2\xb8}\xe5\x95r\xfbt\
\xe8,\x00\xb0C\xaeSJ\xbdd>\xc0\x9a\x95\x8e\x02\
P\x02q\xfb\xb4\x1f\x9b\xf4\x85\xd09\x00\xa0?\xdc4\
\xb1\xe4\x8b\x86X\xb3\xc2Q\x00\x8a\xcc\xdb\xa7}\xcb\xe4\
\xe7\x87\xce\x01\x00\x03p`\xa9\x174\xe9\xa0R\xafY\
\xe9(\x00E\xe4\xedS>\xe7\xee?\x08\x9d\x03\x00\x06\
\xc2\xa4\xe1\x01\x96\x1d\x11`\xcd\x8aF\x01(\x12_:\
\xe5dw\xfb\x0f\xb1\xe3\x22\x802\xe3RM\x80ek\
\x03\xacY\xd1(\x00E\xe0K\x8f=\xcc\xcd\xe6I\xaa\
\x0a\x9d\x05\x00\x80\xdeP\x00\x0a\xcc\x97L\xd9\xcf\xa3\xe8\
VI\xbc\xd9\x0a\x00\x90X\xfc\x84Z@\xde6i\x98\
\xcbn\x96k\xb7\xd0Y\x00\x00\xd8\x1e\xae\x00\x14\x88\xfb\
\xf4\x8c\xabn\xb6\xa4\xf7\x87\xce\x02\x00\xc0\x8eP\x00\x0a\
$^\xb6\xea_$\x9d\x1c:\x07\x00\x00\xfdA\x01(\
\x00_:\xedk\xe6\xfe\xd5\xd09\x00\x00\xe8/\x0a\xc0\
\x10\xf9\xd2)\xc7\xbb\xf9\xcfB\xe7\x00\x00` (\x00\
C\xe0K\xa6\xec\xe7f\xb3%eBg\x01\x00` \
(\x00\x83\xe4\xcb'\xd7y\x14-\x9442t\x16\x00\
\x00\x06\x8a\x020HqW\xd5/$?,t\x0e\x00\
\x00\x06\x83\x020\x08\xde6\xf5\x1c\x93\x7f>t\x0e\x00\
\x00\x06\x8b\x020@\xbet\xcaD\x97.\x0b\x9d\x03\x00\
\x80\xa1\xa0\x00\x0c\x80\xb7\x1d\xb7\xa7\x9b-T\x98\x8d2\
\x00\x00(\x18\x0a@?\xb9g#\xf7\xf87\x92v\x0f\
\x9d\x05\x00\x80\xa1b/\x80\xfej\xbf\xe7\x02\x99\xa6\x85\
\x8e\x01 \x99|\xfe\xf4Ln\xe7\xf6\x89n\xf1)2\
M\x92t\x80\xa4\x9d6\xfd\xf2*I\xcf\xcbu\xafy\
\xb4\xa8j\xe5\xd8\xfb\xec\xf4\xd6|\xb8\xb4\x00\x05\xa0_\
\xbc}\xca\xe1\xee>#t\x0e\x00\xc9\xe3\xf7\x1dY\x9f\
\xebZwN\x8f/=O\xd2\xae}|\xd9\xae\x92v\
\x95\xe9#n\xf17zF.}\xa3\xe7\xf7\x13.\xaf\
\xaak\xbe\xc2&\xde\xdfY\xc2\xb8\xc0\xbb\xb8\x05\xb0\x03\
\xbe|\xf2\x08w\xbb^Ru\xe8,\x00\x92\xa5\xeb\xce\
\x09\xa7\xe56\xac]\xe6\xee\x97\xaa\xef\x93\x7fovu\
\xd9\x8fz6\xacm\xef\xfa\xfd\x84S\x8b\x95\x0f\xd8\x1e\
\x0a\xc0\x0e\xc4\x1b2\xff.\xe9}\xa1s\x00H\x0ew\
Y\xd7\x1d\x07g\xcdm\xbeK{\x0f\xe1P\xfb\x98\xac\
\xb5\xeb\x8e\x09\x97z\x96\xef\xc7(-\xfe\xc0m\x87\xb7\
M\xf9\x92\x99\xce\x08\x9d\x03@rxVQ\xcf\xef\x0f\
\x9ec\xa6\xefI\xb2\x02\x1c\xd2\xcc\xec\x9b=G\x1f<\
\x9b\x12\x80R\xe2\x0f[\x1f\xfc\x99\xa9\xe3]\xf6\xd3\xd0\
9\x00$K\xf71\x07_\xacb\xfc``:\xa3\xfb\
\xa3\x87\x5cT\xf0\xe3\x02}\xa0\x00\xf4\xc2\xef\x9c\x5c\xe5\
y]-\xa9>t\x16\x00\xc9\xd1u\xe7\x84\xd3L\xfa\
v\xb1\x8eo\xee\x17\xf2L\x00J\x85\x02\xd0\x9b=\xaa\
\xbe%\xe9\xf0\xd01\x00$\x87\xdf\xf9\xbe:s\xfb\xa9\
\x0as\xd9\xbf/\x16\xc9~\xee\xb7\x1c\xd6P\xc45\x00\
I\x14\x80\xf7\xf0\xf6c?\xe0\xf2\xef\x86\xce\x01 Y\
r\xf1\xb0\xafK\xda\xa7\xd8\xeb\xb8\xb4W\xae\xb1\xeb+\
\xc5^\x07\xa0\x00l\xc1\x17\x1fV\xed\x9e\xf9\xb5x\xd5\
/\x80-\xf8\xfc\xe9\x197?\xb7d\xebI\xdf\xe0\x81\
@\x14\x1b\x7f\xc0\xb6\x107\xed\xf4=\xb6\xf8\x05\xb0\xad\
\xdc.m\x934\xb09\xff\xa1\xda-w\xcc\x84#K\
\xb8\x1e*\x10\x05`\x13_2\xe5\xafL\xfe\xcf\xa1s\
\x00H\x1e\xb7\xf8\x94R\xaf\x19\xcbJ\xbe&*\x0b\x05\
@\x92?=\xbd\xc6#\xfdF\xbc\xed\x0f@\xaflb\
\xc9W\x94J\xbe&*\x0b\x05@\x92\xa2\x95\xe7Kv\
p\xe8\x18\x00\x12\xeb\xc0\x00k\x1e\x14`MT\x90\x8a\
/\x00\xbed\xca~n\xba t\x0e\x00\x896<\xc0\
\x9a#\x02\xac\x89\x0aB\x010\xfb7I\x8d\xa1s\x00\
H\xb4\x10\x93A\xb5\x01\xd6D\x05\xa9\xe8\x02\xe0\xedS\
\xcf\x90\xe9\xa4\xd09\x00\x00(\xb5\x8a-\x00\xfe\xcc\x89\
\xcd\xee\xba<t\x0e\x00\x00B\xa8\xd8\x02\x10\xe7{~\
$i\xcf\xd09\x00\x00\x08\xa1\x22\x0b\x80\xb7O9\xdc\
\xe4g\x87\xce\x01\x00@(\x15W\x00\xdce\xeev\xb9\
*\xf0\x9f\x1d\x00\x80\xcd*\xef$\xd8>\xf5LIG\
\x85\x8e\x01\x00@H\x15U\x00\xfc\xc5#\xeb]\xfa~\
\xe8\x1c\x00\x00\x84VQ\x05 ^\xd7\xf8MI\xfb\x85\
\xce\x01\x00@h\x15S\x00\xbc}\xca^f~~\xe8\
\x1c\x00\x00$A\xc5\x14\x80\xd8\xf5c\xf1\xc6?\x00\x00\
$UH\x01\xf0e\xc7\x1ea\xb2\xbf\x09\x9d\x03\x00\x80\
\xa4\xa8\x8c\x02\x10G?\x94d\xa1s\x00\x00\x90\x14\xa9\
/\x00\xbet\xca\xf1\x92\x8e\x0d\x9d\x03\x00\x80$I\x7f\
\x01P43t\x06\x00\x00\x92&\xd5\x05\xc0\xdb\xa7|\
J\xe6G\x84\xce\x01\x00@\xd2\xa4\xb6\x00\xb8g#w\
\xfb^\xe8\x1c\x00\x00$Qj\x0b\x80\x96\xfd\xf13\x92\
>\x10:\x06\x00\x00I\x94\xca\x02\xe0\x8b\x0f\xab\xe6\xa7\
\x7f\x00\x00\xfa\x96\xca\x02\xa0a\xc3\xffV\xd2\x81\xa1c\
\x00\x00\x90T\xa9+\x00\xee\xd33\xee\xf6\xcf\xa1s\x00\
\x00\x90d\xa9+\x00j{\xfbtI\xa3C\xc7\x00\x00\
 \xc9RU\x00\xdce.\xfb\xa7\xd09\x00\x00H\xba\
T\x15\x00\xb5M\xf9\x84L\x87\x86\x8e\x01\x00@\xd2\xa5\
\xaa\x00\xb8\xe9\x9b\xa13\x00\x00P\x0eRS\x00\xbcm\
\xca\x14\xc9&\x85\xce\x01\x00@9HO\x010\xfbV\
\xe8\x0c\x00\x00\x94\x8bT\x14\x00\x7f\xfa\xd8\x09rM\x0b\
\x9d\x03\x00\x80r\x91\x8a\x02\x10g\xa2\xafK\xb2\xd09\
\x00\x00(\x17U\xc5:\xf0\x85\xed\x1d{e\xe4\xff\xcb\
\x14\xbd\xdf\xdd\x0f\x91\xb4\xdb\xc6_\xb1\xf5\x92\xbf!\xd7\
\x93\x8a\xfc\x7f\xd664\xfc\xe1g\xfbX\xe7`\xd7\xf1\
'\x8f\xda\xc9\xa53\x0b\x14\x1b\x00\x80\x8aP\xf0\x020\
c\xe9\xba\x13<\x8a\xbej\xae\x13%\xcb\xb8|\x9b\xaf\
\xd8\xf4\xd7\xa6\xa9r;w\xd8\xfa\xce\xf53\xda:~\
\xeb\xb2\x9b2\xb5\x1b\xfe3\xbb\xffN\xab\x07\xb4`m\
\xdd?\xc8\xbd\xa10\xe9\x01\x00\xa8\x0c\x05+\x00\x17,\
Y\xbfGUd?\x92\xf49\xdb\xf6\x9c\xbf}\x8d\x92\
N5\xf9\xa9qWm~F[\xc7\x03\x92Z\xf3\xa6\
\x05\xdf\x1f\xdb\xf0\xf2\xf6~\xa3\xfb\xf4\x8c\xb7\xaf\xfc\x87\
\xc1\xa7\x06\x00\xa02\x15\xa4\x00d\x97n8>\xb6x\
\x81\xa4aC<TF\xd2$I\x932\xae\x9f\xceh\
\xefx\xc8]7f<\xba);\xaen\xd9{\xbe\xba\
\xfd\xedOK\xf6\xbe!\xae\x09\x00@\xc5\x19r\x01\xc8\
\xb6\xad\xffd\xac\xf8zIu\x05\xc8\xb3\xa5H\xae\x8f\
\x98\xf4\x91\xd8\xe2\x1f\xcdh\xebx\xde\xa4\xff4\xb3\xd6\
\xec\x98\xba{e\xe6.;\xa7\xc0k\x02\x00P\x11\x86\
4\x050\xa3\xbdsj,\xbbA\x85?\xf9\xf7\xe6\x00\
\x97\xce\x89\xdd\xef\x9e\xd1\xde\xf9\xe7K\x96\xad\xfe\xf7g\
u\xe8\xf88\x1d\x83\x0c\x00\x00\x94\xd4\xa0\xaf\x00|\xeb\
\xc9\xd5;\xc9\xfdjm\xbcl_j\xfbv\xc75_\
\x9a\xa5\x99\xaaQWW\x8b\xdf[;\xd6\x1e\xd6h=\
\xa2\x1a\x0dz\xa0\x00\x00\x80\x8a1\xe8\x02PSSs\
\x95\xa4}\x0a\x98eP\xbaU[\xfb\xa4M\xd1\x93\x9a\
\xa2\x1am\xd0AzTc\xf5\x80\xc6\xe8a\xd5k]\
\xe8x\x00\x00$\xd2\xa0\x0a\xc0w\x97v\x1c)\xe9\xd4\
\x02g\x19\xb2n\xd5i\x89&j\x89&*\xa3\x9c\xde\
\xa7?\xa9E\xf7\xabE\x0fj\x98V\x86\x8e\x07\x00@\
b\x0c\xaa\x00\x98\xe9\x1f\x0b\x1d\xa4\xd0\xf2\xaa\xd2s:\
T\xcf\xe9P\xdd\xaa/k\x94Vh\xbc\xee\xd1\xc1\xba\
G\xa3\xf4b\xe8x\x00\x00\x045\xe0\x02\x90}\xc6\x9b\
\xe3|\xe7)\xc5\x08SLoj_\xdd\xa53u\x97\
\xce\xd4(\xad\xd08\xdd\xaf\x16=\xa0=\xf4\x9c\xec=\
/+\x02\x00 \xdd\x06\x5c\x00\xf2q\xe7\xc7\xad4O\
\xfd\x17\xcd\x9b\xdaWoj_\xfdQ\x7f\xad\xe1zK\
\xa3\xf5\x88F\xeb!\x1d\xa4G\x95Q.t<\x00\x00\
\x8an\xc0\x05 \x8au\x8a\xa7h\xdb\x9d5\x1a\xa9\xc5\
:A\x8bu\x82\xea\xb5Nc\xf4\x90\xc6\x88\x89\x02\x00\
@\xba\x0d\xa8\x00\x9c\xbd\xd8\xab\xdd:?V\xac0\xa1\
u\xaaIOh\x8a\x9e\xd0\x14U\xabK\xfb\xebI\x8d\
\xd1\x83\x1a\xa7\x07\xd4\xa85\xa1\xe3\x01\x00P0\x03*\
\x00{6\xad\x9f\x1a+\x1aQ\xac0I\xd2\xa3Z-\
\xd3\x87\xb5L\x1f\xd6m\xfa\xb2\xf6V\x9b\xc6\xeb^\x8d\
\xd7\xbdj\xd6\xdb\xa1\xe3\x01\x000$\x03*\x00\xae\xcc\
)\xaa\xc0\x07\xe6bEZ\xa1\xf1Z\xa1\xf1\xfa\xad\xfe\
\x9e\x89\x02\x00@\xd9\xeb\xff\xdd|w\x9b\xd1\xde\xb9B\
\xd2\xde\xc5\x8bS~v\xd2k\x1a\xab\x875^\xf7h\
\x1f-e\xa2\x00\x15!j\xb9#\xb1O\x02M\x9f>\
?\xd3\xb8\xf7\x9a\x89\x16\xe9\x14\xb9&I:@\xd2N\
\x92\xaa\x03G\x03\x8a\xa1G\xd2*I\xcf\xcbt\xaf\xc7\
Z\xb4\xfe\xa5\xe1\xf7\xb5\xb6\x9e\x9e\xdf\xd1o\xec\xf7\x87\
\xf8\xbb\xcb:\x8e\xb0X\x0f\x0c%e\xda1Q\x80J\
\x91\xc4\x020\xfd\xdc\x9f\xd67Z\xd39&;O\xd2\
\xae\xa1\xf3\x00\x01\xbd!\xb3\xcb\xd7\xc5\xef\x5c\xd1\xfa\xb3\
\xf3\xfa|\x9a\xbd\xdf\x1f\xe2\x19\xed\xeb\x7f \xb7o\x17\
&[\xfa1Q\x804KZ\x01\xf8\xfc7\xae:M\
\xb1~&\xe3\x0a%\xb0\x85\x17M~\xee\x7f\xfc\xf4\xec\
\x85\xbd\xfdb\xff\x0b@\xdb\xfa%\x92\x8d+\x5c\xae\xca\
\xc1D\x01\xd2&9\x05\xc0\xed\x0b\xe7\xfd\xea{.\xcd\
\xd0@ni\x02\x95\xc3M\xf6\xe3}\x9b_\xba \x9b\
\xcd\xc6[\xfeB\xbf>0\xdfi\xeb\xdc?\x92?_\
\x9cl\x95e\xcb=\x0a\xc6\xea!&\x0aP\x96\x92P\
\x00\xb2\xd9l\xb4b\xed\xde\xb3\xdd\xfd\x8c\xd0Y\x80\xa4\
3\xb3y\xfb\x0e{\xe93[\x96\x80~M\x01\x98\xc7\
\xc7\xc9\x82\x7f\xdeS\xa1\xef=\x0a\xee\xd5(\xad\x08\x1d\
\x0f(\x1b+\xd6\xecu\xb1\x1b'\x7f\xa0?\xdc\xfd\x8c\
\x17\xd6\xee\xfd\xac\xa4\xefn\xfe{\xfd:\xab\x7f\xaf\xad\
\xe3z\x97N/Z2Hb\xa2\x00\xe5#\xf4\x15\x80\
\xcf\x7f\xe3\xaa\xd3\xe4\x9a/.\xfb\x03\x03\xe1&\x9f\xbe\
\xf9\x99\x80\x1d~x\xb2\xeeQ\xdc\xde\xf9\x9a\xa4QE\
\x8f\x86w1Q\x80$\x0bY\x00\xce\xca^]g\xef\
\xe4\x96I\xda'T\x06\xa0\x8c\xbd\x5c\xbd.\x1es\xe5\
\x95\xff\xd0\xb1\xc3[\x00\xf9\xb6\x8eC\xcd\x8c\x93\x7f\x89\
m\xbbG\xc1\x01z\x5c\xa3\xf5\xb0\xc6\xeb~&\x0aP\
\xd1\xa2\xb5\xb9\xaf;'\x7f`\xb0\xf6\xca5F_\x91\
t\xd9\x0e[\xfc\x8c\xb6\x8eoJ\xba\xb4\xf8\x99\xd0\x1f\
L\x14 \x09B]\x01\x98>}~\xa6i\x9f5\xaf\
\x889\x7f`(^\xdf\xaf\xf9\xe5=w\xfc\x10\xa0\xf9\
T\xa5i\xfb\xbf2\xd7\xf7\x1e\x05\xf7\xa9Yo\x85\x8e\
\x07\x14U\xf3\xbe\xefL\x8a\x9d\x93?0D\xbb-_\
\xbd\xf7\x91\xdb-\x00\xd9\xe5^\x17wu\x1eU\xaaD\
\x18\x98\xbe\xf7(`\xa2\x00\xe9\xe4\xaeSBg\x00\xd2\
\xc02~\xca\xf6\xaf\x00\xf4t\x1d%\xa9\xbe4q0\
Toj_\xdd\xa53u\x97\xced\xa2\x00\xa9\xe4\xf2\
\x89\xa13\x00i\x10\xb9&n\xb7\x00x>\x9e\xca\x90\
MyZ\xa5\xdd\xf5\x80N\xd6\x03:\x99\x89\x02\xa4\xc9\
\x81\xa1\x03\x00i\xe0\xd2A\xdb/\x00\x91&\xf3\x83c\
\xf9c\xa2\x00)2<t\x00 %F\xf4Y\x00\xbe\
\xf6\x8c\xd7*\xdfyh)\xd3\xa0\xf8:\xd5\xa4\xa7u\
\x94\x9e\xd6Q\xbaU_f\xa2\x00\x00*T\x9f\x05`\
\x97\x5c\xe7a\xb1\xa9\xb6\x94aPZL\x14\xa0\x0c\xad\
\x11/%\x03\x0aau\x9f\x05 \x96\x8e,e\x12\x84\
\xc5D\x01\xca\xc4s\xa2\x00\x00Cf\xd2\xb3}?\x03\
`\x14\x80J\xc6D\x01\x12\xc9t\xaf\x5c\x1f\x09\x1d\x03\
(w.\xbfw{\x0f\x01\xf2!\x83$&\x0a\x90\x1c\
\x1ek\x91\x99\xbe\x11:\x07\x90\x02\x8bz\x1d\xf2\xcb.\
\xed|_l\xbe\xbc\xd4iP^\x98(\xa8\x5c\xbc\x0a\
\x18(k\xaf\xef\xd7\xfc\xf2\x9eQo\xbf\x12\xcb\xb9\xfc\
\x8f\x1d\xda<Qp\x93\xce\xd5e\xbaNs4C\x8b\
u\x82\xd63\xa9\x85\x22im==/\xb3\xcbC\xe7\
\x00\xca\x99\xb9.\xcbf\xb3q\xef\xb7\x00\x22\x1d\xc9m\
^\x0c\x04\x13\x05(\x15\x1f\x96\xf9\xbf\xf6N\xee+\x92\
\xf6\x0d\x9d\x05(;\xae\x97\xd6j\xed/$\xf5\xfe\x9e\
\xbf\x19m\x1d\x0fK\xfaPIC!\xb5\x98(H\x9f\
P\xb7\x006\xfb\xc2yW\x9e\xea\xb2V\xf5\xf1=\x0c\
@\xaf\xdc\xdcO\xfd\x8f\x9f\x9d}\xa3\xd4\xcb\x87\xe7\xec\
\xc5^\xbd{S\xe7:I5%\x8f\x86\xd4c\xa2 \
\x1dB\x17\x00I\xfa\xfcyW]\x22\xe9\xc2\xd09\x80\
r\xe1\xd2\xc5\xd7\xfc\xf4\xefgl\xfe\xeb\xf7\xdc\x02\xd8\
\xb3i\xfd\xb8X\x11'\x7f\x14\x05\x13\x05(\x94\xfd\x9a\
_\x9e\xb1b\xed\xde\x07\xba\xfb\x19\xa1\xb3\x00Igf\
\xf3\xf6\x1b\xf6Rv\xab\xbf\xb7\xed\x17\xcdh\xef\xfc\x9c\
\xdc\xaf-U(@b\xa2\xa0\xdc$\xe1\x0a\xc0Fn\
g\x9dw\xd5?\x9b\xec\x87\xe2v\x00\xd0\x1b7\xd9\x8f\
\xf7m~\xe9\x82l6\x1bo\xf9\x0b\xef\xf9\xc0|\xaf\
\xad\xe32\x97\xce/]6`k\xd5\xeab\x8f\x82\x84\
KN\x01\xd8h\xd33\x01?\x93\xb4O\xe8,@\x82\
\xac0\xf7\xafo\xbe\xe7\xbf\xad^\xae\x00\xac\xffo\xb9\
\x1dW\xfc\x5c\xc0\x8eE\x8a\x99(H\xa0\xa4\x15\x00I\
:+{u]\xb4&\xf75\xdf\xf8\xa2\xa0\xddB\xe7\
\x01\x02z]\xb2\x9fxs\xe6_\xaf\xc9~~C_\
_\xd4K\x01\xe8xM\xce\x87\x07\xc9\xc4DA2$\
\xb1\x00l\x96\xcdf\xa3\xe5\xab\xf7>\xd22~\x8a\xb9\
&I:P\xd2N\xe2\xc1f\xa4S\xb7\xa4U\x92\x9e\
s\xd3\xbd\x9e\xb7E\xfb\x8fx\xe9\xfem/\xf7\xf7f\
\xab\x0fq\xf6\xd9\xb5\xbb\xc6\xb9\xcc\xeb\xc5J\x09\x14\x12\
\x13\x05\xe1$\xb9\x00\x00\xe8\x9f\xad\xa7\x00z\xaa?(\
\xdbai\x00\x12\x81\x89\x02\x00\x18\xbc\xad\x0a@^\xf1\
\xfb\xa9\xf5(Gk4R\x8bu\x82\x16\xeb\x04&\x0a\
\x00\xa0\x1f\xb6*\x00fz\x7f\xa8 @\xa1l\xde\xa3\
\xe0i\x1d\xa5[\xf5e&\x0a\x00\xa0\x17[\xfd\xc0\xcf\
+\x80\x91f\x19\xe5\xb4\x9f\x9eR\x8b\xeeW\x8b\x1eT\
\xb3\xde\x0e\x1d\xa9l\xf1\x0c\x00P\xfe\xb6-\x00\xab$\
\x8d\x08\x94\x05()&\x0a\x06\x8f\x02\x00\x94\xbfw?\
\xc4\xdf~f\xed\xa8\xea|\xe6\x8d\x90a\x80P\x98(\
\x18\x18\x0a\x00P\xfe\xde}\x06\xa0*\x979\x88\x17i\
\xa2Rm9Q\xd0\xa85:H\x8fh\xbc\xeee\xa2\
\x00@j\xbd[\x00,\xb2\x83\xe4\xfc\xd4\x03\xac\xd7p\
=\xa1)zBS\x98(\x00\x90Z\x7f\x99\x02\x88\xe3\
\x03e\x5c\x02\x00\xb6\xc4D\x01\x80\xb4\xfaK\x010;\
(`\x0e \xf1zT\xabe\xfa\xb0\x96\xe9\xc3\xbaM\
_f\x8f\x02\x00e\xed/\x05\xc0\xc53\x00@?\xc5\
\x8a\xb4B\xe3\xb5B\xe3\xf5[\xfd=\x13\x05\x00\xca\xce\
\xbb\xa7\xfc\x19m\x1doI\xda%`\x16 \x15*a\
\xa2\x80)\x00\xa0\xfc\x99$e\x97\xaf\x1a\x11w\xd5\xae\
\x0a\x1d\x06H\x9b\xb4N\x14P\x00\x80\xf2W%I\xf9\
\x5c\xcd\xfe|\x9a\x81\xc2\xdbv\xa2`\xac\x1eR\x8b\xee\
\xd7\x81zL\xd5\xea\x0a\x1d\x0f@\x05\xab\x92\xa4LN\
{\xc54\x00\xa0\xa8:\xd5\xa4\xc75E\x8fk\x8a\xaa\
\xd5\xc5D\x01\x80\xa06^\x01\x90\xf6\xe4\xfc\x0f\x94\x0e\
\x13\x05\x00B\xab\x92$\x8b\xa2=x\x09\x10\x10\x06\x13\
\x05\x00B\xd88\x06\xe8\xda#p\x0e\x00\x9b\xbc\xa9}\
u\x97\xce\xd4]:\xb3\x22&\x0a\x00\x84\xb1\xe9=\x00\
\xbeg\xd8\x18\x00z\xb3\xf5\x1e\x05\xef\xe8 -N\xdd\
D\x01\x8006\xbf\x08\x88+\x00@\xc2\xadWs\xaf\
{\x14\x8c\xd3\x03\xaaUG\xe8x\x00\xca\xcc\xe6\x02\xc0\
\x15\x00\xa0\x8cl\xbdG\x01\x13\x05\x00\x06\xce\xb2\xeeQ\
\xdc\xde\xd9\xa5-_\x0b\x0c\xa0,E\x8aK2Q\xc0\
\x8b\x80\x80\xf2g\x17,Y\xbfGUd\xaf\x84\x0e\x02\
\xa0\xf0\x8a5Q@\x01\x00\xca\x9f}\xb7}\xdd\x07\xcc\
\xa3\xc7C\x07\x01P\x5c#\xf5\x92\xc6\xe9~\xb5\xe8~\
\xed\xa9g\x874Q@\x01\x00\xca_U&\xce\xec\x14\
\x1b\xa3E@\xda\xbd\xa5\xbdu\xb7\xa6\xebnMg\xa2\
\x00\x80\xaa\x14\xc5#\xe4\x94y\xa0\x920Q\x00\xa0*\
\x8e\xa3\xe1\xe2\x0a\x00P\xb1\xfa\x9a(h\xd1\x83j\xd2\
\xea\xd0\xf1\x00\x14I\x95\x9b\x0f\xe7\xe7\x7f\x00\x12{\x14\
\x00\x95\xa4\xcad\xc3\xc5\xebE\x01lc\xdb=\x0av\
\xd6+]\x13to\xcf!\xba\xab:t6\x00CW\
%\xf3\xe1\x9c\xff\x01\xec\xc8J\xedY{\xb7\xa6\xd7\xb6\
\xad>\xf2\x19\x9f\xda\xc5w\x0d@\x92\xcc\xa5*\xc5\xaa\
\x8e;T\x97oS\x8d]\xa3n\xbf\xcaZ[\xbbC\
G\xdb\x91H\xee#B\x87\x00P\x1eL\x1e\x9f\xfe\xc7\
\xcbG\x87\xce\x01$\x86\x9b\xd4c\x91:2MZY\
\xf3!\xbdV\xfd\xafZ[\xdd\xe9\x7f=\xfdV\x9f>\
}\xe7\xd0\xf1\xb6'r\xd9\xf0\xd0!\x00\x94\x87#\xda\
n\x8bv]\xf3b\xe8\x18@\xb2\xf5X\xa4\xb7j>\
\xae\xb5\xd5o\xf8\x99\xa7]\x16:N_\x223\xa7\x00\
\x00\xd8\xa1\xfa\xee\xf5\xfa\xe8\x93\xad\xa1c\x00\xe5\xa3\xc7\
2z\xbd\xf6|?\xfd\xf4\xfb=\x9bM\xdc\xeb\xf6#\
\xc5\xd6\x1c:\x04\x80\xe4;\xf6\xf1yj\xe8Z\x17:\
\x06P~\xde\xae\xfe\x88\x9e\x5c\xfa\x5c\xd2J@$S\
]\xe8\x10\x00\x92m\xd4\x9a\x97\xf4\xa1g\xfe't\x0c\
\xa0|\xad\xa9\xdaWO?}g\xe8\x18[\x8a\xe4\xce\
H\x0f\x80\xed\xfa\xd8\xe2k\x94\x89y]00$+\
k\x8eJ\xd23\x01\x91\xcc(\x00\x00\xfa4\xe6\xa5G\
u\xd0+\xec\x17\x06\x14\xc4\xaa\xeas\xfd\xec\xbf\x19\x19\
:\x86$E\x92(\x00\x00z\x15y^\xc7=z]\
\xe8\x18@ztG\x19\xad\xce]\x13:\x86D\x01\x00\
\xb0\x1d\x87\xb7\xffV\x8c\xfd\x01\x05\xf6N\xf5\x89Ix\
 \x90\x02\x00\xa0W\x8c\xfd\x01E\xd2c\x91\x9e\xf9\xd3\
\xdf\x85\x8eA\x01\x00\xd0+\xc6\xfe\x80\x22\xea\x8e>\x1f\
:\x02\x05\x00\xc0{0\xf6\x07\x14\xd9\x86LK\xe8\x08\
\x14\x00\x00\xef\xc1\xd8\x1fPd=QS\xe8\x08\x14\x00\
\x00[a\xec\x0f(\x81\x9c\xa2\xd0\x11\x82\x07\x00\x90\x1c\
\x8c\xfd\x01%\xe2\x16:\x81\x22I\x5c\xe7\x03 I:\
\xa2\xedv\xc6\xfe\x80R\x88<t\x02\x0a\x00\x80\x8d\xea\
\xbb\xd7\xe9\x98?-\x08\x1d\x03\xa8\x0c\xe6\xc1\x1b@$\
9\x05\x00\x80\xa60\xf6\x07\x94NdI(\x00F\x01\
\x00*\xdc\xa85/\xe9\xb0g~\x17:\x06PI\x92\
P\x00\xb8\x05\x00T:\xc6\xfe\x80\x12\x8b\x14\x87\x8f@\
\x01\x00*\xda\x98\x97\x1fa\xec\x0f(5\x8b)\x00\x00\
\xc2\x89<\xaf\xe3\x1e\x99\x15:\x06Py,\x09W\x00\
L\xdd\xa1C\x00\x08\x83\xdd\xfe\x80@\x12Q\x00\x5c\xeb\
C\x87\x00Pz\xf5\xdd\xeb\xd8\xed\x0f\x08'\x1f:@\
$\x89\xb9\x1f\xa0\x02My|.c\x7f@(\x91\x87\
/\x00.[\x1b:\x04\x80\xd2\x1a\xb5\xe6%}h\x19\
c\x7f@0f\xc1o\xbfG&\xa7\x00\x00\x15\xe6c\
\x8b\xafN\xc2\x0f @\xe5\xca\xc4\xc1\xcf\xbd\x91\xe4\x5c\
\x03\x04*\xc8\xc6\xb1\xbf'B\xc7\x00*[\xe4\xab\x83\
G0n\x01\x00\x15#\x13\xe7t\xc2\xe2kC\xc7\x00\
`Z\x15:B$\xe3\x0a\x00P)\x0eo\xff\xadF\
\xbe\xf3r\xe8\x18\x002\xf6F\xe8\x08Q\xac\x88+\x00\
@\x05h\xe8Z\xcb\xd8\x1f\x90\x18\xf1k\xa1\x13D\xa6\
\xf8\xed\xd0!\x00\x14\xdf\xb1O\xccS}7\xaf\xfd\x00\
\x12!\xd2\xab\xe1#\xc8\xde\x0a\x1d\x02@q1\xf6\x07\
$L\xa4\x15\xc1#D\xb27C\x87\x00P\x5c\x8c\xfd\
\x01\x09\x13\xc7\x7f\x0e\x1d!\xca9\x05\x00H\xb3\xb1/\
-f\xec\x0fH\x9a\xee\xccs\xa1#DU\xf9.\x0a\
\x00\x90R\x998\xa7\xe3\x1f\xb9.t\x0c\x00[\x8a\x5c\
\xd6\xda\xba2x\x8c\xec\xf8\xe6UbK` \x95\x8e\
h\xbb\x9d\xb1? i\xaa<\x11\xe7\xdcHf.\x13\
\x93\x00@\xca\xd4w\xaf\xd31\x7fZ\x18:\x06\x80m\
U'c\x13\xbeH\x92\xc4s\x00@\xeaL}l\xae\
\xea\xbb\x13\xf1}\x06\xc0\x96\xaa\xf2\x89\xf8\xa1{c\x01\
\xb08\xf8<\x22\x80\xc2\xd9u\xcd\x8b:\xec\x19\xc6\xfe\
\x80D\xca\xf8+\xa1#H\x9b\x0a\x80\xb9^\x0c\x1d\x04\
@\xe1\x9c\xb0\xf8\x1a\xc6\xfe\x80\xa4\xca\xf8\xf3\xa1#H\
\x9b\x0a\x80S\x00\x80\xd4`\xec\x0fH\xb8*=\x15:\
\x82\xf4\xee-\x80\x88\x02\x00\xa4@&\xce\xe9\x84G\xd8\
\xed\x0fH4\xd7c\xa1#H\x9b\x0a@\xe4F\x01\x00\
R\xe0\x88\xb6\xdb\xb5\xcb;\x89\xb8\xbd\x08\xa0/\xd5\xb9\
GBG\x906_\x01\x88,\xf8;\x89\x01\x0c\x0dc\
\x7f@\x19\xa8\xf6\xd8\xae\xb9iu\xe8\x18\xd2\xa6\x02\xb0\
nC\x0dW\x00\x802\xc7\xd8\x1fP\x06\xaa=1[\
rF\x92\xf4\x93\x0f\xd8zI\xc1_K\x08`pF\
\xadf\xec\x0f(\x0b\xd5\xf1\xaa\xd0\x116\x8b\xde\xfd_\
\xae\x17\x02\xe6\x000\x04'2\xf6\x07\x94\x87\xaaxy\
\xe8\x08\x9b\xbd[\x00\xcc\xf4L\xc8 \x00\x06g\xecK\
\x8bu\xe0\xab\x8c\xfd\x01e!\xf2GCG\xd8\xec\xdd\
\x02\xe0r\x0a\x00Pf\x18\xfb\x03\xcaL\xb5\xdf\x19:\
\xc2f[\xdc\x02\x88(\x00@\x999\xa2\xed6\xc6\xfe\
\x80ra\x92Vw\xdf\x11:\xc6f[^\x01X\x16\
2\x08\x80\x81\xd98\xf6wC\xe8\x18\x00\xfa\xab6\xde\
`\xb7\xdc\xd2\x11:\xc6f\xef\x16\x80L\x94\xe3\x0a\x00\
PF\xa6>6\x87\xb1?\xa0\x9c\xd4\xc6\xaf\x87\x8e\xb0\
\xa5w\x0b@vl\xf3[b\x14\x10(\x0b\x1b\xc7\xfe\
\x12s%\x11@\x7fT%\xebY\xbbh\xab\xbfr&\
\x01\x80rp\xe2\xe2\xdf0\xf6\x07\x94\x9bL\xfcp\xe8\
\x08[\xda\xaa\x00\x98\xbc=T\x10\x00\xfd\xb3q\xec\xef\
\xf1\xd01\x00\x0cT\xa4D]\xb6\xdb\xaa\x00\xc4\xb2?\
\x85\x0a\x02`\xc7\x18\xfb\x03\xcaT\xe4\xd2\xe8\x83\xef\x0a\
\x1dcK[_\x01\xf0\x88\xb7\x89\x00\x09\xc6\xd8\x1fP\
\xa6j\xe3\xf5\x96\xcd\xe6B\xc7\xd8\xd2V\x05\xa0\xa7\xba\
\x87\xeb\x8a@B5nxG\x1f\xfd\xd3\x82\xd01\x00\
\x0cF]\xfc|\xe8\x08\xdb\xda\xaa\x00\xfcp\xf4\xb07\
eJ\xd4\x98\x02\x80\x8d\x8e}b\x9e\xea\xba\x133B\
\x0c` \xaa\xf2\xf7\x84\x8e\xb0\xad\xe8\xbd\x7f\xcb\x9f,\
}\x0c\x00\xdb\xc3\xd8\x1fP\xe6j\xbc5t\x84m\xf5\
R\x00\x8c\x02\x00$\x0cc\x7f@\x19\xab\xf6\xd8\xae\xbd\
!1{\x00l\xf6\x9e\x02\xe0\x14\x00 QZ^|\
\x98\xb1?\xa0\x9c\xd5\xe7\xdf\x08\x1d\xa17\xbd\x5c\x01\xc8\
3\x09\x00$D&\xce\xe9x\xc6\xfe\x80\xf2V\xe3\x89\
<\xaf\xbe\xa7\x00\xb4\x8di|J\xd2\xfa\x00Y\x00l\
\xe3#m\xb7i\x97\xb5\xaf\x86\x8e\x01`(\xaa\xe2\xdf\
\x86\x8e\xd0\x9b\xf7\x14\x80V\xb3\xbc\xa4G\x03d\x01\xb0\
\x85\xc6\x0d\xef\xe8\x18\xc6\xfe\x80\xf2W\xdf=7t\x84\
\xde\xf4r\x0b@2\xe9\xc1R\x07\x01\xb0\xb5)\x8f\xcf\
e\xec\x0f(w\xf5q\xa7\xfd\xea\xe6D\x8e\xd7\xf7Z\
\x00\x5cz\xa8\xd4A\x00\xfc\xc5\xa8\xd5/\xea\xaf\x9e\xfd\
}\xe8\x18\x00\x86\xaa6\xff\x5c\xe8\x08}\xe9\xb5\x00D\
y\xe3\x0a\x00\x10\x10c\x7f@J\xd4\xc4\x89\x1b\xff\xdb\
\xac\xd7\x02\x90\x9dP\xbfB\x12O\x1e\x01\x01\xb4\xbc\xf8\
\x10cA\xdcbm\x00\x00\x1a-IDAT\x7f@\
Z\xd4\xf5\xfc\xbf\xd0\x11\xfa\xd2k\x01\x90$\x97\x12\xb5\
o1P\x092qN\xc7?:+t\x0c\x00\x85P\
\x9f\xef\xb0\xab\x17-\x09\x1d\xa3/}\x16\x00s{\xa0\
\x94A\x00\xb0\xdb\x1f\x90*\xf5\xf9D\xbfX\xaf\xef+\
\x00\xe6\x7f,e\x10\xa0\xd2\xb1\xdb\x1f\x9025\x9e\xe8\
\x0ft\x9f\x05 \x93\xaf\x7fX\xbc\x10\x08(\x19\xc6\xfe\
\x80\x14\x89\x5c\xd2\xfa\xabB\xc7\xd8\x9e>\x0b@v\x82\
uK\xe26\x00P\x02\xbb\xaea\xec\x0fH\x95\xc6\xfc\
\x9b6\xfb\xf6wB\xc7\xd8\x9e>\x0b\xc0FvWi\
b\x00\x95\xedc\x0f_\xc3\xd8\x1f\x90&u\xf9\xfbB\
G\xd8\x91\xed\x16\x007\xfd\xa1D9\x80\x8a\xb5q\xec\
/\x91{\x85\x00\x18\xac\xaa\xe8\x9a\xd0\x11vd\xbb\x05\
 \x93\xab{P\x127%\x81\x22\xd9\xb8\xdb\xdfu\xa1\
c\x00(\xa4\xea8\xd6\xac\xf97\x87\x8e\xb1#\xdb-\
\x00\xd9\x09\xd6\xed<\x07\x00\x14\xcdG\x96\xde\xcan\x7f\
@\xda4\xe6\x9e3)\x0e\x1dcGv\xf0\x0c\x80$\
Yb_c\x08\x94\xb3\xc6\x0dkt\xccS\x0bC\xc7\
\x00Ph\xb56't\x84\xfe\xd8q\x01\xb0\xf8\xbfJ\
\x90\x03\xa88\x8c\xfd\x01)\x94qWM\xf7\xbf\x84\x8e\
\xd1\x1f;,\x00\x991\x0d\x8fHz\xa3\x04Y\x80\x8a\
\xb1q\xec\x8f\x8bk@\xea4\xe5W\xd857\xad\x0e\
\x1d\xa3?vX\x00\xb2f\xb1\xa4\xff)A\x16\xa0b\
0\xf6\x07\xa4T]\xbe5t\x84\xfe\xea\xc73\x00\x92\
\xcc\xb8\x0d\x00\x14\xc8\xb8\x15\x8c\xfd\x01\xa9\x14\xb9\x94\xc9\
_\x16:F\x7f\xf5\xab\x00\xf4D\xb9\xdf\xaa\x0c\x9eh\
\x04\x92.\x13\xe7t\xdc\xa3\x8c\xfd\x01\xa9\xd4\x98\x7f\xc5\
\xae\xbb\xb1ln\x99\xf7\xab\x00\xfcp\xf4\xb07%=\
V\xe4,@\xea\x1d\xb9\xf4?\x19\xfb\x03\xd2\xaa!\x7f\
c\xe8\x08\x03\xd1\xbf[\x00\x92L~{1\x83\x00i\
\xd7\xb8a\x8d\x8e~\xea\x86\xd01\x00\x14\x83IRM\
\xd9\x5c\xfe\x97\x06P\x00b\xb7\xdb\x8a\x19\x04H;\xc6\
\xfe\x80\x14k\xeay\xc3\xe6\xccy!t\x8c\x81\xe8w\
\x01\xb8\xb8\xa5\xfe\x01I/\x151\x0b\x90Z\xbb\xafz\
A\x7f\xf5\x1c\xbb\xfd\x01\xa9U\x17\xffg\xe8\x08\x03\xd5\
\xef\x02 3\x97\xec\x96\x22f\x01R\xeb\xf8G\xaeU\
\x14\xf3\x1c-\x90J\x91KUu\xdf\x09\x1dc\xa0\xfa\
_\x00$)\xb6\xb2z\xc0\x01H\x02\xc6\xfe\x80\x94\x1b\
\x96{\xcef\xcd*\xbb\xa7{\x07T\x00^\xeb\xa8\xfd\
\x83\xa4U\xc5\x89\x02\xa4\x0fc\x7f@\x05\xa8\xcb\xff[\
\xe8\x08\x831\xa0\x02p\xe5\x87\xac\xc7\xa4[\x8b\x15\x06\
H\x1b\xc6\xfe\x80\x94\xab\x8ds\x1as\xc8\x15\xa1c\x0c\
\xc6\xc0n\x01H2\x17\xb7\x01\x80~`\xec\x0f\xa8\x00\
M\xb9{-\x9b\xcd\x85\x8e1\x18\x03.\x00\xeb\xba\xeb\
\xffKRg\x11\xb2\x00\xa9\xc2\xd8\x1fP\x01\xea\xf2\x17\
\x85\x8e0X\x03.\x00?\xf9\x80\xad\x97Tv\xe3\x0e\
@)1\xf6\x07T\x80\xc6\xdcj\xbb\xf6\x86\xb2\xdd\xd6\
s\xc0\x05@\x92d\x9a[\xe0\x1c@\xaa\x9c\xf0\xc8o\
\x18\xfb\x03\xd2\xae\xd1\x17\x84\x8e0\x14\x83*\x00Q\xae\
\xfeVI+\x0b\x9c\x05H\x85q/>\xa8\x03^}\
2t\x0c\x00\xc5\x94qW\xe3\x86\xb2\x9b\xfd\xdf\xd2\xa0\
\x0a@v\x82uK\xce\xc3\x80\xc062qN\xc7=\
2+t\x0c\x00\xc56,\xb7\xcc~u\xf3\xeb\xa1c\
\x0c\xc5\xe0n\x01H\x92E\xdc\x06\x00\xb6q\xe4\x12\xc6\
\xfe\x80\x8aP\x97+\xeb\x9f\xfe\xa5!\x14\x80hL\xdd\
\x9d\x92^.`\x16\xa0\xac5nX\xa3\xa3\x9ff\xec\
\x0fH\xbd\xa6\xdc*\x9b}CY\xdf\xff\x97\x86P\x00\
\xb2f\xb1\x5c\xf3\x0b\x19\x06(gS\x1f\x9f\xc3\xd8\x1f\
P\x09\x1a\xf2\xff/t\x84B\x18\xfc-\x00I.\x9f\
]\xa8 @9\xdb}\xd5\x0b:\xf4\xb9\xb2\x9d\x06\x02\
\xd0_\xb5qN9\xcb\x86\x8eQ\x08C*\x00\x17\x8f\
k|D\xd2\xe3\x05\xca\x02\x94-\xc6\xfe\x80\x0a\xd1\xdc\
s\xab\xb5\xb6v\x87\x8eQ\x08C*\x00\x92\xe4\xd2\xd5\
\x85\x08\x02\x94+\xc6\xfe\x80\x0a\x91qW}\xcf\xd7B\
\xc7(\x94!\x17\x80Lm\xd7\xb5\xe2\xd5\xc0\xa8P\x8c\
\xfd\x01\x15\xa49\xf7\x94]\xbd\xe8\xc5\xd01\x0ae\xc8\
\x05 \xbb\xffN\xabe\xba\xa9\x10a\x80r\xc3\xd8\x1f\
PA\xea\xf3\xdf\x0a\x1d\xa1\x90\x86\x5c\x006\xb2_\x17\
\xe68@\xf9`\xec\x0f\xa8 \xc3ro\xdau\x0bo\
\x0b\x1d\xa3\x90\x0aR\x00f\x8e\xa9\xfb\xbd\xa4\xe7\x0aq\
,\xa0\x5c0\xf6\x07T\x90\x86\xdc\x0fCG(\xb4\xc2\
\x5c\x010s\x97]S\x90c\x01e`\xf7\x95\x7ff\
\xec\x0f\xa8\x14\x0d\xf1Z\x9b\xb3\xf0g\xa1c\x14Z\x81\
n\x01H\xf98\xfe\xb5\xa4T\x8cF\x00;r\xc2\xa3\
\xd72\xf6\x07T\x8a\xe1=\x97\x86\x8eP\x0c\x05+\x00\
?\x18\xdf\xf8\xaaL\x0b\x0bu< \xa9\xc6\xafx\x80\
\xb1?\xa0R4\xe4;4k\x01\x05`\x87\x07\x8b\xf5\
\xaf\x85<\x1e\x904\x998\xa7i\x8f\xf2\x02L\xa0b\
4\xf7\xfc\xc4\xa4T^\xee+h\x01\xc8\x8ek\xb8O\
\xd2\xe2B\x1e\x13H\x92\x89Kna\xec\x0f\xa8\x14\xf5\
\xf9N\xcd^xQ\xe8\x18\xc5R\xd0\x02 I\xee\xf6\
o\x85>&\x90\x04\x8d\x1b\xd6\xe8\xa8\xa7o\x0c\x1d\x03\
@\xa9\x0c\xef\xf9\xd7\xb4\xfe\xf4/\x15\xa1\x00\xac\xae\xaa\
\x9b+\xe9\x8dB\x1f\x17\x08m\xdac\x8c\xfd\x01\x15\xa3\
.\xdf\xa5\xd1\x87\x5c\x10:F1\x15\xbc\x00\x5c1\xda\
\xba\xcc\xf5\x1f\x85>.\x10\xd2\xee+\xff\xac\x0f>\xcf\
\xd8\x1fP1\x9asWZ6\x9b\x0b\x1d\xa3\x98\x0a^\
\x00$\xc9b\xfbwI=\xc586\x10\xc2\x89\x8b\xaf\
f\xec\x0f\xa8\x14u\xf9.\xe5\xec\xfc\xd01\x8a\xad(\
\x05 ;\xa1~\x85\xa4y\xc586Pj\xe3W\xdc\
\xaf\xf7\xbd\xfet\xe8\x18\x00Jex\xf7ei\xd9\xf2\
w{\x8aR\x00$\xc9=\xbeL\x92\x17\xeb\xf8@)\
d\xe2\x9c\x8e{tN\xe8\x18\x00J\xa5)\xbf\xc6\xe6\
\xdc\xf0\xdd\xd01J\xa1h\x05\xe0\xe2qM\x7fr\xd9\
\xed\xc5:>P\x0a\x13\x97\xdc\xa2\x9d\x19\xfb\x03*G\
S\xcf?\x85\x8eP*E+\x00\x92$\xd7\x8f\x8bz\
|\xa0\x88\x1a7\xac\xd1\xd1O1\xf6\x07T\x8c\xe1\xb9\
\x156{\xe1U\xa1c\x94JQ\x0b\xc0\xc5\xe3\xea\xef\
\x92t\x7f1\xd7\x00\x8ae\xdacsT\xdb\xc3\xd8\x1f\
P\x11LR}\xfe\x0b\xa1c\x94Rq\xaf\x00H\x8a\
\x5c?)\xf6\x1a@\xa11\xf6\x07T\x98\x11\xdd\x8f\xd9\
\xec\x05w\x84\x8eQJE/\x00j\xa9\xbfIR{\
\xd1\xd7\x01\x0a\x88\xb1?\xa0\x82d\xdc\xd5\x10\x9d\x11:\
F\xa9\x15\xbd\x00d\xcdb\x99}\xbf\xd8\xeb\x00\x85\xc2\
\xd8\x1fPav\xca\xfd\xb7]{\xfd\xb2\xd01J\xad\
\xf8W\x00$-\x1dS7GR[)\xd6\x02\x86\x82\
\xb1?\xa0\xc2\xd4\xc49\xc5~f\xe8\x18!\x94\xa4\x00\
\xb4\x9a\xe5]\x5c\x05@\xf2M\x5cr3c\x7f@%\
\xd9\xa9\xe7rkm]\x19:F\x08%)\x00\x92\xd4\
6\xb6n\xae\xb8\x0a\x80\x04k\xda\xb0FG?uS\
\xe8\x18\x00J\xa5)\xff\x96\xcdY\xf0\xad\xd01B)\
Y\x01h5\xcbKvI\xa9\xd6\x03\x06j*c\x7f\
@\xe5\x88$5\xe7O\x0b\x1d#\xa4\x92\x15\x00IZ\
:\xb6n\x9e\xe4KK\xb9&\xd0\x1f\xbb\xaf\xfc\xb3\x0e\
}\xee\xf7\xa1c\x00(\x95\x9d\xba\x7fo\xd7\xb5\xde\x15\
:FH%-\x00\xadfy\xb9]\x5c\xca5\x81\xfe\
8q\xf1\xd52g\xeb\x0a\xa0\x22\xd4\xc6=j\xe89\
5t\x8c\xd0JZ\x00$)j\xa9\xbf^\xd2\xa3\xa5\
^\x17\xe8\xcb\x84\x17\x18\xfb\x03*\xca\x88\xae\xef\xdb5\
7\xad\x0e\x1d#\xb4\x92\x17\x80\xacY,\x8f/(\xf5\
\xba@o2qN\xd3\x1ec\xec\x0f\xa8\x18\xcd\xb9\x17\
m\xce\x0d\x17\x85\x8e\x91\x04%/\x00\x924s\x5c\xd3\
\x7f\xb9\xfb\xefB\xac\x0dl\x89\xb1?\xa0\x82d\xdc\xd5\
\x1c\x7f*t\x8c\xa4\x08R\x006\xae\xec\xe7K\xe2]\
\xab\x08\x86\xb1?\xa0\xc2\x8c\xe8\xb9\xc9~\xd3\xfaH\xe8\
\x18I\x11\xac\x00\x5c<\xb6\xe9\x09\x99\xae\x0f\xb5>0\
\xed\xd1\xd9\x8c\xfd\x01\x95\xa2!\xff\x8e\x5c\x15\xf7\xbe\xff\
\xed\x09w\x05@R\xecv\xa1\xa4\xae\x90\x19P\x99\xf6\
X\xb9\x9c\xdd\xfe\x80J\x11\xb9\xd4\x9c\xfb\xb4\xb5\xb6v\
\x87\x8e\x92$A\x0b\xc0%-\xf5\xcbM\xfae\xc8\x0c\
\xa8L\x8c\xfd\x01\x15dd\xf7\xbcJ\xdb\xea\xb7?\x82\
\x16\x00I\xea\xea\xee\xceJz+t\x0eT\x8e\x09/\
\xdc\xaf\xfd^_\x12:\x06\x80Rh\xca\xad\xd2\xdc\x05\
\x9f\x09\x1d#\x89\x82\x17\x80K\xdf?b\x95\x9b\x7f/\
t\x0eT\x86\xaa|\x8f\xa6=6;t\x0c\x00\xa5\x10\
\xb9kX\xfe\x13\xc6\x03\xe7\xbd\x0a^\x00$\xa9mL\
\xc3/%=\x11:\x07\xd2o\xe2\xd2\x9b\xb5\xf3\xda\xd7\
B\xc7\x00P\x0a\xbbt_k\xb3\x16\xdc\x17:FR\
%\xa2\x00\xb4\x9a\xe5#\xb3\xafJ\xe2\xa6,\x8a\xa6i\
\xc3\x1a\x1d\xf5\xd4\xa2\xd01\x00\x94BS\xfem\xcd[\
\xf0\x85\xd01\x92,\x11\x05@\x92\xb2c\xeb\xefqi\
a\xe8\x1cH/\xc6\xfe\x80\x0a\x91qWs\xe7I\x5c\
\xfa\xdf\xbe\xc4\x14\x00I\x8a\xabt\x9e$\xbeC\xa3\xe0\
\x18\xfb\x03*\xc8.\xb9\x9f\xdbu\x8b\x1e\x0c\x1d#\xe9\
\x12U\x00\xbe\x7fP\xc3\x8b\xe6\xfe\x93\xd09\x90>\x8c\
\xfd\x01\x15bD\xeei\x9b;\xff\xdc\xd01\xcaA\xa2\
\x0a\x80$\xad\xacj\xf8\x81\xa4\xf6\xd09\x90\x1e\x07\xff\
\xf9>\xc6\xfe\x80JP\x17oP\x14\x1f\x13:F\xb9\
H\x5c\x01\xb8b\xb4uEn_\x12\x0f\x04\xa2\x00\xaa\
\xf2\xdd:\xee\xb1Y\xa1c\x00(\xb6\xc8\xa5\x9d\xbbO\
\xb5\xd6\xd6\x95\xa1\xa3\x94\x8b\xc4\x15\x00I\xca\x8e\xab\xff\
\x83I\x0ckc\xc8&.\xb9E#\xd6\xbd\x11:\x06\
\x80b\x1b\xd9\xfdK\xbbn\xe1m\xa1c\x94\x93D\x16\
\x00I2\xcb\x9d+\xde\x10\x88!h\xda\xb0FG=\
\xcd\xd8\x1f\x90z\xc3s\xcbl\xee\x82/\x85\x8eQn\
\x12[\x00\xb2c\x9b\xdfr\xf3o\x87\xce\x81\xf25\xed\
\xd1Y\x8c\xfd\x01iW\x97\xef\xd2\xc8hR\xe8\x18\xe5\
(\xb1\x05@\x92.\x1e\xd3\xf0k\x97~\x1f:\x07\xca\
\xcf\xc6\xb1\xbf?\x84\x8e\x01\xa0\x98\x22\x97v\xce}\xce\
\xae\x9c\xcb\xd5\xe2AHt\x01\x90\x99{\x94\xf9\xaa\xa4\
\x0d\xa1\xa3\xa0|\x98\xbbN\x5c\xfc\x1f\x8c\xfd\x01i7\
2\xf7+\xbbnAk\xe8\x18\xe5*\xd9\x05@\xd2%\
cj\x97J\xca\x86\xce\x81\xf2\xb1q\xb7\xbf\xa5\xa1c\
\x00(\xa6\x11=\x8f\xda\xdc\xf9\x7f\x1f:F9K|\
\x01\x90\xa4hl\xfde\x92\xee\x09\x9d\x03\xc9\xc7\xd8\x1f\
P\x01\x9a\xf2ok\xd8\x1b\xdc\xf7\x1f\xa2\xb2(\x00Y\
\xb38V\xf4w\x92:CgA\xb21\xf6\x07\xa4\x5c\
M>\xa7\xe1>\xd1\xae\xf9\x03\xb7\x86\x87\xa8,\x0a\x80\
$]\xd2R\xd7\xee\xae\x19\xa1s \xb9\x18\xfb\x03R\
.\xe3\xae\x9d\xbaN\xb3k\xaf_\x16:J\x1a\x94M\
\x01\x90\xa4LK\xfdO%\xdd\x1d:\x07\x92\x89\xb1?\
 \xe5Fu]lsn\xa4\xe5\x17HY\x15\x80\xac\
Y\x1c9\xb7\x02\xf0^\x8c\xfd\x01)7\xb2\xfb6\x9b\
\xbd\xf0{\xa1c\xa4IY\x15\x00I\xca\x8e\xab[&\
\xd77C\xe7@r\x98\xbb>\xfe0c\x7f@j5\
\xf7\xbc\xa4\xeb[O\x0e\x1d#m\xca\xae\x00H\xd2\xcc\
\x96\xfa\x7f\x95tK\xe8\x1cH\x86\x09/\xdc\xa7}\xdf\
`\xec\x0fH\xa5\x86\xfc:U\xf9\x07L\x8aCGI\
\x9b\xb2,\x002\xf3\x9eL\xfe\x8b\x92^\x0d\x1d\x05a\
m\x1c\xfbc\xdf( \x95j\xe3\x1e\x8d\xec<\x82\x1d\
\xfe\x8a\xa3<\x0b\x80\xa4\x1f\x8e\x1e\xf6f\xe4\xd1Yb\
\xdb\xe0\x8a6i\xc9\xcd\x8c\xfd\x01iT\xed\xb1\x86o\
\x98bW/Z\x12:JZ\x95m\x01\x90\xa4\xec\xb8\
\xba\xff\x96\xf4\x7fC\xe7@\x18M\x1b\xd6h\xd2\xd37\
\x87\x8e\x01\xa0\xd0\x22w\x8d\xec\xf8\xac\xcd\xbd\x91\x17\xc0\
\x15QY\x17\x00IZ\x95\xa9\xff\xa6\xa4\xc7C\xe7@\
\xe9\x1d\xf7\xc8u\x8c\xfd\x01ic.\x8d\xca}\xdbf\
\xdd47t\x94\xb4+\xfb\x02p\xc5h\xeb\x8a2\x99\
\xcfH\xe2LPA\xf6|\xfb9}`\xf9]\xa1c\
\x00(\xb4Q\xdd\xbf\xb49\xf3\x7f\x14:F%(\xfb\
\x02 I\xd9\xd1\xb5K\xe4\xfa\xbb\xd09P:\x1f{\
\xe4\x1a\xc6\xfe\x80\xb4\x19\xd5\xb5\xc8\xe6.\xf8R\xe8\x18\
\x95\x22\x15\x05@\x92f\x8ek\x98+\xb7\xabB\xe7@\
\xf1\x1d\xb2\xfc^v\xfb\x03\xd2f\xe7\xee\x87l\xde\x82\
\xff\x15:F%IM\x01\x90\xa4\xa8\xae\xee\x1cI\x8f\
\x84\xce\x81\xe2\xa9\xcawk\xda\xe3\x8c\xfd\x01\xa92\xa2\
\xa7]\xad\xadG\x86\x8eQiRU\x00\xb2\xfb\xdb\x86\
|l\xa7Jbf4\xa5\x18\xfb\x03RfD\xcf\xb3\
:d\xfc\xc1\xbc\xe8\xa7\xf4RU\x00$\xe9\xfb\xe3\xeb\
_\x90\xfbY\xe2\xfd\x00\xa9\xb3q\xec\x8f}@\x80\xd4\
\x18\x9e[\xa1\xc8'X6\x9b\x0b\x1d\xa5\x12\xa5\xae\x00\
H\xd2\xccq\x8d\xb7\xc8\xf4\xd3\xd09PX\x1b\xc7\xfe\
\xd8\x07\x0aH\x85\xe6\x9e\x97\xd4\xfc\xfaXkm\xed\x0e\
\x1d\xa5R\xa5\xb2\x00H\xd2\xd21\xf5\xdf\x94\xec\xf6\xd0\
9P\x18{\xac\x5c\xce\xd8\x1f\x90\x16\xcd=/i\xf8\
\x1b\xa3\xed\x9a?l\x08\x1d\xa5\x92\xa5\xb6\x00\xb4\x9a\xe5\
\xa3|\xf7gez6t\x16\x0c\xdd\x89\x8b\xd9\xed\x0f\
H\x85a\xb9W8\xf9'Cj\x0b\x80$e'\x0c\
_\x19[\xe6\x93\x92\xad\x09\x9d\x05\x83\xc7\xd8\x1f\x90\x12\
\xcd\xb9W\x94\xef\xe0\xe4\x9f\x10\xa9.\x00\x92t\xc9\x98\
\xda\xa5R\xfc\xb7\xe2\x09\xd3\xb2T\x9dc\xec\x0fH\x85\
\xe6\xdc+\xda#\x1ek\xb7\xdc\xc2[[\x13\x22\xf5\x05\
@\x92f\xb64.r\xb3\x8bB\xe7\xc0\xc0M\x5c\xb2\
\x88\xb1?\xa0\xdc\x0d\xefY\xae\xe1\xaf\x1fh\xbfh]\
\x17:\x0a\xfe\xa2\x22\x0a\x80$]<\xa6\xeebI\xd7\
\x87\xce\x81\xfek\xeeX\xa9\xa3\xd8\xed\x0f(o#z\
\x9e\xd0\xfb\xc7\x8f\xe1\xb2\x7f\xf2T\x85\x0eP2f\xde\
\xf1\x84\x7f\xb1\xa1\xb6\xf3@I\x1f\x0a\x1d\x07;6\xf5\
\xb19\xaa\xc91\xf6\x07\x94\xad]z\x1e\xb0\xf9\xf3\x8f\
\xd4\xc2\xd0A\xd0\x9b\x8a\xb9\x02 I?\xf9\x80\xad\xef\
\xc9\xe4?.\xe9\xb9\xd0Y\xb0}\x8c\xfd\x01en\x97\
\xee\x9bl\xfe|^\xef\x9b`\x15U\x00$\xe9\x87\xa3\
\x87\xbd\x19G\x99\x93%\xad\x0a\x9d\x05\xbd3w\xc6\xfe\
\x80re\x92v\xdb\xf0s\x9b\xdf\xfa\xa9\xd0Q\xb0}\
\x15W\x00\xa4\x8d\x93\x01\xee\xf6)I]\xa1\xb3\xe0\xbd\
\x0e~\x81\xb1?\xa0,E.\xed\xda5\xc3\xe6,\xfc\
z\xe8(\xd8\xb1\x8a,\x00\x92t\xf1\xb8\xfa\xbb\xe4\xfa\
\xbc\xd83 Q\xaas\xdd\x9a\xf6(c\x7f@\xd9\xa9\
\xf6X\xbbu\x7f\xc9\xe6,\xb88t\x14\xf4O\xc5\x16\
\x00I\x9a9\xaea\xae\xdcg\x86\xce\x81\xbf\x98\xb8d\
\x91F\xac\x7f3t\x0c\x00\x03Q\x1b\xf7hd\xe7I\
6k\xc1/CGA\xffUt\x01\x90\xa4\x99-\x0d\
\x17\x99\xecW\xa1s@\x1a\xd6\xb9\x8a\xb1?\xa0\xdc4\
\xe5Vj\x84\x8d\xb6Y7\xfe6t\x14\x0cL\xc5\x17\
\x00\x99\xf9\x92\xb1u_2i~\xe8(\x95\xee\xb8G\
g1\xf6\x07\x94\x93\x11=\xed\x8a;\xf6\xb19s^\
\x08\x1d\x05\x03G\x01\xd0\xc6\x8d\x83,_\xff9\xc9\xfe\
+t\x96J\xb5\xc7\xca\xe5z\xff\xf2?\x86\x8e\x01\xa0\
\xbfv\xee\xbe\xdd\x16\xceo\xe1\xd5\xbe\xe5\x8b\x02\xb0I\
v\x82uG\xeb\xea>-\xe9\xbe\xd0Y*\x8d\xb9\xeb\
\xe3\x0f3\xf6\x07\x94\x85\x8c\xbbv\xed\xfe\xbe\xb5\xb6~\
<t\x14\x0c\x0d\x05`\x0b\xd9\x0fYG\x8f\xe7>)\
\xf7%\xa1\xb3T\x92\x83_\xb8W\xfb\xbe\xc1\xd8\x1f\x90\
x5q^\xa3z>ks[\xbf\x13:\x0a\x86\x8e\
\x02\xb0\x8d\x1f\x8ek~;\xaa\xb2\x13$\xad\x08\x9d\xa5\
\x12T\xe7\xbau\xdc\xa3\xb3B\xc7\x00\xb0#\x8d\xb9\xd5\
\x1a\xb9\xe1\x836\xbbuN\xe8((\x0c\x0a@/\xb2\
\xa3\x1b^\x8a\xf2\xd1TI/\x87\xce\x92v\x93\x96,\
\xd2\xf0\xf5o\x85\x8e\x01`{F\xf4<!\xef\xd8\xcb\
\xae\xbb\xf1\xa9\xd0QP8\x14\x80>d'\xd4=\x1b\
\xc7\xd1\xb1\x92^\x09\x9d%\xad\x9a;Vj\xd2\xd3\x8b\
B\xc7\x00\xd0\x97\xc8]\xbbv]n\x0b\xe7\x7f\x90\x87\
\xfd\xd2\x87\x02\xb0\x1d\x97\x8c\xaf{&\xf2\xe8XI\xaf\
\x86\xce\x92F\xd3\x1e\x9b\xad\x9a\x1c;\x84\x02\x89T\x9f\
\xef\xd4\xae\xdd\xc7\xd9\xdc\x05\xe7\x87\x8e\x82\xe2\xa0\x00\xec\
@v\x5c\xdd\xb2X\xd1\xb1\x92^\x0b\x9d%M\x18\xfb\
\x03\x12lx\xeey\xedi\xfb\xda\xec\x05w\x84\x8e\x82\
\xe2\xa1\x00\xf4\xc3%-u\xed\xee\xf1\xf1\x92\xb8Y]\
\x00\x8c\xfd\x01\x09\x15\xb9\xb4K\xf7\x8dv\xc3\xf5\x07\xda\
\x95s\xf9~\x97r\x14\x80~\xbax\x5c\xd3\x9f\xa2(\
>N\x94\x80!c\xec\x0fH\xa0\xba|\xb7v\xeb8\
\xd3\xe6\xb7~:t\x14\x94\x06\x05`\x00\xb2c\x9a\x1e\
\x8f\xa3\xcc1b:`\xd0\xd8\xed\x0fH\xa0\xe1\xb9\xe7\
\xb5G\xc7\xbe6\xeb\xa6\xb9\xa1\xa3\xa0t(\x00\x03t\
\xc9\x98\xda\xa5\xb1\xechI\xcbCg)G\x93\x9e\xbe\
\x89\xdd\xfe\x80\xa4\xa8\xf6X\xbbu^b7\x5c\x7f\xa0\
\xfd\xea\xe6\xd7C\xc7AiQ\x00\x06\xe1\x92\x96\xfa\xe5\
Q\xde&Kz&t\x96r\xd2\xdc\xb1R\x93\x96\xb0\
\xdb\x1f\x90\x08\xc3roj\xd7\xaeCm\xce\x0d\xdf\x0d\
\x1d\x05aP\x00\x06);\xa1~E\x94\x8f\x8f\x91\xec\
O\xa1\xb3\x94\x8bi\x8f\xcdb\xec\x0f\x08-\xe3\xaeQ\
]\xb3\xec\xa6\xebw\xb5k\x17>\x19:\x0e\xc2\xa1\x00\
\x0cAvB\xd3kQ\xbe{\xb2\xa4\x87CgI\xba\
=W>\xaf\xf7/\xbf;t\x0c\xa0\xb25\xe4\xd7i\
T\xf7q6o\xc1\xe7BGAx\x14\x80!\xcaN\
\x18\xbe2\xaa\xed:^.\x86\xda\xfb`\xee\xfa\xf8C\
\xbff\xec\x0f\x08%\x924\xb2\xe7\xbfT\x97\xdf\x85\xd9\
~lF\x01(\x80\xec\xfe;\xad^UU\x7f\xbc\xa4\
\xebCgI\xa2C\xfe|\x8f\xf6y\xb3=t\x0c\xa0\
25\xe5\xd7h\xf7\x0d'\xd9\xf5\xf3?f\xad\xad\xdd\
\xa1\xe3 9\xaaB\x07H\x8b+F[\x97\xdc\xfff\
\xc6\xb2\xce\x97\xe4\xfaF\xe8<IQ\x9d\xeb\xd6\xd4\xc7\
\xd8<\x0c(\xb9*w\xed\xd4=[\xf3\x16\xfc\xadI\
q\xe88H\x1e\xae\x00\x14\x92\x99\xcf\x1c\xdbp\xbe\xa4\
\xafK\xe2z\xb7\x18\xfb\x03\x82h\xeeyI{\xae?\
\xd8\xe6-\xf8\x1c'\x7f\xf4\x85\x02P\x043[\x1a~\
\xeefgI\xea\x09\x9d%$\xc6\xfe\x80\x12\xab\xc9\xe7\
\xb4G\xd7\x85v\xe3\xfc}\xec\xeaEKB\xc7A\xb2\
Q\x00\x8a\xe4\xe2\xb1\xf5\xd7\xca\xfc\x14IkCg\x09\
\x85\xdd\xfe\x80\x121I#z\x9e\xd0^\x1d{\xdb\xac\
\x05?\x08\x1d\x07\xe5\x81\x02PD3\xc76\xde\x1e\xc5\
\xf9\x89\x92\xfe\x1c:K\xa9\xed\xfd\xd63\xec\xf6\x07\x94\
BS\xfem\xed\xde\xf3)[8\xff\x83\xbc\xcd\x0f\x03\
A\x01(\xb2\xec\xf8aOE\x96\xfb\xb0\xa4\x8a\x19\x82\
7w\x9d\xf0\xc8\xb5\x8c\xfd\x01\xc5T\x97\xef\xd6\xa8\xae\
\x9f\xd9\xa2y#m\xd6\xfc\x9bB\xc7A\xf9\xa1\x00\x94\
@vl\xf3[\xab2\xf5\xc7\x994+t\x96R8\
\xe4\xcfw\xb3\xdb\x1fP,U\xee\xda\xb9\xfbv\x8dX\
3\xca\xe6-8/t\x1c\x94/\xc6\x00Kd\xd3\x98\
\xe0\xff\x9e\xd1\xde\xf9\x94\xa4\x1f(\xa5\xe5+\x13\xe7{\
\xa6>6\xb7:t\x0e uL\xd2\xf0\xdcR\x0d\xcb\
}\xda\xaeY\xd8\x16:\x0e\xca_*OB\x89e\xe6\
3[\x1a~\xe4\xa6\xcfH\xea\x08\x1d\xa7\x18\x0e}\xee\
\xf7\xcf1\xf6\x07\x14XSn\xe5\xc6\xfb\xfc\xd7\x8f\xe7\
\xe4\x8fB\xa1\x00\x04p\xf1\xd8\x86yn\xf1DI\xcf\
\x87\xceR`/\x1f\xbe\xe4\xb6\xafJ\xbc\x16\x19(\x88\
\x86x\xad\xf6\xe8\xfa'[t\xfd.\xdc\xe7G\xa1Y\
\xe8\x00\x95,\xfb\x8c7\xc7\xf9\xcek%\x9d\x12:K\
a\xd8gg\xb6\xd4\xcf\x96$\xff\xceI\xd3\x14\xfb\x0f\
d\xfap\xe8T(\x82\x07v\x0a\x9d \xdd\xea\xe2\x0d\
\x1a\xd6\xf3\xef\x9a\xb7\xe0|^\xe4\x83b\xa1\x00\x84\xe6\
n3\xda;\xffY\xe5\xfe\x5c\x80\xeb\xc1\x99-\xf5G\
\xcal\xabG\xff\xfd;'M\x93\xfbe\x92>\x18(\
\x19\x8a\x81\x02P\x1c\x9c\xf8QB\xe5{\xc2I\x8bM\
\xcf\x05D\xee\xa7HZ\x1d:\xce y\x14\xd9\xf9\xdb\
\x9e\xfc%\xc9.\xb9\xf5w\xaa>\xfc0IgJz\
\xaa\xf4\xd1\x802P\x97\xef\xd2\xc8\x9e+\xd4\x90k\xb2\
y\x0b\xce\xe3\xe4\x8fR\xe0\x0a@\x82d\xdb\xbbZb\
\xc5\x0b\xe4>!t\x96\x810i\xceE-\x0d\x9f\xd9\
\xd1\xd7\xb9d\xfa\xce\x89\xa7(\xb6\x0b\xb85P\xe6\xb8\
\x02P\x18\xb5q\xb7\x86\xf7\xfcRc\x0f>\xcf\xb2\xd9\
\x5c\xe88\xa8,\x14\x80\x84\xc9.\xf7:\xef\xea\xfc\x91\
K\xe7\x84\xce\xd2O\x9dQ\xdeZ\xb2\x13\xeaW\x0c\xe4\
7\xf9\x85\x1f;J\x8a\xbe)\xe9\x13E\xca\x85b\xa2\
\x00\x0cMC\xbeC\x8d\xf9Y\xca\xebkl\xd1\x8bP\
(\x00\x095ci\xc7\xa92\xfdJ\xd2\x88\xd0Y\xb6\
\xcb,;sl\xfdE\x83\xfd\xed~\xe1\xc7\x8e\x92G\
\xdf\x90\xe9\x93\xe2\x96T\xf9\xa0\x00\x0cNS\xfeU\x0d\
\xcb\xcd\xb0Y\x0b~\x15:\x0a@\x01H\xb0\xec\xd2\xce\
\xf7\xc5\xf2y2\x1d\x11:K\x1f^\xee\xe8\xaa\x1f\xfb\
\x93\x0f\xd8\xfa\xa1\x1e\xc8\xbfu\xd2\x01\xaa\x8a\xcf\x96\xdb\
?(\xe9\xa5\x07\x14\x80\x81\xc8\xb8kX\xbeM\xf5\xdd\
\xe7\xd9\xac\x1b\x7f\x1b:\x0e\xb0\x19\x05 \xe1\xbe\xf6\x8c\
\xd7\xee\x9c\xef\xfc\xb1K_S\xe2\xfe\xff\xfa\xcb\xd8_\
\xa1x\xf6\xc4f\xe5\xec\xf3r\x9d+i\xbfB\x1e\x1b\
\x05D\x01\xd8\xb1j\x8f\xd5\xdcs\xb7\xea{\xbeh\xbf\
\xb9\xe9\xb9\xd0q\x80m%\xec\x84\x82\xbe\xcch\xef\xf8\
\x94\x5cWJ\x1a\x19:\x8b$\xc9\xf4\xc0\xcc1\xf5\x13\
{{\xf2\xbf\x10<;\xb9J=\x0d\xa7H\xfa\x92\xa4\
\xa9\xe2\xcfj\xb2P\x00\xfa\xd6\x18\xafVC\xf7\x5c\xed\
\x1c\xfd\xb3\xfd\xa2u]\xe88@_\xf8\xa6ZF\xb2\
\xcf\xae\xdd5\x9f\xcb\x5ce\xd2'\x03Gq\x97\x8e\xbe\
\xb8\xa5\xe1\xde\x92,\xf6\xad\x13\x0eRU\xf4wr\xfb\
\x82\xa4Q\xa5X\x13;@\x01\xd8Z\x95\xbb\x9a\xf2m\
j\xc8\x7f\xc7\xae[pC\xe88@\x7fP\x00\xca\xd0\
w\xdb;\xff\xb7\xb9\xff\x9b\xa4\xa6\x10\xeb\x9b4\xeb\xa2\
\x96\x86\xcf\x95z]\xcfN\xaeSw\xe3i2\xfd\x83\
\xe4\x93\xc4\x9f\xdfp(\x00\x1b5\xe4V\xab>\xdf*\
\xb7\x7f\xb2\xd6\xd65\xa1\xe3\x00\x03\xc17\xd02\xf5\x9d\
\xb6\xce\xfd#\xf9o$\x1d]\xe2\xa5\x075\xf6Wh\
~\xe1\xf1\xfb\xc8\xab\xcf\x94\xf9\xdfK:0d\x96\x8a\
T\xc9\x05\xa0:\x8e\xd5\x9c\x7fHu\xb9\x0b\xec\xda\x1b\
\xee\x0c\x1d\x07\x18,\x0a@\x19\xcb\xde\xe9U\xf9=6\
|\xcb\xe43$\x95h\x0b^\xfb\xce\xcc\x96\xfa\xef\x97\
f\xad\x1ds\xc9\xf4\xed\x13\x8fQdgI:U\xd2\
\xb0\xc0\x91*C\xa5\x15\x80\xc8]\xc3\xf2\xcbU\xe7\xd7\
\xa9\xe6\x8dK\xed\x9a?l\x08\x1d\x09\x18*\x0a@\x0a\
d\xdb\xd6\xbd?V\xf4kI\x1f*\xf2R\xf7E\xaf\
\xd6\x7f4{\xac%\xf2\x8de~\xfe\xf1\x8d\xaa\xcd|\
Bn\xa7\xcbt\xa2\xa4\xfa\xd0\x99R\xab\x12\x0a@\xe4\
RC\xfc\x8a\xea\xe3\x05\xaa\xe9\x99i\xd7\xde\xf8v\xe8\
H@!Q\x00R\x22{\xa7W\xc5{t\x9e+\xe9\
\x22\x15\xe7\xc4\xf7B\x94\x8f?\x92\x9d\xd0\xf4Z\x11\x8e\
]p~\xee\xf4z5\xac\x9b&\xd9tI\x9f\x96\xd4\
\x18:S\xaa\xa4\xb5\x00\x98KM\xf9\xd7U\x17/R\
Um\xd6f\xcdz5t$\xa0X(\x00)\x93]\
\xb6\xe1\x808\x8e\xaf\xd4\xc6\xd1\xb9\x02\xb1\xa7\xa2\xbcN\
\x0a}\xdf\x7f\xb0<{b\xb3\xba\xed\x13\x8at\x8a\x5c\
'H\x1a\x1e:S\xd9KS\x01\x88\x5cj\xc8\xbf\xa6\
\xfa\xf8f\xd5w_bW/z1t$\xa0\x14(\
\x00i\xe4n3\xda:\xce\x96\xe9\xc7\x925\x0f\xe9P\
\xb2\xdb\xbaTw\xc6\x8f[lm\xa1\xe2\x85\xe4\xd3\xa7\
g4f\xed\x912\xfb\x84\xdcN\x91\xd4\x12:SY\
*\xf7\x02P\xe3=j\xc8?\xab\xda\x9e\x85\xb2\xce\xcb\
l\xf6\xed\xef\x84\x8e\x04\x94\x1a\x05 \xc5.l\xef\xd8\
\xab\xcau\xa9o\xdc\x8aw\xa0\xef\xd9\x7f>\x92\xbe\x99\
miXP\x8clI\xe1\x17\x9ct\xb0\xe4'\xcat\
\x9c\xa4\xa3\xc4s\x03\xfdSn\x05`\xe3\xfd\xfc\xb7U\
\x93\xbfOU\xb9_\xd8\x5c^\xc9\x0bP\x00*@\xb6\
\xbd\xab\xc5=\xff\x7f\x5c:Q\xd2\xe8\xed|i\xb7\xdc\
\xfe\xc7#\xcd_\x1d\xd5]\x7f\xc5h\xeb*U\xc6$\
\xf0\xec\xe4:\xe5\x1a\x8f\x92\xfbq\x92O\x93\xec\x83b\
\x83\xa2\xde\x95C\x01\xa8\x8b7\xa8>\xb7L5\xf9\x9b\
\xd5T\xfbs\xbbr\xee[\xa1#\x01IB\x01\xa80\
\x17.\xe9\xdc/c>\xd1\xa5]d6\xc2<\xaer\
E\x7f\x96\xb4\xbc\xa7\xa7\xeb\xc9K\xdf?bU\xe8\x8c\
I\xe1\xdf>q\x94\xa2\xccQ\xf2\xf8h\x99&I\xfa\
+IU\xa1s%B\xd2\x0a\x80I\xaa\xcf\xafSM\
\xdc\xae*\xff\x1fe\xaa\xaf\xb29s\x9e\x0f\x1d\x0bH\
2\x0a\x00\xd0O~\xfe\xf1\x8d\xaa\x89>\x22EGm\
*\x04\x1fV\xa5\xee\x5c\x18\xba\x00D\xee\xaa\xcb\xafQ\
\xad\xfe\xa4\x9a\xdc\x8d\xea\x89~c\xad\xad+\xc3\x86\x02\
\xca\x0b\x05\x00\x18\x02\xcf~rO\xf5\xf4\x1c&\xb3\xc3\
\xe4:L\xf2#%\xdb%t\xae\xa2+e\x01\xc8\xc4\
\xaeZ_\xab\x9ax\xb9\xaa\xfdAE\xb9\xdb\xd4Su\
\xbb\xb5\xb6v\x97.\x04\x90>\x14\x00\xa0\x80<\x9b\x8d\
\xd4\xf5\xd0A\x8at\x88d\x13$?X\xd2\xc1\xda\xf8\
\xecEzn\x1f\x14\xab\x00T\xc5y\xd5\xf9\x1b\xaa\x89\
\x97*\xf2\x87\xe4\xf6\xdf6\x7f>\xaf\xdb\x05\x8a\x80\x02\
\x00\x94\x80g\xa7\xd7\xa8{m\x8b\xcc\xc6\xc9\xa3\x83d\
~\x90d\x07I~\x90\xa4\xddC\xe7\x1b\xb0\xa1\x14\x80\
*\x8fU\xed\xebU\x13\xbf\xaa\xaa\xf8Ye|\xa9,\
\xbfX5U\x7f\xb0kZ\xcb\xe2ES@\x1aP\x00\
\x80\xc0<;\xb9I\xdd\x0d\x07\xc9\xb4\x9f\xcc\xf6\x95\xfb\
\x9e\x92\xf6\x92|\x1f\xc9\xf6\x94\xb4\x8f\x926\x9e\xd8W\
\x01\xa8\xf6X\x19\xefV\x95\xafW&~G\x91\xafT\
\xc6_P&~R\x91?\xa8\xe6\xaa{\xec\x17\xad\xeb\
J\x1b\x16@o(\x00@\x19\xf0\xec\x89\xcd\xcai\x94\
\xccF*o#\xa5x\x17E\xb6\x8b\xdcF\xca}\x17\
E\xaaWl\x0d2\x1f!\xa9a\xd3\x7f\x9a%e6\
\xfd\xf7f\xa6\xad\x1f\x5ctI\xab\xb7\xf8\xeb\xbc\xa4\xcd\
/\xc5Y'\xf3\xf5r[/i\x95\xa4u\x92\xad\x97\
\xc5\xeb\xb5\xaci\xbc2\xfe\x8a2Z!\x8f\x97)c\
\xcb\xd4\x19\xb5q_\x1e\x00\x00\x00\x00\x00\x00\x00\x00\x00\
\x00\x00\x00\x00\x00\x00\x00\x00\x00\x00\x00\x00\x00\x00\x00\x00\
\x00\x00\x00\x00\x00\x00\x00\x00\x00\x00\x00\x00\x00\x00\x00\x00\
\x00\x00\x00\x00\x00\x00\x00\x00\x00\x00\x00\x00\x00\x00\x00\x00\
\x00\x00\x00\x00\x00\x00\x00\x00\x00\x00\x00\x00\x00\x00\x00\x00\
\x00\x00\x00\x00\x00\x00\x00\x00\x00\x00\x00\x00\x00\x00\x00\x00\
\x00\x00\x00 \xd5\xfe?\xad\xe1\xa3vjV1\xbd\x00\
\x00\x00\x00IEND\xaeB`\x82\
\x00\x00q\x95\
\x89\
PNG\x0d\x0a\x1a\x0a\x00\x00\x00\x0dIHDR\x00\
\x00\x02\x00\x00\x00\x02\x00\x08\x06\x00\x00\x00\xf4x\xd4\xfa\
\x00\x00\x00\x04sBIT\x08\x08\x08\x08|\x08d\x88\
\x00\x00\x00\x09pHYs\x00\x00\x0e\xc4\x00\x00\x0e\xc4\
\x01\x95+\x0e\x1b\x00\x00\x00\x19tEXtSof\
tware\x00www.inksca\
pe.org\x9b\xee<\x1a\x00\x00 \x00ID\
ATx\x9c\xec\xddw\x9c\x14\xf5\xfd\xc7\xf1\xd7gv\
\xef\xe8EAA\x10\x05\xa4\x88\xc4\x8e\x1a\x95\xaab\x8b\
\xd8\xd0\x8b%j\xc4B,`\x89h\x8a\xbfx1U\
cb\xc5\xae\x18\xbb\x87\xc6\x82\xb1\x05s*H4\xc1\
$jP\xe1@@\x10\x15A\x91~w\xbb\xdf\xcf\xef\
\x8f\xdd\x85\x03\x8fcgvgn\xef\xf6\xf3|<\xf4\
\xf6fw\xe7\xde\xc3\x95\xf7gggg\xc1\x18c\x8c\
1\xc6\x18c\x8c1\xc6\x18c\x8c1\xc6\x18c\x8c1\
\xc6\x18c\x8c1\xc6\x18c\x8c1\xc6\x18c\x8c1\xc6\
\x18c\x8c1\xc6\x18c\x8c1\xc6\x18c\x8c1\xc6\x18\
c\x8c1\xc6\x18c\x8c1\xc6\x18c\x8c1\xc6\x18c\
\x8c1\xc6\x18c\x8c1\xc6\x18c\x8c1\xc6\x18c\x8c\
1\xc6\x18c\x8c1\xc6\x18c\x8c1\xc6\x18c\x8c1\
\xc6\x18c\x8c1\xc6\x18c\x8c1\xc6\x18c\x8c1\xc6\
\x18c\x8c1\xc6\x18c\x8c1\xc6\x18c\x8c1\xc6\x18\
c\x8c1\xc6\x18c\x8c1\xc6\x18c\x8c1\xc6\x18c\
\x8c1\xc6\x18c\x8c1\xc6\x18c\x8c1\xc6\x18c\x8c\
1\xc6\x18c\x8c1\xc6\x18c\x8c1\xc6\x18c\x8c1\
\xc6\x18c\x8c1\xc6\x18c\x8c1\xc6\x18c\x8c1\xc6\
\x18c\x8c1\xc6\x18c\x8c1\xc6\x18c\x8c1\xc6\x18\
c\x8c1\xc6\x18c\x8c1\xc6\x18c\x8c1\xc6\x18c\
\x8c1\xc6\x18c\x8c1\xc6\x18c\x8c1\xc6\x18c\x8c\
1\xc6\x18c\x8c1\xc6\x18c\x8c1\xc6\x18c\x8c1\
\xc6\x18c\x8c1\xc6\x18c\x8c1\xc6\x18c\x8c1\xc6\
\x18c\x8c1\xc6\x18c\x8c1\xc6\x18c\x8c1\xc6\x18\
c\x8c1\xc6\x18c\x8c1\xc6\x18c\x8c1\xc6\x18c\
\x8c1\xc6\x18c\x8c1\xc6\x18c\x8c1\xc6\x18c\x8c\
1\xc6\x18c\x8c1\xc6\x18c\x8c1\xc6\x18c\x8c1\
\xc6\x18S\xd4\xa4\xb1\x03\x18c\xf2\xe7\xe4YZ\x9a\x5c\
\xb7\xb6S\xa2$\xd6\xde\x13\xaf-\xb5\xe0\x89\xb4\x11\x92\
\xa5\x00\x8at\xf4\x04qP\x12s\xda\x16\x00\x95\xd5J\
\xb2V<T\xf0V\xa4\xd6\xa45\xaan\x0d@\x5c\xe3\
k\x12\xaev\xc56^\x9b\xe5w\x0f\x92\xdaF\xda4\
cL\x9e\xd9\x00`L\x81;\xaaJ[\xc4VW\xef\
$\xf1X/Q\xed\x09\xd2\x05\xd5N\x08\x9dP\xed$\
\xd0\x09\xd8N\x94\xce@;H\xffbk\xea\xfe\x92\xbe\
\xb0\xe9\xb24\xdd\xec\xfa\x0d\xcb6\x12\xad{\xbd\xaeD\
\xe5KOY\xa6\xc8r\xd0\xe5\x22n\xb9\x22\xcb\xc5\xb1\
\xc4\x13\xb7 \xe9\x95,h+-\x16\xd9\xb0`La\
\xb3\x01\xc0\x98\x02p\xf8\xbb\xba}\xa9\x97\xd8\xcdy\xda\
KTz\x8aj/\x90^@/Tw\x10\xf02\xb7\
\x15\xddx\xbf\x0d\xe5\xbd\xc92B*\xffz\xaeG\xeb\
\xb9\x0f\x00I\x94OEt\x01\xca|\xd0\x05 \xf3=\
\xcf}\x5cS\xe3\xfe\xf7\xe8\x90\x8e_o\xfd_\xc5\x18\
\x13&\x1b\x00\x8c\x89\xd0\xbe3\xb5\xa4s\xab\x9a~B\
l7\xcf\xe9@\x15\xf6\x15d7\xd0\xde\xb0\xb1\xc8\xd3\
\x8f\xb6\xb7T\xae\xe9\xdb\x14l\xf9o\xf2\xf5\xeb\xde\xa6\
N\x96\xcf\x04\x9d\x85\xf0\x81\xa8\xbc\xe3%eV\x22\xd1\
z\xd6\x03#d=\xc6\x98H\xd8\x00`LH\xf6\x9d\
\xa9%\x9dZ\xd5\xee\x83\xc4\x0e\x12t?OewE\
\xfb\x0b\x94\xb0y\xb9RT\xe5\xbf\xf1z6\xd9\xee\x1a\
\xe0C\xd0\xf7\xc4\xc9\xdb\x0e\x99\xbe\xea\xb36\xff\x9b\x5c\
&I\x8c1yg\x03\x801yr\xecG\xda\xae\xda\
%\x0ePe0\x22\xfb\x0a\x0c\x01:|\xbb\x04\xad\xfc\
7\xbf\xdf\xb7\xbf\xd6\x86\x0c\xabQ\xde\x05\xa6{\xf0\xa6\
\x87\x9b~\x87=}`L^\xd8\x00`L@G\xcc\
\xd2m\x13\x92\x1c\xe9!\xc3\x11\x06\x8b\xean\xa4\x9f\xab\
\xaf\xaf<\xad\xfc}\x97\x7f}_+\x09\xfa\x1e0\x1d\
\x91\xbf\xad]\xbb\xf6\xef\x0f\x1d\xd1u\x0d\xc6\x18\xdfl\
\x000\xc6\x87\x11\xb3t`<\xe6\x8eQ\x95\xc3@\x87\
\x09\x94\xc0\xc6\xe2\x04+\xff\x10\xcb\xbf\xbe\xeb\x13\xc0\xdb\
\xa0S\xf0\x98z\xc7\xe0\x0e\xffF\xea\xa62\xc6l\x89\
\x0d\x00\xc64\xe0\x88Y\xbamm,y\xa8\x88\x1c\x86\
\xf2=\x81\xee\x9b\x97\xab\x95\x7f\xa3\x95\x7f\x9d\xafO\xe6\
\xdf\xf8\x0bA_\x11dJ\x5c\xf5o7\x8d\xd8f\x05\
\xc6\x98z\xd9\x00`\xccf\x86T\xe9v%\xcah\x9c\
\x96\x09:\x14\x88A\xfd\xe5\x9ak\xf9\xa7\x96[\xf9\xe7\
\xa9\xfc\xeb|_\x00\xa8V\xe4\x15\x81\x0aY\x97x\xee\
\xd6\xa3;\xad\xc4\x18\xb3\x81\x0d\x00\xc6\x00\xc3\xe7kG\
\xa9\xe1XAO\x06\x8e@)\xd9\xa4\xb8 \xef\xe5o\
\x8f\xfcC-\xff:\xcb\x14\x94jQ\xfe&\xc2\xe4\x16\
\xa5\x89\xa7\xaf\x1f\xbc\xdd*\x8c)r6\x00\x98\xa2u\
\xd8<\xed\x90Lp\x1c\xe8\xf7\x81\xc3\x80\xd2\x8d%c\
\xe5\xdf\x8c\xca\x7f\xf3\xf5\xaeS\xf8\xab \x15^\xabU\
\xcf\xdfxP\x8fu\x18S\x84l\x000\xc5EUF\
\xcce\xa8\xaa;\x0fd\xb4(-3WY\xf9o\xf6\
\xf5\x9bg\xf9oz=|\x03<\xea9\xb9\xe7O#\
\xb7\xf9\x0f\xc6\x14\x11\x1b\x00LQ\x18>_;j-\
e\x22z1\xca\xeeP\x7f\xb9Z\xf9\x17U\xf9o~\
\xbf\x0fp<\xa8.v\xcf\x8dGv\xf8\x0ac\x9a9\
\x1b\x00L\xf3\xa5*C\xe71B\x1c\xe7\x01'\x08\xda\
\x22sU3.\xff$\xb0\x5c`9\xc8Z\x14D\xf4\
\xeb\xf4\xf55\x9e\xea\x1a\x00\x15]\x83z5\xa2x\x22\
\xda!}}KA[\xe1\xc0\x83\xf6\x081\x15J\xc5\
\xd1\x99\xd4\x1b\x0e\x956\xe3\xf2\xaf\x9bo\x0dP!\xc2\
=7\x1c\xd6\xe9\x1f\x18\xd3L\xd9\x00`\x9a\x9d\x03\xaa\
\xb4}K8W\xe1G\xa2\xf4\x85\xfa\x8b)\xb5\x9c&\
R\xfe\xb2TH.PX\x10C\x16\xa8\xe3s\x11]\
.\x22\xcb\x93\xce-\x17\xcf[\x9ed\xdd\x97\xcf\xec\x1d\
\xde\xcb\xde\xc6L\xff\xb2\x9d\x8b\xb5\xed\x84s\xdb!\xda\
I\x85N\xa0\x9d<\xc7\xf6\x8a\xf4\x14\xd1^\x0a\xbd\x04\
vh\xc2\xe5\xbf\xf9\xf5\xffC\xb8\xa5m|\xe5C\xe5\
#z\xd9\xfb\x14\x98f\xc5\x06\x00\xd3l\x0c\xaf\xd2\x1d\
U\x18\xaf\xca\xf9@\x87\x8d\x7f\xf8\x9bL\xf9/\x16\xc7\
\xfb\x88|\x00n\x81\xc0\x02\x0f\x99\xbfJJ\x17\xbc\xb2\
\xa74\x99\xb3\xdd\xfd\xb0R[\xd2bU\xcf\x18^O\
Q\xed\xa5Nz\x8ah\x7f\xd0=\x80\x9e\x92\xde\xdc&\
P\xfeu\xbf\xd6R\x84\xdb\x92%%w\xfcqD\xfb\
eY\xfc3\x18S\xf0l\x000M\xde\x90\x8fu\x0f\
Ip\x11\xc2\x99\x90:\xa8\xaf\xc0\xcb\xbfF`\xae(\
\xef8\x91Y\x9e&?\xf0\xa8}\xfb\xe9=\xdb-\xcd\
z\xa3\x9b\xa81\xd3\xbfl\xe7iI\xbf\x182P\xf1\
\xf6\x05\xb7\x9b\xa7\xb2\xa7\xa2\xdbA\xc1\x96?u\x86\x93\
jQ*\x5c\x8c\xdf]?\xb2\xf3\x87>6\xdd\x98\x82\
c\x03\x80i\xb2\x86\xcd\xd1\x91*\x5c\x01\x8c\xa4\xce\xcf\
r\x81\x95\xbf\xaa\xf2\xa1'\xcc@y3\xe9\xdc\x8c\x17\
\xf6lQe\xa7\xab\xdd\xd4\x05\xd3V\xf4V'\x07\x02\
\x07\x092\x18t \x10+\xb0\xf2\xaf\xfb3\xe2\x14\x9e\
C\xbd?^w\xd4\xb6\xd3\xfdn\xaf1\x85\xc0\x06\x00\
\xd3\xe4\x0c\xab\xd2Q\x0a\xbf\x04\xf6\xde\xfc\xba\x02(\xff\
\xb5\xc0L\x0f\xa6;dF\xc2\x8b\xfd\xe3\xe5\x81bG\
\x94\xfb4\xee\xad\xe5\xed\xb5&~\xa0:w\x10\xc8`\
`\x7f\xa0m\x81\x94\x7f\x9de\x8a\x08oHR\xff\xef\
7\xdf\xdb\xfe\x8d\x00\x9bjL\xa3\xb1\x01\xc04\x19\xe9\
G\xfc\xbf\x02\x0e\xa8\xef\xfaF+\x7f\xe1}\xe0%\x85\
\x97\xda\x12\x9f>y\xa0\xd4\xf8\xdb2\xb35\xe5\x95\x1a\
_._\x1f\xe8\xf0\x8e\x14\xe5(\x81\xbd@\xb7p,\
At\xe5_w\x99:\xa6\xe2y\xbf\xf8\xddQ\xf6\xca\
\x01\xd34\xd8\x00`\x0a\xde\xd0\xb9z\x10\xca\xaf\x80C\
\xb6t\x9b\x88\xcb\x7f\x0dP\xe9\x89N\xf1(yi\xca\
@\xf9\xc4\xe7&\x99\x1c\x8d{c\xd5vZ\x9b\x1c\xee\
\x89\x8e\x02\x8e\x01\xb6i\xcc\xf2\xdf\xe4gD\x99*\x9e\
\xfc\xecWGu\xfeW\xe0\x0d4&\x026\x00\x98\x82\
5d\xb6\xee/\x1e\xbf\x02\x0eo\xe8v\x11\x95\xffb\
Ot2\xf0\xcc\xda/\xe23^\x1b!\x09\x7f[c\
\xc2rr\x85\xc6\xbaw\xfe\xfa\xbb(\xc7\x83\x9c\x0c\xba\
34R\xf9g\x16(*\xc8s8w\xcd\xafFu\
y7\xd7m4&\x0c6\x00\x98\x823t\x9e\xf6\x15\
\xc7\xf5\x0a\xc7\xb1\x95\x9f\xd1\x90\xcb\x7f\x89\xa0O\x8aR\
\xf1\xe2\xc0\xf8\x0c;p\xaf\x09P\x95\xcb_\xfb\xea\x00\
\x97\xe0\xfb\x22r2\xd0\xbd\x11\xca\xbf\xee\x0f\xad\x8a\xea\
\xa3\x9e\x17\xffI\xf9\xd1\x9d\x16\xe7\xbc}\xc6\xe4\x91\x0d\
\x00\xa6`\x1c\xfe\xae\xb6Y\xdf\x9a\x09\xc0O\x80\x16[\
\xbb}H\xe5\xbf\x1cxA\x1d\x93k\xbe\x8c\xbdh\x8f\
\xf4\x9b\xae\xf2r\xf5V\x1d\xfc\xf5A\xaazrj\x18\
\xd0\x1d \xd2\xf2\xaf\xfb\xb5\xd6z\xe8\xad\xac\x95_\x97\
\x97m\xbf:\xd7m3&\x1fl\x000\x8dO\xd5\x1b\
:\x97\xb3\x81\xdf\x00]\xb2\xb9K\x9e\xcb\xbfVa\x8a\
(\xf7v\xd8-\xf6\xcad\x91d\xa0\xed0\x05\xeb\xe4\
\x0a\x8d\xed\xb4\xcdW\x87\x89\xe3<\x84c\x81\x92\x08\xcb\
\x9f\x8dgy\x94E\x88\xbb\xf2\x9a\xefuyBl\x8f\
\x92id6\x00\x98F\x95~\x9e\xfff\xe0\xbb\xd9\xde\
'\x7f\xe5\xef\xaaP\x1e\xc5\xc5\xef{ewY\x14$\
\xbfiz.\x99\xfaE\x97R\x17?\x058O\x94\x81\
\xd1\x95\x7f\xdde\xf2/A/\xf9\xc5\xa8.\xf6\x8a\x01\
\xd3hl\x000\x8db\xe8\x5c\xed\xa1p\x9d(\xa7\xe0\
\xe3\xe70\x0f\xe5\xbf^\xe0/\x1e\xee\x9e\x97v\x8d\xbf\
n\xcf\xeb\x171U\xb9\xf2\xe5e\xc3\xc1;ODO\
DSO;\x85_\xfed~\x1e\x9d\xc0\x83.\xa1W\
\x95\x9f\xd8\xb5\xd9\x9f\x05\xd2\x14\x1e\x1b\x00L\xb4T\xbd\
!\xf3\xb8P\x94\xdf\x02\xed\xfc\xdc5\xc7\xf2_\x02\xdc\
\x1as\xde\xddvb\x1e\xb3\xb9\x9fN]\xd9)Y[\
s\xbe'\x8c\x03v\x88\xa0\xfc7\xacC\x94\xe5\x82\xfe\
\xf8\xe7\xc7v}\xd0\x9e\x160Q\xb2\x01\xc0Df\xf8\
\x5c\xed\xe3\x94\xbb\x81\x11~\xef\x9bC\xf9\xbf\x07LL\
\xb4\xf4\x1e|\xad\x97\xd8\xbb\xb9\x99\x06\x95WhiM\
\xfb\xe5\xa7\xa8s\x13\x10\xf9N\x04\xe5_\xd7\xeb\xb1d\
\xec\xfc\x9f\x9d\xb8\xdd\x9c|l\x8b1[c\x03\x80\x09\
\xdd\xf0J\x8d\xbb\x1d\xf91PN\xfa\xcdz\xfc\x08V\
\xfe\xfa\xa6\xa7\x5c\xf7\xca\xae\xb1\xe7m7\xbf\x09\xe2\xe7\
/.\x1d\x8c\xcaU\x0a\xdf\x93\xf4\x8fYX\xe5_g\
\xd0X'\xe8/\xfb\xd6t\xbd\xa1\xac\xcc\x0eF5\xe1\
\xb2\x01\xc0\x84j\xf8<\x1d\xe4\x92\xdc\x87\xb0G\x90\xfb\
\xfb,\xff\x04\xc2#\xb1\xa4w\xc3+\xbb\xc9\xff\x02\x87\
6\xa6\x8e\xff{a\xe9\xdeNe\x82\x08\xdf\x07\xf5B\
,\xff\x8d\xd7\xc3L\xcfy\xe7\xfe\xe4D;\x89\x90\x09\
\x8f\x0d\x00&\x14\x07.\xd2V%\xeb\xb8\x16\xe12 \
\x16d\x1d>\xca?\x09<\xe69\xef\xda\xbf\xed&U\
\x81C\x1b\xd3\x80\x9f\xbe\xb0|\xb78\xc9r\x94\x93\xc8\
\xec\x11\x08\xa7\xfc3\xf7\xa9E\xf5\x0f\x9d\xbe\xdc\xa1|\
\xecX\xa9\xcd\xeb\xc6\x18\x83\x0d\x00&\x04\x07W\xe9\xc0\
\x98\xf2h\xd0G\xfd\x90u\xf9\xab\x08\x7fu\xc8\xd5\x95\
\xfd\xc5\x1e)\x99H\xfc\xdfK\x9f\x0d\xc4\xc5\xae\x11W\
g\x10\xc8\x7f\xf9\xd7\xfd\xe3\xfc\x8e\xe7\xb9\xd3\xaf:\xae\
\xfb\xec|n\x8716\x00\x98\xfcQ\x95a\xf38O\
\x95\x1b\x81\xd6AW\x93M\xf9\xabc\xaa\xa8\x5c\xf5\xf7\
\xdd\xe4\xdfA\xbf\x8e1\xb9(\x7f\xf6\x8b=\x5cL\xae\
\x16\xf4d\x08\xad\xfc3'*Z\xe7\x09?\xbd\xf2\x84\
n7\xe7u#LQ\xb3\x01\xc0\xe4\xc5\xa1\x1fk\x97\
\x9a$\x0f\x08\x1c\x99\xcbz\xb2(\xffWI\xca\x95V\
\xfc\xa6P\x94OY:\x18\xf4z\xe0@\x08\xa5\xfc\xeb\
\xde\xe7\x99X)\xe7]1\xaa\xdb\xb2\xfcn\x85)F\
6\x00\x98\x9c\x0d\xad\xd2\xc3\x11\x1e@\xd9!\x97\xf5l\
\xa5\xfc\xe7\x8a\xca\xcf\xfe\xbe\xabL\xce\xe5k\x18\x13\x96\
_N\xf9|\x14\x22\xb7\xe0\xe8\x09\xa1\x94\x7f\xe6\xf2\x17\
\xa8\x8c\xb9\xf2\xa4\x1d^\xc8\xf76\x98\xe2b\x03\x80\x09\
l\xf8|m\xe9\x12\xfc\x01\xb8\x88\x1c\x7f\x96\x1a(\xff\
oD\xe4\xd7\x9dj\xb9e\xf2@\xa9\xc9\xe5k\x18\x13\
\xb6\xf2)KZ\xa3\xb1\xab<\x98\x00\xda*\x84\xf2\xcf\
\xdcVU\xb9i\xad\xfb\xfa'\xe5e\x03\xed\xf7\xc2\x04\
b\x03\x80\x09d\xe8\x5c\xed\x81\xe3)\x84\xfdr]\xd7\
\x16\xca\xdf\x81>\xe2\x95x\x13^\xed-_\xe4\xfa5\
\x8c\x89\xd2\xaf\xa7,\xeb\xae\xc9\xda\xdf!\xf2\x03@\xf2\
\x5c\xfe\xa0\x9a9\xfa\xf0\x1d\x90\xd1W\x8c\xee\xb60\x8c\
\xed0\xcd\x9b\x0d\x00\xc6\xb7\xa1Uz8\xf0(\xd0)\
\xd7u\xd5W\xfe(\xd3\x04\x19gG\xf6\x9b\xa6\xee\xd7\
S\x96\x0e\xc6\xb9[\x81\xbd\xf2^\xfe\x1b\xef\xf3\x85\xa8\
\xf7\xfd\xcb\xcbvx=\x84M0\xcd\x98\xd7\xd8\x01L\
\x13\xa2*C\xab\xf4*\xe0\x05\xc2)\xffopr\xe9\
\xf0~2\xdc\xca\xdf4\x07W\x8f\xda~z\xa2}\x97\
\xfd\x14.\x15X\x13B\xf9\x03tQqS\xff8\xf9\
\xd3\xabT\xd5\x1e\xd4\x99\xac\xd9\x0f\x8b\xc9\xca\xf0Y\xda\
VK\x99\xa4pR>\xd6WO\xf9?\xef<\xb9\xf0\
\x8d>\xf6\xb6\xbc\xa6y\xfa\xddS_\xf4\xd6\x98\xbb\x1b\
\xe5P\xc8[\xf9o\xbc\x1e\x05\xd5g\xe35\xad\xcf\x1c\
\xff\x83N+\xf3\x9d\xdf4?6\x00\x98\xad\x1a:O\
\xfb\x8a\xe3i\x85\x81\xf9X\xdf&\xe5\xaf|.\xc8U\
\x95\xfd\xe5\xc1|\xac\xdb\x98B\xa6\xaa\xf2\xdbg??\
C\x94\x1b\x05\xb6\x85|\x96\xff\x86\xfb\xcd\x8e\x11;q\
|\xd9\x0e\x1f\x84\xb2\x11\xa6\xd9\xb0\x01\xc04hX\x95\
\x8eRx\x18h\x9f\x8f\xf5\xd5)\x7f\x15\xd1{5\xee\
]\xf9Z/Y\x91\x8fu\x1b\xd3T\x5c\xf7\xec\x97\xdd\
\xd4%'\xa2z|\x9e\xcb\x1fI\xdd\xe6\x1b\xc5}\xff\
\xd2\xef\xef\xf4rH\x9b`\x9a\x01\x1b\x00\xcc\x16\x0d\x9b\
\xab\xe3\xd2g\xf5\x0bt.\xff\xcd\xd5)\xffOA~\
\xf8Z?\x99\x9a\x8f\xf5\x1a\xd3T\xfd\xfe/\x9f\x9e\x22\
\xc8\x1d@\xc7|\x95\x7f\x9d\xe3\x0b\x12\xa8^p\xc9)\
=\xee\x0d)\xbei\xe2l\x000\xdf\xa6*C\xe7r\
\x0dpM\xbeV\xb9\xf1\x0f\x97\xfe%\x9e\x94\xf3_\x1d\
 \xcb\xf3\xb5nc\x9a\xb2?>\xf3i\x8fDR\x1e\
\x12\x18\x96Y\x96\x87\xf2\xdfx\xbdp\xcbW\x1f\xeex\
Yy\xb9\xb8\xb0\xb6\xc14M6\x00\x98M\x1cU\xa5\
-\xd6*\x0f\xa8pJ\xbe\xd6\x99\xfe\xc3\xb5N\xe0\xa7\
\xaf\xf5\x13;\x97\xb91\x9bQU\xf9\xc3S\x9f\x8dG\
\xb8^\xa04o\xe5\xbf\xf1\xfa\xa7j=\xce\xb8\xbc\xac\
\xc7\xba\x107\xc3416\x00\x98\x0d\x0e\x9c\xa5\xdb\x96\
\xb4\xe0\x19\x94!\xf9Zg\xfa\x0f\xd7\xbf4\xc6\xe9o\
\xecbo\xd5kLCnx\xea\xb3\xfdT\xdd#\x02\
}3\xcb\xf2P\xfe\xa4\x17\xbf\xa5\xb1\xf8\xb1\xe3\xcbv\
\xf82\xac\xfc\xa6i\xb1\xf3\x00\x18 u\xa4\x7fI)\
o\xe7\xb9\xfc\x93(\xd7\xca\xa7\x1cd\xe5o\xcc\xd6]\
1z\x87\x7f\xb9\x92\xd2}\x81\x07 \xaf\xe5\x8f\xc0w\
c\xc9\xda7'V,\xea\x13\xde\x16\x98\xa6\xc4\xf6\x00\
\x18\x06\xcf\xd1\x03<\xe1y\xa0s\xbe\xd6)\xca\x97\x9e\
rje\x7fy5_\xeb4\xa6\x98\xfcq\xf2\xe23\
A\xee\x04Z\xe5\xa1\xfc7\xdcX\x94/=qG\x5c\
pj\xcf\xff\x84\xbc\x09\xa6\xc0\xd9\x00P\xe4\x86\xcd\xd6\
!\xea\xf1<yz\x99\x1f\x80(\xff\x96$\xa3_\x1b\
 \x0b\xf2\xb5Nc\x8a\xd1\x8d\x15\x8b\xf7R\xe1)\xa0\
w\x9e\xca?s\xfd7*\xee\xe8\x8bN\xed9#\xdc\
-0\x85\xcc\x9e\x02(b\xc3\xabt\xb8z\xbc@>\
\xcb\xdf\xf1PM+\x06[\xf9\x1b\x93\xbb\xcb\xcav\xfc\
/\xaa\xfb\xa9\xca\xcby,\x7f\x80\x0e\xa2\xde+w>\
\xbapd\x88\xf1M\x81\xb3=\x00Ej\xc8\x1c\xfd\x9e\
\x08O\x02-\xf3\xb4\xcajq\x8c{\xbd\xbf\xdc\x93\xa7\
\xf5\x19c\xd2TUn\xaeX|%\x22\xbfES\x0f\
\xdcr(\xff:\xcb\xb4ZEN\xb9\xf0\xb4\x9d\x9e\x09\
u\x03LA\xb2\x01\xa0\x08\x0d\xab\xd2\x93\x15\x1e\x01J\
\xf2\xb4\xca\xc51\xe5\xa4\xca~\xf2v\x9e\xd6g\x8c\xa9\
\xc7M\x8f/>\x06\xe1!\x81\x8ey(\xff\xcc\xf2\x1a\
\x81\x1f\x8c=}\xe7\xc9!\xc77\x05\xc6\x06\x80\x223\
\xacJ\xcfP\x98D\x9e\xce\xee\x07\xbc\x95\x10\x8e\x9b\xd1\
G\x96\xe6i}\xc6\x98\x06\xdc\xf8\xf8\x92\x01\x9e$\xff\
\x8a\xd2+\x0f\xe5\x9f\xb9OR\x951?:cg{\
O\x8e\x22b\xc7\x00\x14\x91as\xf5<M\xbd\xbc(\
?\xa7\xf6\x85'k[r\x88\x95\xbf1\xd1\xb9\xec\x94\
n\x1fj\xb2\xf6@Q\xfe\x09y)\x7f\x80\x98\x08\x93\
\xeezh\xc1\xb9af7\x85\xc5\xf6\x00\x14\x89\xf4#\
\xff\x07\xc8\xd7\xd0'\xdc\xf2\xc6.\x5c\x86\xd8\xe9E\x8d\
i\x0c\x93&\xcdo\xb9\xaae\xec\xcf\x22R\x96c\xf9\
\xd7Y\xa6\x0e8\xf3\xfc3z>\x12fvS\x18l\
\x00(\x02C\xe6\xea\xf1\xa2L\x06\xe2yX]\x12\xb8\
\xe4\x8d\xbe21\x0f\xeb2\xc6\xe4@U\xe5\xb6\xc7\x17\
_#pM\x1e\xca?s9)*\xa7\x9e{\xa6\x1d\
\x13\xd0\xdc\xd9\x00\xd0\xcc\x0d\x9b\xa3#U\x98\x02\xb4\xc8\
\xc3\xeaV;\xe5\xd4\xe9\xfd\xe4\xf9<\xac\xcb\x18\x93'\
\xb7>\xbe\xf0\x12Q\xf9\xa3h\xea\xe9\xbd\x1c\xca?s\
\x9f\x1a\x85\x13\xce;\xb3\xe7\x0b\xa1\x067\x8d\xca\x06\x80\
flH\x95\x0e\x13x\x11h\x95\x87\xd5}\xee\x1cG\
N\xef/\xef\xe6a]\xc6\x98<\xbb\xfd\xd1O\x8eW\
xL\xea\xbc\xb47`\xf9g\xac\xc5\xb9\xa3\xce\xfda\
\xef7B\x8cm\x1a\x91\x0d\x00\xcd\xd4\x90\xd9\xba\xbfx\
L\x05\xda\xe5au\x9f8\x8f\x91\xd3w\x919yX\
\x971&$\xb7?\xbah\x18\xb8) \xedr,\xff\
\xcc\xf5+\x15\x1dy\xeeY\xbd\xff\x19nr\xd3\x18l\
\x00h\x86\x86|\xac{H\x92J`\xdb<\xacnn\
<\xc6a\x7f\xef-\x0b\xf3\xb0.cL\xc8\xeexx\
\xe1\xc1\x88\xfc\x15\xb4\x03\xe4T\xfe\x99\xcb_\xc5\xd0\x11\
g\x9d\xd5\xfb\xbdp\x93\x9b\xa8\xd9\x00\xd0\xcc\x0c\xffP\
{\xba8\xff\x00\xba\xe6\xba.\x81Y\xae\x96\x91\xd3v\
\x93\xcf\xf2\x10\xcd\x18\x13\x91;\x1f\xfbd\x90:}I\
\xa0S\x8e\xe5\x9f\xf9\xf8i\x22\x96\xf8\xeey?\xe8\xbb\
8\xd4\xe0&R6\x004#\x07Ti\xfb\x160\x1d\
\xd8=\x0f\xab\xfb\xb7\xc2\x91\xd3\xfa\x8a\xbdw\xb81M\
\xd0\xc4\xc7\x17\x0c\x88'd*\xd0-\xb3,`\xf9g\
\x9eI\x98\x852\xf8\xec\xb3{\xad\x08/\xb5\x89\x92\x9d\
\x08\xa8\x99\xd8w\xa6\x96\xb4\x80'\xc9G\xf9+\xff\xaa\
\xada\xa4\x95\xbf1M\xd7E\xa7\xf4\xfcP\x92\xb1\x11\
\xc0\x22\xc8\xb9\xfc\x11\x18\x08<^Y^\x99\x8f\x97\x13\
\x9b\x02`\x03@3\xd1\xba\x03w\x01\xf9xg\xaf7\
[\xaec\xc4?\x06\xcaWyX\x971\xa6\x11\x9d\x7f\
\xd6\x8es<\xa7\xc3\x80E9\x96\x7f\xfa\xa3\x1e\xf1\xc9\
\xce;\xdf\x1eff\x13\x1d\x1b\x00\x9a\x81\xa1s\xf5\xe7\
\x02g\xe7aU\xffu\xa5\x8czeOY\x93\x87u\
\x19c\x0a\xc0yg\xf6\x9c\x1fS\xef\x10\xe0\xb3\x5c\xca\
\x1f\xd5\xcc\xe5\xf3\x1e\x9c4\xef'\xe1%6Q\xb1c\
\x00\x9a\xb8\xf4;\xfb=A\xee\xdf\xcb\xf7K\x12\x8cx\
u\x80,\xcfG.cLa\xb9\xeb\xe1E\xbb{\x9a\
\xac\x14\xa5SfY\x80\xf2\xcf,WU\xce<kL\
\xef\x87C\x0dmBe\x03@\x136|\x9e\x0ev\x8e\
\xbfQ\xe7\xc4\x1fA\x880;\xee1\xec\xd5\xde\xf2E\
\x9e\xa2\x19c\x0a\xd0\xdd\x0f\x7f\xb2\x9f\xe7\xdcT\xa0}\
\x0e\xe5\x9fyY\xe1zp\x87\x9e1\xa6\xcf\x8c\xb0s\
\x9bp\xd8\x00\xd0D\x0d\xaf\xd2\x1d\x1d\xbc\x03l\x9f\xe3\
\xaa>\x89\xc7\x18j\xaf\xf37\xa68\xdc\xfd\xd0\x82\x83\
b\xca+\xa8\xb6\x81\xc0\xe5\x9f\xb9\xc1\x17.\x96\xd8\xf7\
\xac\xb3\xfa\x7f\x1ajh\x13\x0a;\x06\xa0\x09\xdaw\xa6\
\x968x\x9c\xdc\xcb\xffS\xa7\x8c\xb0\xf27\xa6x\x9c\
\x7fF\xcf\x19\xa2\xc9\xe3\x81\xea\x1c\xcb\x1fQ\xba\xc4\x12\
%\x93+*f\x95\x86\x9b\xda\x84\xc1\x06\x80&\xa8u\
\x07n\x06\x0e\xceq5_\xa3\x8c\x9c\xdeO>\xceG\
&cL\xd31\xe6\xac]\xa6\x0a\xfa\x03\xc0\xe5P\xfe\
\x99\xcb\x07\xd6\xaej\xf5\x87P\x03\x9bP\xd8\x00\xd0\xc4\
\x0c\xad\xd2\xd3\x05.\xc8q5\xb5\xeaq\xf2\x1b\xfd\xe4\
\xc3\xbc\x842\xc649c\xce\xea\xfd$\xaaW\xe5V\
\xfe\x99\xe5:\xfe\xd1{\xe7\x9e\x15b\x5c\x13\x02;\x06\
\xa0\x09I\x9f\xe3\xff\x1f@\xeb\x1cV\xa3\x08?|\xa3\
\x8f<\x98\xaf\x5c\xc6\x98\xa6k\xd2\x03\x1f\xdf&\xc8E\
@\xc0\xf2O\xbf\xacPY\xe7\xc5\xdc\xe0S\xc6\xf4\xfd\
w\xc8\x91M\x9e\xd8\x00\xd0D\x0c^\xa8\xdbx5\xcc\
\x04z\xe7\xb2\x1eU~1\xad\x9f\xfc*O\xb1L\x13\
P^\xa9\xf1\x15\xb1e\xdbI\xb2\xb4MR\xb5\x83\xc3\
\xb5,q^\x9d\xb7\x88N\x00^\xb5\x83oPV\xb4\
\x84o\xae\x1b\xb9\xed7\x8d\x16\xd8D\xaa\xb2\xb22\xbe\
pa\xcf\xe7P=*p\xf9g\xae\x87\xb9\xebc\xb1\
\xfd\xect\xc1M\x83\x0d\x00M\x81\xaa7\xb4\x8a)\x08\
G\xe7\xb4\x1a\x984\xad\xaf\x8c\xc9W,S8~\xf4\
\xea\xb2\xee\x9eW\xb2{\x0c\xfa8q}\x05\xe9#J\
\x0f\xd0\xedQ\xb6\x97:\xbf\xeb\xb2\xc9._\xddd\xd9\
\x86\xe5J\xad\xc0\xe7\xa8.\x12\x8fO5\xa9\xf3<a\
vR\xe4\xa3\x12\xe4C\x1b\x10\x9a\x97\xfb\xee\xfb\xa8]\
\xdc+}\x03\xd8\x0b\x02\x97\x7f\xfa\xc7I\x9f?\xe5\xdc\
>\xc7\x8a\xd4\xbd\x87)D6\x004\x01C\xab\xf4*\
\xe0\xf7\xb9\xacC\x85\xa9kWp\xf4;\x83\xa46O\
\xb1L#\xb9\xe2\xe5\xcf\xdb\xacm\xd9\xf2`E\x87\x88\
\xca\xbe\x02\xfb\x00]\xeay^\xf6\xdbo\x03\x9b]\xf9\
7|=\xa8(s\x81wP73&2\xbdEi\
\xa7w\xcaGH\x22?[h\x1a\xc3\x9f\xff\xbc\xa8;\
\xae\xe6mA\xba\x07/\xff\xcc\xcf\x90\x5cz\xca\xf9\xbb\
\xdc\x1cvf\x93\x1b\x1b\x00\x0a\xdc\x90*\xddG\xe0\x1f\
@./\xb3\xf9\xb0\xd4\xe3\xc0\xa9\xbb\x88=jk\x82\
\xcaU\xbd\xcf\xa7\xad\x1c$\xca(\xe00\x81A\xa8\xc6\
\xa1\x81\xf3\xba\x87W\xfe\xe9e\xba\xc9}\x80U\x82\xbe\
)\xea\xfd\x0d\xe7\x9e\xff\xdd\xf7\xb6\x9b\x13hcM\xa3\
\x9a4i\xfe^1\xd5i\x02mSK\x02\x94\x7f\xea\
\xe3zq\xb2\x7f\xd9\xd8]\xde\x0f;\xb3\x09\xce\x06\x80\
\x02\xb6\xef\x12m\xddf\x0d3\x81\x019\xacf\xa5\xe7\
8\xe0\xb5\xfe\xf2Q\xber\x99\xf0\x9d\x5c\xa1\xb1m\xb7\
\xff\xe6\x10\x812\x119\x06\xe8\x0aY\xbe\xa3[\xf4\xe5\
\xbf\xd9\xc9d\x14U\xaab\xc2\xb3I\x8f\xc7\x7f\x7f\xc4\
v\xefd\xbb\xdd\xa6\xf1=8i\xfe)\xa2\xfaX\x0e\
\xe5\x9fy*\xe0\xfd\xb5%\xf1\xfd\xcf>\xbb\xd7\xfa\xb0\
3\x9b`l\x00(`C\xaa\xf4\xf6\x1c_\xf2\xa7\xe2\
\x18\xfdz\x7fy:o\xa1L\xa8\xce\x7fc\xc5>\x22\
r\xa6(\xdfG\xe9\xfa\xed\x83\xb2\x0a\xbf\xfc\xeb.K\
\xaf\xb7\x0ax\xb8$\xce\xbd\xe5\x87o\xb7dK\xdbn\
\x0a\xc7C\xf7\xcf\xfb\x93(\x97e>\x0fP\xfe\xe9e\
rs\xd9\xf9}.\x0d9\xae\x09\xc8\x06\x80\x025|\
\xae\x1e\xe9\x94\x17\xc8\xe1{\xe4)\xbfy\xad\x9f\x5c\x9d\
\xc7X&\x04\xe3^\xd0\x16\xd5\xedV\x1f\xeb\xa9;_\
S\xbb\xf8\xbf]\xe2\xd0T\xcb\xbf\xee\xd7O\xa2\xbc\x88\
\xea\xcd\xbf\xfe\xde\xf6\xafb\x07\x89\x15\xac\xca\xf2\xca\xf8\
\xe2\x1e=\xa6\x0a2,x\xf9\x03\x8a\x82\x8e*\x1b\xdb\
\xef\xaf\xe1\xa76~\xd9\x00P\x80\x0e\xfdX\xbb\xd4&\
y\x8f\x1cN\xf5+\xca+\xdb\xf7\xe5\xe8\xc9\x22\xc9<\
F3yt\xd1\xdb+;\xd5\xd6\xe88Q\xb9\x08\xb4\
3\xd4w\xf4u\xb3)\xffM\x96)\xbc'*\x13\xd7\
\x95$\x1f\xb9\xe1\x88\xae\xf6\xf6\xd3\x05h\xd2\xa4\xf9]\
K]\xf2\x1d\x90n\x01\xcb?\xb3\x17\xe03-\xd1=\
\xcb\xc6\xf4\xfd2\x8a\xdc&{6\x00\x14\x1aU\x19:\
\x8f)(\xdf\x0b\xba\x0aQ\x16\xc4\x93\x0c\xb2\xb7\xf6-\
Lc\xa6\xaf\xe9V\xa2\xeeJE\xcf\x15\xa5\xcd\xe6\xe5\
\xda\xdc\xcb\x7f\xb3\xaf\xb5\x1c\xd1\xebV\xad\xa9\xb9\xed\xc6\
\xb2\x1e\xeb0\x05\xe5\xe1{\xe7\x1e\xec!\x95@I\xb0\
\xf2O}Tx\xee\xe4\xb1}\x8f\x8b&\xb5\xc9\x96\x0d\
\x00\x05f\xe8\x1c\x1d\x8bpg\xd0\xfb\x8b\xb2N\x85\x83\
\xdf\xe8+\xff\xc9g.\x93\xbb\x0b\xa6\xad\xd8&\x81w\
\x95 \xe3@[\xd7W\xaeEV\xfe\xc8\xc6\xaf\xff\xa9\
(\xbf\xea\xdam\xfb\xfb\xc7\xdaKU\x0b\xca\xa3\xf7\xcd\
\x1d\x87rK\xd0\xf2\xcf\x5c\x8f\xe8\x0fO\x1a\xdb\xff\xcf\
Qd6\xd9\xb1\x01\xa0\x80\x1c2[\xbb'<f\x01\
\x1d\x82\xdc_\x14\x10.|\xbd\xaf\xdc\x91\xdfd&\x17\
\xe7\xcf\xd4\x12\xd6\xad\x1a\x0f\xfc\x1c\xd8\x06\xea/\xd7\x22\
.\xff\xba_\x7f.\xaa\xbf\xd0\x7fwy\xa2\xbc\x5c\x1c\
\xa6 <v\xef\xbc\x0aTO\x86`\xe5\x9f^\xb6\x5c\
\xd4\xdb\xed\xc4\x0b\xfa,\x8d\x22\xb3\xd9:{3\xa0\x02\
\x92\xf4\xb8\x8d\x5c\xca\x1f\xa6\xbc\xde'\xf8\xde\x03\x93\x7f\
\xe7N_1R\xd7\xadz\x0f\xb8\x01+\xff:_k\
\x8b\xf9\xfa\x80<\xea\xed\xb3\xf4\x9f\xe5\x7f]\xba\x17\xa6\
 \xb8\x9a\xf8X`q\x0e\xe5\x0f\xd0\x09\xdcM\xa1\x87\
5Y\xb3=\x00\x05b\xc8\x1c\x1d-\xc2\x93A\xee\x9b\
~#\x8e\xcf\x9d\xc7\x1e\xd3\xfa\x8a\x1dhS\x00\xce}\
ku\x17I\xba[q\x9c\xfc\xed\x12\xb4\xf2\xdfR\xbe\
\xba\xeb\x10%\xa1\xc2\x0dm\xd7\xd7^{\xb9\x1d\x1f\xd0\
\xe8\x9e\xb8o\xee\x08uL\x15\xf0\x02\x94\xff\x86\xef\xb7\
*\xc7\x8c\xbe\xd0^\x15P\x08l\x00(\x00\x87\xcd\xd3\
\x0e5\x8eY@w\xbf\xf7M\xffR\xa9\x07\xa3*\xfb\
\x89\xfdR\x15\x80s\xa6\xad:\xd9\x13\xbd\x1d\xa5\xb3\x95\
\x7f\xe0\xf2\xaf{\xfd<\xf1\x18\xfb\xf3Q]_\xc54\
\xaa\xc7\xef\x99{\xbd(\x13\x82\x96\x7fz\xd9'^\xa9\
\xfb\xceq\xe7\xec\xba*\xfc\xc4\xa6!\xf1\xc6\x0e`\xa0\
\xda\xf1\x07\x09^\xfe\x08\xee\xe6\xca~1+\xffFv\
\xce\x8co\xb6\x15'\xf7\x0azB\xfd%\xd8\xe8\xe5\xbf\
\x06X)\xca7 k\xa0\xces\x80J\x07p-\x80\
\x8e\x02\xed\x0a\xa8\xfc\x01v\xd1$\x7f\xfb\xcd\xb3\x9f\xdf\
\x13'v\xc5U\xc7mg\xc5\xd1H\xbc\x0e\xd5W\xf3\
u\xe9a\x08{\x03A\xca\x1fTw\xd2j\xf9\x0d0\
>\xfc\xc4\xa6!\xb6\x07\xa0\x91\x0d\xa9\xd2a\x02\x95\xf8\
\xfc^\xd4y]\xee{\xadE\xf6\x7f\xb1\xafT\xe7=\
\x9c\xc9\xda\xb9\xd3W\x0e\x01}D\x90\x1e\x8dX\xfeN\
\x94\xd9\xa2\xfcW=\x16\x02\x0bQ]\xa0\xaa\x0b\xa5\xcd\
\xba\x057\x1e\x94\xddn\xf4\xcb*\x16\xb5\x8auh\xd7\
\xb5D\x5c7\xd4\xf5\x01\xfa\xe0\xb4\x1f\xb0\x97@\x1f\xd2\
\xbb\x80#*\xffM\xf6^\x08|\x04\x8c\xfe\xd9\xf1;\
|\x90\xcd\xb6\x98\xfc{\xfc\x9e9\x03<\x95\x99(\xad\
\x03\x94\x7f\xe6\xb2s\x9e7\xf8\xc4\x1f\xf5\xfdG\xf8\x89\
\xcd\x96\xd8\x00\xd0\x88\x86\xcf\xd7\x96.\xc1\xbb@??\
\xf7\xdb\xf8K\xa5\xebEdPe_\x99\x15B<\x93\
\x0dU9w\xc6\xea\x9f\xa1\xfaK\x81X\xc4\xe5\xff\xb5\
(3\xf0x[\xd4\xbd]\xea\xe4\xed\xb0\xdf\xa6\xf7\xca\
g\xbflW\x12\xd7\xbdU\x18\x220T\x90\x83@\xdb\
FT\xfe\x99\xfb\xac\x16\xe4\xfc\x9f\x9e\xd0\xf5\xb1<m\
\x96\xf1i\xf2\xddU\x17\xa2L\x84@\xe5\x9fY>\xeb\
\xf3\xd8\xaa\xbd\xc7\x8e\x1dd/\xfbl$6\x004\xa2\
\xa1s\xf4j\x84_\xf9\xb9O\x9d\xf2GT~^\xd9\
_~\x1bF6\xb3u\x17V.m[]\xd2\xf2\x01\
\x81\xd1\xf5\x96{8\xe5\xbfP\x1c\xcf\x8a\xc8\xb3\x1d\xbd\
\x0eo4\xf6[\xf0\x96Wh\xa9k\xb3t\x18\x22\xa3\
T\xf58\x90\x9dB.\xff\x0d\xd7+\xdcZS\xfb\xd5\
\x15\xe5e\x03k\xf2\xb7E&\x1b\xaa*O\xde5w\
\xaa\x08\x87\x04,\xff\xcc\xd0p\xe9q\x17\xedjo\x1b\
\xdcHl\x00h$\xe9\xd7\xfc\xcf\x06\xdad{\x9f\xba\
\xe5\x0f\xbc\xbbj\xa5\xec\xf7\x8e\x9d4\xa5Q\x9c\xfb\xfa\
\x8a^\xc4\xbcg\x81\xdd#(\xff%\xa8L\xf2\xe0/\
7\x1d\xda\xf1\xdfy\xdf\x98<)/W\x8f\xfd\x97\x0f\
W\xa7g+:Z\xd0V\x10N\xf9g\xd6+\xf0\x8f\
\x92D\xe2\xe4\xcb\xcbz|\x9a\xe7\xcd1[Qq\xef\
\xdc>^B\xdf\x03m\x15\xac\xfcA\x90\xaf\x13\x9a\xec\
{\xe2\xc5\x03\xec\xac\xa5\x8d\xc0\x06\x80F2\xacJ\x1f\
R\xf8A\xb6\xb7\xdf\xac\xfc\x938\xf9\xeek\xbb\xca\xcc\
p\xd2\x99\x86\x9c\xfb\xc6\xea=\xf0\xdc\x0b@\xf7\x90\xcb\
\xff\x1d\x0fnY\xd7\xbe\xe3cw7\xb1A\xaf\xfc\x85\
\xe5\xedI&\x8e\x07\xce\x00\x0e\x05$\xdf\xe5_\xe7Q\
\xe7B\x12z\xc4Ue\xddg\xe7{;L\xc3&\xdf\
Yu\x95\x87\xfe>\xf3\xb9\xbf\xf2O}\x22\xaa\x13G\
]<\xe0\xe2\xb0\xb3\x9ao\xb3\x01\xa0\x11\x0c\x99\xad\xfb\
\x8b\xc7[d\xf9\xef\xbfY\xf9\x03z\xc3k\xfdb\x13\
\xc2Ig\x1ar\xee\xf45GC\xf2\x09\xa0mH\xe5\
_\x8dr?.y\xdb\xad\x87uj\x16\x07\xba]\xfb\
\xd7\xcf\x0f\xc0\xf1\x0bU9\x1a\xf2^\xfe\x99\xfb|\xe9\
y\x1cu\xc5\x09\xdd\xde\x09e#L\xbd*\xcb+\xe3\
_u\xed\xfeO`\xef`\xe5\x0f@BI\xeeu\xec\
\xc5\x03\xedX\xa6\x88\xd9\x00\x105U\x19:\x977\x81\
\x03\xb3\xb9\xf9\xb7\xcb\x9fy\xed\xda\xca\x1eS\xba\xc9\xda\
P\xf2\x99-:w\xda\xeaS\x11\xf7 \x10\x0f\xa1\xfc\
\x13\x1e\xfcY\x12\xee\xda\x9bGn\xfbI(\x1b\xd0\xc8\
\xae}\xee\xb3\xfd \xf6\x0bp\xc7\xe4\xb9\xfc37\x5c\
\xa9*\xc7_5z\x87\xca0\xf2\x9b\xfa=}\xfb\xdc\
}U\xdc[d~/\xc0O\xf9\xa7\x97\xc9\xdf\x8e\xb9\
\xb8\xff\xe1\xa1\x875\x9b\xb0\x01 bC\xe7\xe8i\x08\
\x8fds\xdbz\xca_='\x87\xfd}W\xf9{8\
\xe9\xcc\x96\x9c;m\xf5\x99\x88\xbb\x1f\x88\xe5\xb5\xfc\x05\
\x87\xe3\x09/&\xd7\xdc2\xacCU\x88\x9bP0~\
\xfd\xec\x92A\x8a\xfc\x0a\xe4\xc8\xbc\x95?\x1b\xfe\x8d\xd7\
#r\xda\x84\xd1\xdd\x9e\x0e)\xbe\xa9\xc7_n\x9f\xf3\
\x07\x11\xae\x00\x02\x94\x7f\x8a:=v\xd4\xf8\x01S\xc2\
\xcej6\xb2\x01 B\xfb.\xd1\xd6m\xd6\xf0\x11\xd0\
ck\xb7\xad\xa7\xfc\x11\xf4\xfe\xca~\xb1s\xc2\xcag\
\xeaw\xce\xb4\x95cD\xb8\x07\xf0\xf2\xfc\xc8\xff?\x9e\
r\xde-\x87t,\xca\xdd\xd6\xbf~\xee\x8b\xd1\xa2z\
\x8b*\xdd\xf2T\xfe\x99eIEO\x9bp\xd2\x8e\x15\
\xa1\x857\x9b\x98r\xd7\x92\xd6\x09\xb7\xfa}T{\x07\
)\xff\xf4\xf7\xb3j\xcd\xf2\xe4w\xca\xca\xedU\x1dQ\
\xb17\x03\x8aP\x9b5L h\xf9++\x12\xe2\xfd\
$\xacl\xa6~\xe7M_U&\xc2\xdd\xe4\xb7\xfc\xd7\
\xa1\x5c\xd5\x99\x0e\xfb\x17k\xf9\x03\x5c}l\x97\xa7j\
KJ\x06\x08\xdc\x0a\x9a\xccS\xf9\x03\xc4<\x95\x87n\
|\xea\xd3\xc3\xc2\xcan65jl\xb7\xb5\xe2\xe4\xd2\
\x1c\xca\x1f\xd0\xbem;\xcb\x85!G5u\xd8\x1e\x80\
\x88\x0c\x9f\xad\x9d\x9d\xc7\xc7@\xbb\x86n\xb7\x85\xf2\x07\
\xe4\xc7\x95\xfd\xe5O\xe1%4\x9b;g\xda\xea#E\
\xdc\xb3@i\xbe\xca\xdfS^\xc51\xf6\xd6C;\xce\
\x0b3{S\xf3\xebg\x97\x0c\xf2\x9c\xdc\x0d\xec\x9dc\
\xf9\xd7-\x99U\x22r\xc8\xe5'u\xb3W\xcbD\xe4\
\xe9\x89\xb3_\x11ad\x0e\xaf\xf8X\x1a\xab\xae\xe9}\
\xc4\x84=\xd7D\x93\xb8\xb8\xd9\x1e\x80\x88h\x8c+\x09\
\x5c\xfe\xcc\xee\x9c\xe0\xb6\xd0\xc2\x99o9\x7f\xda7\x07\
\x88\xe8S\xe4\xaf\xfc\x13\xa2L\xb8ux\x87\x91V\xfe\
\xdfv\xf5q\xddf\xb6m\xb1\xfa@$uv9\xc8\
\xb9\xfc\x11h\x87\xba\x17n\xaa\xf8\xb4\x7fX\xb9\xcd\xa6\
b\xea]&\x90\xc8\xe1\xe5\x9e\xdb'[\x94\xd8K\x02\
#b{\x00\x220|\xbevu\x09\xe6\x01\xad\xb7t\
\x9b\x06\xca\x1f\x90\xefU\xf6\x97\x17\xc2Kh\xea\x1a3\
}M7\x8f\xe4?\xc9\xdf\xeb\xfc\x97\xe28m\xe2!\
\x1d\xed\xdd\xec\xb2\xf0\xbbg\x96\x9c N&\x81v\xc8\
\xa1\xfc\xa9s\x22\xa5\xc5\x1e\xde\xc1\x97\x94uk\x96\xaf\
\xae(4\xcfL\x9c=Q\xe0\xc2\x00\xe5\x9f\xb9~\xb9\
\x12\xef}\xf4\xf8\xbe+\xa3\xc8[\xccl\x0f@\x04\x5c\
\x92\x9f\x10\xb8\xfcy\xc9\xca?:\x17V.m\x1b#\
\x99\xcf\x93\xfcT\xc6\x13\xf1=\xac\xfc\xb3\xf7\xd3\xe3\xbb\
=\xed\x9c~W \xf5\xba\xf0\xdc\xca\x1f`G\xc5=\
=i\xd2\xfc\x96a\xe66)\xb18\xd7\x08\xf2u\xe0\
s=(\x9d<\xad\xbd$\x92\xb0E\xce\x06\x80\x90\x0d\
\xaf\xd2\x1dQ\xc6n\xe9\xfa\xad\x94\x7fmL\xe4\xf2\xf0\
\xd2\x99M\xa8JMI\xcb?+\xec\x99\x97\xf2W\x9d\
\xb8ti\x87\x917\x1f\xd6\xf6\x8b\xb0\xa377?;\
\xa9\xdbG^\x1b\xef\x00U\x9e\xca\xb1\xfc3\xdf\xab}\
\xbei]zK\x98\x99M\xca\xa8\xb1\xfd\x97)\xee\x97\
\x01\xcb?s\xf9\xf2\xca\x1b\xff\xd31\xf4\xb0E\xce\x06\
\x80\x90%\xe1g@\xbd\x8f<\xb6R\xfex\xaawL\
\xed'\x1f\x86\x99\xcflt\xde\x8cU\x97\x01'\xe6\xa3\
\xfcU\xa4|\xe2\x88m.\x9e\x5c&\xc9\xb0s7W\
\x13\x8eN\xad\xe7\xc5\x00\x00 \x00IDAT\xe8\xba\
\xa6wr\x87\xef\x03\xf7BN\xe5\x9f\xbe\xac\xe7\xdd\xfc\
\xc4\xe2\xb3\xc2Mm\x00\xba\xc7W\xdfN\xea\xad\x9b\x03\
\x94\xbf\x22\xd0\xb1\xdaka\x0f~Bf\xc7\x00\x84h\
\xf8\x87\xda\xd3\xc5\x99\x0d\x94n~\xdd\xd6\xca_`\x95\
Cz\xbf\xd6_\x96\x85\x9d\xd3\xc0\xf9\xd3W\x0ev\xf0\
w\x81\x92\x1c\xcb\xdf!2~\xe2\xb0\x0e\x131y\xa1\
\xaar\xc3\xd3K\xae\xc31!x\xf9o\xb8~\xad\xe7\
\xf1\xddqe=\xde\x0f;w\xb1{\xee\xb6\x8f\x8e\xf3\
\xe0\x19\xc0o\xf9g\x96\xad\x8c\xc5\xa5\xf7a\xf6FA\
\xa1\xb1=\x00!rq\xae&X\xf9\x83\xea\xcdV\xfe\
\xd1\xf8a\xe5\xd7\x1d\x9d\xf2X\x1e\xca\xbf\x16\x95\xd3\xad\
\xfc\xf3KDt\xc2\x89\xdd\xaf\x14\xe4\xa7\xa4\xbf\x19\x01\
\xcb\x1f\x81\xd6\xeax\xf2\x96\x87\xab\xdaG\x93\xbex\x8d\
\xba\xa8\xffs\x02\xff\x0aX\xfe\x08\xb4wI\xf7\xe3\xe8\
\x12\x17\x1f\x1b\x00Br\xc8l\xedN\xea\x9d\xd06\x91\
]\xf9\xb3\xc2\xb5\xf0\xfe\x18nB\x93\x11/\x89O\x14\
a\xc7\x9c\x1f\xf9\xab\x9c9qD\x87\xc7\xa3\xc8\x5c\x8c\
\xae8\xa9\xdb\xef\x05\xc6\xe5P\xfe\x99e\xfd$\xde\xf2\
\x8e(2\x173\x11QQ\xb9&`\xf9\xa7/\xcb\x8f\
*'\xcej\x1bE\xdebd\x03@Hjc\x8cg\
\xb3G\xffY\x96?\xa07\xbc\xd6KV\x84\x9d\xd1\xc0\
\xb9\xd3W\x9d(\xe8iy8\xe0\xef\xc7V\xfe\xe1\xfb\
\xf1I\xdd'\xaap-\x04.\x7f\xd2\x8bO\x9b\xf8\xe8\
\xa7\xa3\xa2\xc8\x5c\xcc\x8e\x1e\xd7\xffE`Z\xa0\xf2\x07\
D\xd9\xa6\xb6Z\xec\xf4\xe7!\xb1\x01 \x04\xc3gi\
[Q\xce\xab\xbb,\xdb\xf2\x17tY5\x9e\x1d\xad\x1c\
\x81\xf3+Wv\x16\xf4\xae<\x1d\xf0wS\x04\x91\x0d\
\xf0\xe3\xd1\xdd\xca\x81\xfbs(\xff\xf4\xf7\xcd\xdd:\xb1\
b\xa9=\xba\x0cYL\xdd\xb5\x01\xcb\x1fP<\xf4\x92\
\x8a\x0a\x8dE\x91\xb5\xd8\xd8\x00\x10\x02W\xc29\xc06\
\x99\xcf}\x94?\x02\xd7\xbf\xb9\xab\xac\x8a&iq\xd3\
\x12\xfe\x80\xd29\xd7\x97\xfa\xdd>\xac\xc3/\xc3Ok\
2DDWu\xee6\x16\xe5\xc5\xa0\xe5\x9f\xba\xb1\xee\
L\xa2\xfa\xd7\x91\x84.bG\x8e\xdfm*\xc2\x1bA\
\xca_\x00\x84^\x9d\x96|pb4i\x8b\x8b\x0d\x00\
y6\xbcR\xe3\x08\x1bNb\xe1\xa7\xfc\x81\xcf[\xad\
\xf6\xec\x00\xb2\x08\x9c;m\xd5p\x94\xb3r*\x7f\xa8\
\x5c\xfaeG;aI#(\x1f!\x89\x16\x94\x96\x81\
\xcc\x0cV\xfe\x1b\xbe\xdf\x17\xdf\xf1\xc8\xa2\xfd\xa3I]\
\xc4\x94_\xa4?\xfa+\xff\x0c\x87\x1d\x0c\x18\x02\x1b\x00\
\xf2\xcc\xed\xc8\x89@/\xf0]\xfe\x88p\xfd\x94A\xb2\
6\xa2\xa8E\xab\xbcR\xe3\x82N\x94:\x7fw\xfc\x97\
\xbf,\x89'\xe2\xa7\xda\xeb\xfc\x1b\xcfEe\xdb\xafv\
IND\xf9\x0a\x82\x94?\x08\xc4T\xf4\x9e\xbb\xee\x9a\
Y\x12U\xeebt\xf4\xf8\x01\xaf\xa3\xf2j\x90\xf2O\
\x7f\xaf\x0e\xf8\xdb\x0d\xb3\x06\x87\x9f\xb4\xb8\xd8\x00\x90\x7f\
\x97C\x80\xf2\x87\xaf\x13\x09\xef\x9e\xa8B\x16\xb3O\xe3\
\xab\xcf\x17\xd8-\xf3y\x907\xf6\xf1H\x9ebg\xf8\
k|?>\xb5\xfb\x22\x15\xce\x94L\xf3\xfb+\xff\x8c\
=\xb4\xcd\xf6v\xa0Y\xc8<u\xd7\x05,\xff\xd4\xfd\
\xc5\xf6\x02\xe4\x9b\x0d\x00y4l\xb6\x0e\x01\x0e\xf0[\
\xfeiw\xbf6PV\x87\x9f\xb2\xb8\x8d\x99\xfee;\
A\x7f\x91\xf9<\xc8[\xfa\x8a\xf2\xd3[\x87o;-\
\xfc\xb4&\x1b\x97\x95\xed\xf8W\xe0\x8e\x80\xe5\x8f(\xa8\
\xa7W\xff\xa9bQ\xab\x08\xe2\x16\xad\xc3/\x190U\
\xe0=\xc0w\xf9K\xea\xbfc_\xbf\xfe\x83\xbe\xe1'\
-\x1e6\x00\xe4\x91z\x5c\x1c\xa4\xfc\x05j\xc4\x8e\xfc\
\x8fD\xdc\x95N\x00\xba@\xb0\xf2\xf7\x94Wo\x1b\xde\
\xc1\xce\xd1P`\x92\xa2W\x08\xbc\x0f\xfe\xcb?\xbd\xe7\
\xa0{\xeb\x84^\x10I\xd8\x22%\x22\xaa\xca\x1f\x83\x94\
\x7f\xfao\xa6\xe7\xbc\xe4\x16\xdfW\xc5\xf8g\x03@\x9e\
\x0c\xa9\xd2\xedD9\x1e|\x97?\xa2<\xf6\xb7]e\
IDQ\x8b\xd693\xbe\xd9\x16\x91K \xf0#\xff\
u8\xc6\x22u\xbf\xab\xa6\x10\x5c^\xd6c\x9d\xe7\xdc\
\xa9\x02\xeb\x00\x7f\xe5\x9f^\xaeI\xf7\x93\xfb\xee\xfb\xa8\
]4\x89\x8b\xd3\xca\x15\xfa\xb8\xc0\x86\xbfu>\xca?\
\xbd\xc0;sV\xf9\xaco\x9d]\xd5\x04c\x03@\x9e\
x\xca\x0f\x81R\xbf\xe5\x8f\x82\xe7y7F\x93\xb2\xb8\
yI.\x03\xda\x07,\x7fP\xcao=\xb4\xe3\xbch\
\xd2\x1a\xbf.>m\xe7Y(\xd7\x07)\x7f\x14<\x91\
\xedj[\xb6\xb4Wu\x84\xa8\xac|`\x8d\x88\xdc\x0a\
\x01\xca\x1f\x10t\xbb\xa5m96\x8a\xac\xc5\xc0\x06\x80\
|P\x15\xe0\x9c \xe5\x0f\xf2\xf2\xcb\xfd\xe5\xddHr\
\x16\xb1\x0b\xa6\xad\xd8FD\xc6\x05.\x7f\xf8Og\xe9\
\xf0\xa7H\xc2\x9a\xc0jc\x5c'\xb0\xd0o\xf9o\xfc\
^\xcb\x15\xb7?\xb2p\x1bLh\xaaKj\xef\x12e\
\xb5\xff\xf2O-\xf3\xd0s\xa3I\xda\xfc\xd9\x00\x90\x07\
#\xe62T\xd0\xfe\x99\xcf\xb3/\x7f\xf04i\xcf'\
G\xc0\xe1\x9d/\x8e\x0e\x81\xca_p\x9er^\xf9\x08\
ID\x16\xd8\x04ryY\x8fu\xaa\xa9\xa3\xc5\xfd\x96\
\x7fzY\x87x\xd2\xfd(\x82\xa8E\xeb\x98\x0b\xf7\xf8\
ZU\xef\x0fR\xfei#_\xbd\xe1\x83\x9dC\x8eY\
\x14l\x00\xc8\x03U\xb7\xe1\xb4\xbf~~\x90E\xf9\xf0\
\x95\xddJ\xfe\x16I\xc8\x22V^\xa9qT/\x0a\xf8\
\xc8\x1f\x1cO\xdcrH\xc7w\x22\x09kr6\xee\xb4\
\x1eO\x89\x93W\xc1w\xf9\xa7~\x06D.\xb2\xf3\x02\
\x84\xcb\x93\xe4\xcd\x80\x03\x9f\x7f3\xd3w/qnL\
\x149\x9b;\x1b\x00rt\xc4,\xdd\x16d4\x04\xf8\
A\x16\xee\x8d(fQ[\x12_}\x02\xd0\x03\x02\x94\
?$\xbc\x98\x5c\x13AL\x93G*\xee\x12\x81\x0d{\
l|>\xf5\xd3=\xd6\xa6\xf3\xc9\x11E-J\x87]\
\xb6\xc7\xc7\xc0\xab\x01\xca?=\xa4\xe9\xd9\x15\x15\x15\xf6\
\xfe\x009\xb2\x01 G\xd5%\x9c\x01\xb4\x0c\xf0\x83\x5c\
]\xeby\x0fF\x93\xb2\xb8y\x9a\xbc\x08\x02\x95?\x1e\
\xfc\xf9\x96a\x1d\xaa\x22\x88i\xf2\xe8\xe2\xd3v\x9e\x05\
<\x02\xc1^\xf1\x81\x8a\xbd\xdc,d\x9en|\x00\xe4\
\xa7\xfc\xd3\x97{t[\xb0\xeb\x11\x11\xc4l\xd6l\x00\
\xc8\x95\xe89A\xa6XQ}\xfa\xb5\xfe\xb2,\x9a\x90\
\xc5\xeb\xfc7W\xec\xa2\xc8\xd0 \xe5/P-\x09w\
m$AM\xde9\xf4\x0f\xa2\xe9\xd3\x03\xe2\xf7\x15\x1f\
:d\xd2#\x8b\xec\xa43!Z\xb6\x92g\x80e\x01\
\xca?\xf5\xb2M\xcf\xfba$A\x9b1\x1b\x00r0\
\xa2J\x07\x8ac\xf7\xcc\xe7>\xca\x1fT\xed\xb4\xbf\x11\
\x10'?\x94\xf4\xb7\xc4g\xf9\x83r\xff\xcd#\xb7\xfd\
$\x92\xa0&\xef.>m\xe7Y\xa2\xfa\x02\x04\xda\xfb\
#.i\xcf3\x87)\xf5\x92@\x1e\x0cR\xfe\x008\
\xfd^e\xf9,{;\xe7\x1c\xd8\x00\x90\x0b\xe7\xca2\
\x17}\x95?Z\xf5\xcan\xf1\xca\x88R\x16\xadrU\
O\x943\x03\x95?\xaa\xb8\xe4mQ\xe44!\x12\xb9\
>\xe0\xde\x1fPw\xba\xa6^\xe2kB\x12\xc3\xdd\x1b\
\xa8\xfcS\xdf\xcf\xd6\xa5m\xf4\x98(r6W6\x00\
\xe4@\x90\x93S\x1f\xf1Q\xfe\xa0x\xf7\xda\xd9\xe4\xc2\
\xf7\xf9\xb4U\x07\xa2\xec\x14\xa0\xfc\x01^\xbb\xf5\xb0N\
\x1f\x84\x9f\xd2\x84\xe9G\xa7\xef\xf4\x06\xca?\xfc\x97\xbf\
\x02\xf4\x98\xf4\xf0\xc2\x03#\x88Y\xb4\x86]\xb6\xfb\x87\
\x023\xc0w\xf9\xa7/&\xed`\xcd\x1c\xd8\x00\x10\xd0\
\x88\xd9\xba\xa7\xc2\x00\xbf\xe5\x0f\xd4\xba\xa4\xf7\xe7\xa8r\
\x165u'\x04*\x7f\x05\xcf\xc9\x1dQD4\x91\xd8\
p\x02'\x1f\xe5\x8f\x00\x92T+\x98\x90)rO\x90\
\xf2\x07E\x9c\x1c5\xfd:;}sP6\x00\x04\xe6\
\xbe\x1f\xa0\xfc\x11x\xe5\xd5\xdd\xc5\xdeF6\x02\x82\x9c\
\xb0\xf12Y\x97\xbf\xc0\x92u\x1d:<\x13QL\x13\
\xb2mKW?\xc7\x86\x83\xcd\xb2/\xff\xf4\x85\x130\
\xa1\xaaq\x89\xc9(k\xc0g\xf9\xa7\xbeU\xad<\xad\
\x19\x15I\xd0f\xc8\x06\x80\x80\x04)\x0bP\xfe\x00\x15\
\x91\x04,r\x17\xbf\xbezw\xa07\xf8.\x7fP\x99\
t\xf7 \xa9\x8d*\xab\x09WY\xd9\xc0\x1a\x0f\x1e\xf5\
[\xfe\xe9\xdf\xe7\x9d\x1fx`\xe1\xc0h\x92\x16\xa7#\
&\xec\xb9F\x91\xe7\x03\x94\x7fj\x99`{i\x02\xb2\
\x01 \x80\xe1\x1f\xe9 \x94]\x02\x94\x7fu\xb2E\xec\
\xd9HB\x16\xb9\x04\xeep\x08P\xfe\x80\xc6\xf5\xa9h\
R\x9a\xa8(\xf20\xf8.\xff\xb4\xe4Q\xa1\x07,r\
\x1e.\xf5\xc0\xc8o\xf9\xa7\x16\x1d\xf9VyU\xfb\x08\
b6;6\x00\x04\xe0\xe1\xbe\x1f\xa0\xfcAyi\xea\
.\xf2M\x04\x11\x8b\x9e\x88\x1e\x16\xa4\xfc\x81\x85\xb7\x0e\
\xed\xf8\xdfHB\x9a\xc8\x9cwz\x8f\x99\x02\x0b!\x8b\
\xdd\xfe\xb0\xf9\xef\xf3\x91\xa1\x07,r%\xde\xaa\x17Q\
]\x15\xa0\xfc\x11hI\xcb\xf5\xf6\x0e\x81\x01\xd8\x00\x10\
\x80'\x1c\x9f\xb9\xec\xa3\xfc\xc1v\xffGb\xdc\x0b\xda\
B\x94\xa1\x01\xca\x1fq<k\xaf\xd0h~DD\x05\
}&\x9b\xf2\xaf\xa7d\xbek\xef\x0d\x10\xae\x83.?\
h\x9d\x87L\x01\xdf\xe5\x0f\x80\xc3\x1d\x17E\xce\xe6\xc6\
\x06\x00\x9fF~\xa0}U\xe9\x03\xfe\xca_`]5\
\xb1\xe7\xa2\xcaY\xcc\xb4\xed\xaaA\xa8\xb6\x06\x9f\xe5\xaf\
 \x22\xf6\x14M3%n\xe3\xf76\xfb\xf2W\x04\xda\
\xb4*\xe9\xb4O\x14\x19\x8b\x99\xe2*\x82\x94?(\x1e\
\x1cVY^\x19\x8f\x22gsb\x03\x80O\xcesG\
\x81\xef\xf2G\xe0\x85\xd7\x06\xca\xea\x88b\x16\xb5\xa4K\
\x1e\x00\xfe\xcb\x1f\xf8\xba\xa3\xd7\xe1\x8d(2\x9a\xe8\xad\
\xf9\xa6v\x06\xb0vK\xcf\xf9o\xa1\xfcS<\x1d\x1c\
M\xca\xe2\x95\x5c\xd3\xeee`\xa5\xdf\xf2O\xff-\xee\
\xd8\xaa\xe56\xdf\x8d(j\xb3a\x03\x80or\x94\xdf\
\xf2O_|\x22\x92x\x06Q\xd9?@\xf9#\xca\x8c\
\xf2\x11\x92\xc04K\xe3\xc7\xf7\xad\x16\x91\xe9\x0d\x1d\xf0\
Wo\xf9\xa7>\x1f\x14E\xc6b6\xa2\xbc\xd7z\xe0\
\xd9\x00\xe5\x9f\x1e\xe0\xc4\x8e\xd5\xf0\xc9\x06\x00\x1fF\xcd\
\xd4\xd6\x82\x0e\xf3[\xfe\x025\xa5\xb1\xd8K\x11\xc5,\
z\x22\xa4\xf6\x00\xf8)\x7f\x00\x8f\xb7\xa3Ih\x1a\x8b\
&\xddk\xe0\xaf\xfc\x05\xc0\x89=\x05\x10\x01\x8f\xcc+\
p\xfc\x95\x7f\x9a\x0d\x00>\xd9\x00\xe0\xc3\xfav\xc9\xe1\
(\xad\xc0W\xf9\x83\xea\xb4\xe7v\x95U\x11\xc5,j\
\xe3\xdeZ\xde\x1e\xd8\xd9w\xf9\xa3\xa8soE\x93\xd2\
4\x16\xcf\x93\xb7}\x97\xbf\x82\x08}\xee\xbb\xcf\xce8\
\x17\xb6\xd5\xe8T\xd0\xea\x00\xe5\x8f({\xbf\xf9\x87w\
\xb7\x8f&i\xf3`\x03\x80\x0f\xead\xe3\xf3\xffd]\
\xfe\xa0\xd8\xa3\xff\x88\xb8\xb5\xf1\x01R\xe7ox\xb6\xe5\
\x0f8\x89y\xff\x8a(\xa6i$\xa5^\xedL\xc0\xf9\
*\xff\xd4\xa7^\x89\xb4\xd8-\x9a\x94\xc5\xeb\x88\x09{\
\xae\x11x\x13|\x97?\x80WR\xa3\x87G\x12\xb4\x99\
\xb0\x01\xc0\x0f\xe5(\xdf\xe5\x0f8\xcf\xbd\x18M@\xe3\
\x89\x1b\x90\xb9\xec\xa3\xfc\x11e\xf6M#\xb6Y\x11M\
J\xd3X~\xf0\x83\xbe+\x05\xe6\xf8,\x7fRG\x9a\
k\xdfhR\x167U})@\xf9\x03\x8a'\xf64\
\x80\x1f6\x00d\xe9\xd0\x0f\xb5\x9f\x08\xbb\x80\xbf\xf2\x17\
\xf4\x93\x97\x07\xb6\x98\x15Y\xd0\x22\xa7\x22\x03\xc0w\xf9\
\x03\xbc\x1bQD\xd3\xf8>\x00\x7f\xe5/\x0a8\x1b\x00\
\xa2\xe0\xa9\xa4\xf6\x98\xfa,\x7fI]}\xb8\x96\xab\xf5\
Z\x96\xec\x1f*K1\xdcp\xf0[\xfe\xa0x\xb6\xfb\
?J\xca\xce\x01\xca\x1f\x84\x05\xd1\x044\x8d\xce\xe9G\
\xbe\xcb\x1f\xc0K\x9d\xff\xc3\x84\xeb\xc0\xabv\xff\x1f\xca\
\xa7~\xcb?\xbdl\xbbw\xbc\xf7\xed\xbd\x1b\xb2d\x03\
@\xf6\x0e\xf6[\xfe\x00x\xd8\xee\xff\x08\x09\xba\xa3\xef\
\xf2O]^\x10MB\xd3\xd8D\x98\x0d\xf8+\x7f@\
T\xbbG\x12\xb0\xc8\xa5\xcf\xda\x98~\xe0\xe4\xab\xfcS\
K\xe2\xee\xa0(r6\x076\x00dKuH\xe6b\
\xd6\xe5\x0f\xb5\x94\xc4\xfe\x1eE<\x93&\xf4\xf0]\xfe\
\x80\xa2\x0b\xa3\x09h\x1a\x9b\xaa|\xe2\xbb\xfcS\xff\xdf\
!\x92\x80\x06\x11^\x0aR\xfe\xa9\xcbj\x03@\x96l\
\x00\xc8\xc2\x11\x1f\xe8\x0e@/\xf0U\xfe\x88\xf2\xf6\x8b\
}ee4)\x0d\xaa\x82c\x07\xbf\xe5\x8f\x82\xaa\x0d\
\x00\xc5\x22\x9eL.\xf6_\xfe \x8a\x0d\x00\x11YW\
\xea\xa6\x0a$}\x97\x7f\xea\xf3\x83#\x09\xd9\x0c\xd8\x00\
\x90\x05\xd5\xe4\xc1\xe0\xbb\xfcAR/g1\xd1\xb8\xe2\
\x95/Z\x0blx\xd3\x96l\xcb_\x80\x8e\xebkl\
\x00(\x12-\xda\xb7\xf84s\xd9G\xf9\x03\xb4\xab\xa8\
\x98U\x1aA\xc4\xa27\xe2\xb2\xbdW\xa0\xfa?\xbf\xe5\
\x9f\xfe5\xdf\xe5\xfd\xdf\xbc\xdf%\xf4\x90\xcd\x80\x0d\x00\
Y\x10\xd1\xc1\xbe\xcb\x1f\xf0T\xa6G\x12\xd0\x00\xb0\xb6\
\xd4\xdbp\xa2\x16?\xe5\xaf\xe8\xda\xf2Q\xdd\xd6F\x14\
\xd34\xb2\xb2\xb2\x1e\xeb\x80\xf5>\xcb\x1fPj\x97\xb5\
m\x13IH\x03\xc8\x86\x07P\xd9\x97\x7f\xea\xfa\x1aM\
\xda\xd3\x00Y\xb0\x01 \x0b\x82\xa4v)\xf9(\x7f\x01\
\xa54fg\x96\x8bP\x0bZ\xb4\x05\x7f\xe5\x9f\xfe\x83\
aO\xd3\x14\x19\x81U~\xcb_\x00\xafem\xdb\x88\
\x22\x16=\x91\xd4\x00\xe0\xb7\xfc\x01<\xec8\x80l\xd8\
\x00\xb0\x15\x87\xbf\xabm\x14\xf6\xf2Y\xfe\x80~4\xa5\
\xbf,\x8b*\xa7\x01\xc5\xb5\xf5[\xfe\xe9\xebm\x00(\
6\xca*\xbf\xe5\x8f\x82$\x9d\x0d\x00\x11I$\x12o\
\x06)\xff\xf42\x1b\x00\xb2`\x03\xc0\xd6\xc4\x13\x07\xa0\
\xc4}\x96?\xea\x98\x11UD\x93\xa2\x09M\xed\x01H\
}\x06dU\xfe\xa0\xac\x8f,\xa4)\x08\x1e\xb2.u\
)\xfb\xf2O}\x1a\xb3\x01 \x22\x07_\xbd\xcfB\xe0\
\xd3\x00\xe5\x0f\xb0\xef\xfc\xf2\xca\x96\xd1$m\xbal\x00\
\xd8*o\x1f\xbf\xe5\x8f\x82\xd8\x01\x80\x91s1\x89\xf9\
.\x7fS\xc4\xfc\x95\xbf\x00\x9e\xd2\x22\xaat\x06@\xdf\
\x0cP\xfe\x08\xb4\xf8:\xde\xe1;\xd1dl\xbal\x00\
\xd8\x0a\x0f\xdd\x13|\x96?@\xd2\xd9\x01\x80\x11\x8b9\
W\x13\xa4\xfc\xeb~?M\xb1p\xbe\xcb\x1f\x80\x98\xd4\
D\x10\xce\xa4yl~\x1c@V\xe5\x9f\xfa\xe8\xc4\x06\
\x80\xad\xb0\x01`kD\xf6\xf0]\xfe\xc2\xb2\xe7\xf7j\
17\xc2\x94\x06@b\xd5\x10\xa0\xfc\x85x4\x01M\
\xc1Pb\x99\x8b\xd9\x96\xbf\x00.Au$\xf9\x0c\x00\
I\x97\x9c\x11\xa4\xfcQ%\x86\xee\x1eI\xc8&\xcc\x06\
\x80\x06\x9c<KKEuW_\xe5\x0f\xa8\xf2_\xc4\
v0GM\x9c\xab\x0d\xf2\xc8_\xc0^\xdaU|\xda\
\x81\xbf\xf2G\xc1+\xa9\xb1\xe3E\x22\xd46\xd1\xe2=\
\xa0\x06\xfc\x95\xbf\x00\x0el\x00\xd8\x0a\x1b\x00\x1a\xb0R\
k\x07\xa0Z\x0a\xd9\x97?\x80\x07\xefE\x14\xd1\xd4\xe1\
b\xc9\x0d\xbbg\xb3.\x7f\x05T\xdbG\x93\xd0\x14\x90\
\xf6~\xcb\x1f\x94d\x8d\xda\x1e\x80\x08\x0d,\x1fX\x03\
\xcc\xf1[\xfe\xe9e6\x00l\x85\x0d\x00\x0d\x88\xa9\xb7\
\x07\xf8+\x7fI}\xfe\xbf\x88\x22\x9a:\x9cxk\xc0\
g\xf9\xa7\xaeo\x87\xaa\x1d\x0aP$**4\x96\xd9\
\xeb\xe3\xa7\xfc\x05(\xf5l\x00\x88\x9a\x87\xbc\xe7\xb7\xfc\
\xd3\xcb\xbb\xce,\x9f\xd99\x9a\x94M\x93\x0d\x00\x0dP\
tO\xbf\xe5\x9f\xbe\xde\xf6\x004\x82N_n\xbbT\
@}\x96?\x02\xf1+^\xf9b\xbb\xe8\x92\x9a\xc6\xb4\
n\xdd\x9c\xae\x80\xe7\xb7\xfc\x01\xb7\xedg_|\x19U\
N\x93\xe2T\xdf\x0fP\xfe\xa0\xd0\x82\x98\x1d\x08\xd8\x00\
\x1b\x00\x1a \x1e{l\xb8\x9ce\xf9\x03\xc9\x92\xd5%\
\x1fD\x12\xd0l\xa2\xbcLjD\xf9\xcag\xf9\x83B\
<\xe9\xd9[\xbd\x16\x89\x98\x8bw\x0bP\xfe\xa0,\x1d\
Q>\x22\x11QL\x93!\xfa~\x90\xf2O\x1d\xe0k\
\x07\x026\xc4\x06\x80\x86hj\x00\xf0Q\xfe\x08Z5\
\xf9\xa0\xccIFL\xe4\x94\xcf\xfd\x96?\x80\xc6d\xc7\
\x88\x12\x9aF\xe6%5=\xec\xf9*\x7f\x04>\x8f,\
\xa4\xd9(\x96|\x1f\x02\x94?\xa0\xf6J\x80\x06\xd9\x00\
\xb0\x05\x87\xcd\xd4\x0e@\x17\x9f\xe5\x8f\xc0\xfb\x91\x854\
\xdf&\xfay\xeaC\x9dE\x1b\xae\x82\xfa\xca_\x00\xc1\
\xeb\x13QB\xd3\xc8R\xdfk\xdf\xe5\x8f\x8a.\x892\
\xa7I\xd9\xf7\xaa}\x17\x09\xac\xf0[\xfe\xa0x\xca\x80\
hR6M6\x00lAi\xab\xda^~\xcb?}\
3{\xfe\xbfQ\xc9\x12\xbf\xe5\x0f\xe09v\x8d$\x9e\
itJr\x80\xdf\xf2\x07\x88\xa9\xd8\x00\xd0\x08DD\
Uu\xe3^\x00\xc8\xaa\xfc\xd3\xbf\xf3=#\x09\xd9D\
\xd9\x00\xb0\x05\x9e\xf3z\x81\xbf\xf2\x17\x05QfG\x16\
\xd2|\x9bss2\x17\xb3-\x7f\x01\x14g\x8f\x14\x8a\
\x84 \x03\xfc\x96\xbf\x00N\xb1\x93{5\x12O\xbcY\
\xfe\xcb\x1f@\xba\xcd*\x9fU\x1aE\xc6\xa6\xc8\x06\x80\
-Q\xed\xe5\xb7\xfc\x01\x92*\xf3#Jh\xea!\xc2\
,\xf0W\xfe\xa8\x82\xb0\xbb\xbd\x14\xb0\xf9\xab\xa8\xd0\x18\
\x9az}\xb8\x9f\xf2G\xc1\x13\xb5\x97\xf76\x12ES\
\x7fW}\x95?\x08x.\xb1\xaeG$!\x9b \x1b\
\x00\xb6Hz\xfb-\x7f\x80Xm\x89\x0d\x00\x8d\xc8K\
\xea\x07\xbe\xcb?u\xdb\x8e?}ey\xff\xa8r\x9a\
\xc6\x91\xf8f\xfe@\xa0\xad\xdf\xf2\x07\x85\xda\xb8\x0d\x00\
\x8dD\x9c,\x08P\xfe\xa9\xc1-.;G\x93\xb2\xe9\
\xb1\x01`K$\xd9\xcbo\xf9\x0b\xacz\xfa\x00Y\x1e\
M@S\x9f\xf9\xab:\xcf\x05\xd6\xfb*\xff\xcc\x9d\x1d\
\x07D\x93\xd24\x1aI\xee\x1f\xa4\xfc\x05V\x9dxQ\
\xafO\xa2\x0bj\xeaRt~\x90\xf2O]/=\xc3\
\xce\xd7T\xd9\x00\xb0%*\xbd|\x96?8\x16D\x90\
\xcc4`r\x99$S\xc7a\xf8,\x7f\x05O\xf5\xe0\
\xc8\x82\x9aF!*\x83\xc1w\xf9\x03\xfcO\xec\xfd=\
\x1aM\xd2%7\xecY\xf5W\xfe \xb8\x9e\x11Dl\
\x92l\x00\xa8\x8f\xaa\x08\xf4\xcc|\x9aU\xf9+ \xd8\
\xee\xff\x82\xe0f\x82\xbf\xf2O\xdf\xf6\xb0\xa8\x12\x9a\xc6\
\xe1\xc1\xa1\x01\xca\x1fE\xfe\x1d]J\xb3\xb9A\xe5\x83\
\x96\x01\xab\xfd\x96\x7f\xfaz{\x0a`\x0bl\x00\xa8\xc7\
\x89\x1f\xd2\x15h\x05>\xca\x1f s\xa0\x8aid2\
\xcdw\xf9\x03\x22\xf4\xba\xfa\x85/v\x89(\xa4\x89\xd8\
\xe3\xf7\xcc\x19\x00\xec\xe8\xb7\xfc\x01<\xc7\xeb\x11\xc54\
[ \xa2\x0b|\x97?\x80\xda1\x00[b\x03@=\
jjj{\x80\xbf\xf2O\x9f\x04hA4\x09MC\
\x1c\xf17|\x97\x7ff\x81\x93\xa3\xa3Ii\xa2\xe6\xa9\
\x1c\x15\xa4\xfcE\xd1XI\xec\x8d\xa8r\x9a\xfa\x89\x93\
\xf9\xfe\xcb\x1f@m\x00\xd8\x02\x1b\x00\xea\xe3y\x9d\xfd\
\x96\x7f\xea\x82,\x8c$\x9fi\xd0\x0dGt\x9c\x0f,\
\xf6]\xfe\x0a\xe2qbdAM\xa4\x1491@\xf9\
\x03|t\xdcy\xbd\xbf\x88(\xa6\xd9\xb2\x05\xa9\x0f~\
\xca\x1f\x04\xec\x8d\xbe\xb6\xc0\x06\x80z\xc4\xd4mx\x0b\
\xc9l\xcb_\x00O\x93\xf6G\xa2@\x082-\xf5\x91\
\xec\xcb?uqH\xf9\xcb\x9fo\x1faT\x13\x81\x8a\
\x89\xf3\xbb\x82\x1e\x18\xa0\xfc\xf1\xd4v\xff\x17\x02\x85O\
\x03\x94?@\x9b\xf9\xe5\x95-#\x8a\xd9\xa4\xd8\x00P\
\x0fU\xd9\x0e\xfc\x95\x7f\xea\xd1\xa3g/\x01,\x14\xc2\
T\xdf\xe5\x9f\x12K\xd6\xcaI\x11\xa54\x11\xd1xm\
\x99d\xfe\xde\xf9(\x7f\x01\xf0\xe4\xd5\x88b\x9a\x06\x08\
,\x0bP\xfe\x88B5\x1d\xb6\x8d&e\xd3b\x03@\
=\x04\xb7\x9d\xdf\xf2\x07 \xde\xc2\xde+\xbc@\xd4\xd6\
\x94<\x87j\x02|\x95\x7f\xeat\xce\xc8\xd9\x91\x055\
\x91\x10I\x7fO\xfd\x96?\xack\xb5j\xed\x8b\x91\x84\
4\x0d\x8a\xa9\xdb\xf0\x00\xcbO\xf9\x03h\xd2u\x8a\x22\
cSc\x03@=T\xb43\xf8+\x7f\x81\xe4\xc0\xdd\
X\x11YH\xd3\xa0?\x8ej\xbfL\x84\x19~\xcb?\
m\xd0\xffM\xf9b\xcf(r\x9a\xf0=~W\xd5>\
\xc0^\x01\xca\x1fT_>b\xc2\x9ek\x22\x09j\x1a\
\xa4^\xea$k~\xcb\x1f \x8e\xb3=\x00\xf5\xb0\x01\
\xa0\x1e\x1e\xd2\xd9g\xf9\x03\xb2\xa2\x5c\xc4E\x95\xd1d\
Ay&\xfd\xd1O\xf9#(18/\x9a\x90&l\
1\xe1G\x01\xcb\x1fQ\x9e\x8e&\xa5\xd9*'\xcb\x83\
\x94\xbf\xa0\xa8b{\x00\xeaa\x03@}t\xe3Q\xa3\
\xd9\x95?\xa0j\xbb\xff\x0b\x8c#\xf14\x8a\xfa-\xff\
\xb4\xb3\x7f\xfb\x97\xc5\xf6G\xa3\x89\xab\xb8w\xd6\xb6\xaa\
\x9c\x1e\xa8\xfc\xa16.\xd5S\xa2Ij\xb6&Al\
Y\x90\xf2O\xdf\xc4~\x97\xeba\x03@\xfd:\x81\x9f\
\xf2\x07A\xbf\x8a0\x9f\xc9\xc2\xef\x8f\xdaa\x01\xb0\xf1\
\xac\x80Y\x96\x7fzY\xeb\xda\x92\x921Q\xe44\xe1\
\xd1d\xe9\x8f\x04Z\x83\xef\xf2G`\xea1\x17\xee\xf1\
uTYM\xc3\xbe\xe2\xab\xafd\xc3\x84\x9e}\xf9\xa3\
\xe0\xe1\xd9S\x00\xf5\xb0\x01\xa0^\xda\xc9g\xf9\x03\xba\
,\xca\x84&;\x9ep_\x80\xf2\xcf\xb8\xb4\xbcr\xbe\
\xbd|\xa8\x89\x9ar\xd7\x92\xd6\x1e\x8c\x07\xff\xe5\x9f\xba\
,\xf7F\x10\xd3diD\xf9\x88\x04\xca7~\xcb_\
\x00\x11\xb5\x01\xa0\x1e6\x00\xd4\xc3CZ\xf9+\x7f\x10\
\x11{\xa4P\x80\xe2\xea=\x06\xba\xc6o\xf9\xa7\xbf\xdf\
\xdd\xbc\xd5m\xce\x8f\x22\xa7\xc9\xbf\xf5\xac\xbd\x00\xe8\x12\
\xa8\xfc\xe1\xb3\xcf\xe3+m\xf7\x7f\xa1\x11]\xee\xb7\xfc\
\x01p\xb4\x8f$_\x13c\x03@=Ti\x01>\xca\
?\xf5\xf9\xfa(3\x9a\xec\x94\x1f\xddi%JE\x80\
\xf2OQ\xbd\xeaO\x15\x8bZ\x85\x1c\xd3\xe4\xd9\x83\x0f\
\xbe\xdb\x06tB\xc0\xf2\xc7\x13\xbd\x7f\xec\xd8A\xb5\xe1\
'5~\x08\xac\xf6[\xfe\x92\xfa\xb44\xa2\x88M\x8a\
\x0d\x00\x9b\x19^\xa9q \xee\xab\xfc\x01T\xab#\x0b\
i|Q\xd5\x0d\xbbr\xfd\x9d\xe2\x19@\xbb\xadmY\
rY\xd8\x19M~\xb5^\xdb\xfaJ\x81.A\xca_\
\xc0%Q\xdb\xfd_\x88\x9c\xd4\x80\xbf\xf2O\x7f^\x12\
U\xc4\xa6\xc4\x06\x80\xcd\x94nK\x0b\xff\xe5\x0f\xe0\xd5\
D\x95\xd1\xf8\xf3\x9bc\xba\xcc\x00\xfe\x13\xa0\xfc\x11\x05\
U~R\xfe\xd7\xa5]#\x09krVq\xc7\xec\xee\
\x08?\x0eX\xfe\xa0\xbcx\xc2\x05\x03\x16\x84\x1e\xd4\xf8\
\xa6h\xb5\xdf\xf2\x07\xf0P\xdb\x03P\x0f\x1b\x006\xd3\
!\x9e\xd9\xfdO\xd6\xe5\x9f\xba\xad\xda\x00P\xd8~\x9f\
\xb9\xe0\xa7\xfc\xd3\xda\xc5\x93\xee\xb7\xa1'4y\xe1y\
\xde\xefP\xda\x04,\x7fp\xfa\xbb\x08b\x9a\x00<R\
{Z\xfd\x94\xbf\xa0\xf6\x14\xc0\x16\xd8\x00\xb0\x99\xea\xea\
\xb5-}\x97? \x82=\x05P\xc0>Z\xb3\xddS\
\xc0\x9c\x00\xe5\x9f\xb9\xfe\x87\xbfz\xee\xf3C\x22\x88j\
r0\xf9\x8e\xaa\xe1(?\x08\x5c\xfePy\xdc\xb8]\
\xdf\x0c=\xa8\x09\xc8\xab\xf1[\xfei\xf6\x14@=l\
\x00\xd8L\x8b\x98\xd7\xc2o\xf9\xa7\xd9\x1e\x80\x026\xb9\
L\x92\xe0\xae\x87\x00\xe5\x9f^\xec9\xbd\xc3^\x16X\
\xb8*\xfe\xb4\xa8\x95x\xdc\x03*\x01\xcb\x1fO\xf9M\
\xd89MpRgO\xab\x8f\xf2G\x10\xdb\x03P\x0f\
\x1b\x006\xe3j\xbd\x8dO\x01@V\xe5/\xaa\x80=\
\x05P\xe8\xbc\xb5\xcb\x1f\x12eq\xe6s\x1f\xe5\x9f\xb9\
\xdc\xafte\xcb_\x86\x1e\xd4\x04\xe2\xb5Y\xff\x1bT\
\xfb\x04.\x7fx{\xd4\xc5\xfd\xed\x9d\xff\x0a[\xea)\
\x00?\xe5\x9fzZ\xc7\x06\x80z\xd8\x00\xb0\x19\xe7I\
\x0b\xff\xe5\x0fb\xaf\x02(x\xe5e\x03k\x04\xbd\x16\
\x82\x94\x7f\xba8\x1cW\xfc\xee\xe9\xcf\x86G\x10\xd7\xf8\
0\xf9\xcey\x87\xa2zI\xd0\xf2\x17@\x9c\xbb&\xe4\
\x98&W*\xd5\xbe\xcb\x1f\x10\xb1c\x00\xeac\x03\xc0\
f\xe2\xb2\xe1\xef}\xf6\xe5\x9f\xfa/\x11YH\x13\xd8\
\x80u]\xee\x17x?P\xf9\xa7n\xe3\x01\x0f\xfe\xa9\
b\x91\x9dY\xac@\xfc\xe5\xb6\x0f;\x09\xc9\x07\xa4\xce\
\xdf3\xdf\xe5\x8f\xfb\xeb1\xe3\x06\xbc\x1c~Z\x93\x0b\
O\x92\xa9\x07Z~\xca?\xf5\xc1\x8e\x01\xa8\x87\x0d\x00\
\x9bS\xad\xf1[\xfe\x008{\x8e\xa9)(+\x93\xa4\
\xaa^\x0a\x81\xca?s}\x8f\xf5%\xb1\xc7+*4\
\x16~b\xd3\x90\xf2r\xf5\x5c,\xfe\x90\xc0\x8e\x99e\
\xfe\xcb_k\x9d\xc8\x8f\xc3Okr\xa5\x22\xcb\x03\x94\
?\xa8\x9d\xa9\xb5>6\x00l\xc6sZ\xed\xbb\xfc\x15\
DR/\x1f4\x85\xaf\xfc\xd8\xae\x7f\x17\xf4\x85\x80\xe5\
\x0f\x80\xa72\xf2\xe3\xf8\x92_\x84\x9f\xd64d\xf7.\
U\xe5\x22zT\xe6s\xbf\xe5\x0f\x8a*\x13\x8f\xbbp\
\xd7\xd9ag5y\xa0\xfa\x91\xff\xf2\x07H~\x14E\
\xbc\xa6\xc6\x06\x80\xcd\x88s\x9b\x9ci*\xab\xf2\x07T\
\xc5\x06\x80&\xc49\x9d \xca\x86S\xbd\xfa)\x7f\xd9\
p\x82\x19\xb9\xfa\xfa\xa7\x97\x8c\x0e?\xad\xa9\xcfSw\
V\x9d\x84\xf0\xf3\xcc\xe7A\xca_\x94e\x9eWsm\
\xd8YM~x\xb1\x16/\x00\xd5~\xca_PP}\
:\xba\x94M\x87\x0d\x00\x9b\xa9n\x91\xac\xf6[\xfe\x00\
\x22\xce\x06\x80&\xa4\xfc\xf8\x1d>PI\x9d\xf0%X\
\xf9\x03\xe0\xa9\xe3\xa1?\xfce\xf1\x81\xe1'6u=\
u{\xd5wA\x1f$\xfd7,`\xf9#\xcae\xf6\
\x96\xbfMG\x9f\xf2=\x97zp\xbb\xaf\xf2\x87\xca^\
\xbf?\xf0\xb5\xe8R6\x1d6\x00lF]\x22\xf5r\
>\x1f\xe5\x0f b{\x00\x9a\x1a\xb7\xfe\xab\xdf\x08\xbc\
\x0f\x04)\xff\xcc}Z\xa9z\xcf\xfe\xf1/\x8b\xfbE\
\x12\xda\xf0\xe4\x9d\xf3\xfa\xe2\xe9\xb3@+\x08^\xfe\xc0\
s\xc7\x8c\xdb\xf5\xe1\xb0\xf3\x9a\xfc*]S\xfbs\x94\
\x7feY\xfe_$<9+\xe2\x88M\x86\x0d\x00\x9b\
I&;\xd6\xf8.\x7f\x14U\xdb\x03\xd0\xd4\x94\x97\x0d\
\xac\x017\x06%\x11\xb0\xfc3\xb6s\xeaM\xfd\xdd\xd3\
\x9f\xf5\x0c9r\xd1{\xea\xb6\x8fw\x16\x92S\x81\xed\
!\xa7\xf2\xff\xaa\xa4\xc4\xfd(\xec\xbc&\xffz\xdcx\
\xd0:I\xcaHU\x9e\x83\x06\xcb\xff\xbf\xa2\xdeA}\
~\xb3\xff\xa2\xc6\xc8\xd9\x14\xd8\x00\xb0\x99\x96\x1fS\xed\
\xb7\xfcQ\xf0\xd4^\x05\xd0\x14]}\x5c\xb7\x99\xc0\x0d\
9\x94\x7f\xfa~\xda\xa3$\xa9S\xffT\xb1\xa8{\xc8\
\x91\x8b\xd6S\xf7T\xedH<\xf1*\xb0\x13\xe4T\xfe\
 \x8c?r\xecn\x9f\x85\x9b\xd8\x84e\x97\xeb\x06}\
\xd3\xe7\xb7\xfb\x1f'Iw\x84\xc2\xe3\x02\x8b\x80\x1a\x94\
\xcfE\xdd\x8b\x82\x9e\xb9\xf3\xdc\x85\x83v\xfe\xfd~\x1f\
7v\xd6B&[\xbfI\xf1\xf9\xfe\xccu\x09 \x96\
m\xf9\xa7\xcf\x03p\xffC\x07\xb49'\xda\xa4&\x1f\
ny\xa1\xaa\xc5\xea\xea\xb63\x80} P\xf9\xd7]\
6?&\xf1\xc3.\x1b\xdd\xc5\xfe\xf0\xe4\xd1S\xb7\xcf\
\xe9\x8d\xc7T\xa0\x17\xe4X\xfe\xf0\xd4\xa8\x8bw=)\
\xcc\xbc\xc64\x05\xb6\x07\xa0~\xd5~\xca?u\xb5\x1d\
\x03\xd0T\x8d?\xbao\xb58\xefd\x90\x159\x96?\
\xa2\xf4r.1\xedOO~60\xd4\xd0E\xa4\xe2\
\xce\xaa\xdd\x881\x8d\xfc\x94\xff\x9c\x96%%6\xa8\x1b\
\x83\x0d\x00\xf5\x12\xd5o \xfb\xf2O\xdfg\x9b\xa8\xf2\
\x99\xfc\xfb\xe9\xe8.\x1f\xa3\x9cA\xba:\x02\x96\x7fF\
7Q7\xed\xc6\x8a\xc5\xf6\xee\x819\xfa\xcb\x1d\x1f\x1d\
\x12C\xdfD\xe9\x069\x97\xff\xba\x98\x8b\x9d2r\xec\
.\xdf\x84\x1a\xda\x98&\xc2\x06\x80z(\xb2\xcc_\xf9\
\x03\xd09\xa2x&$?;\xb1\xeb\xf3\x087\xe4X\
\xfe\xa9\xf3B\xa0\xdb(\xbct\xe3\xe4E\xe7\x86\x1a\xba\
\x19{\xf2\x8e\xaa1*\xdeK@G\xc8\xb9\xfcA8\
\xef\xe8\xf1}\xff\x13^bc\x9a\x96xc\x07(D\
\x1e\xba\x0c\xf0S\xfe\x00\xdbE\x93\xce\x84\xa9\xbaC\xd7\
\x9f\xb5\xfc\xfa\xb3A\x02#\x80@\xe5\xcf\xc6\x9f\x93\x12\
T\xee\xb9i\xf2\xe2}\xbd6\xeb.\x1d\x7ft_{\
\xc3\xa8,TT\xcc*\xf5\x96\x97\xdc$\xa2\x17d\x96\
\xe5Z\xfe\xa2r\xdb1\x17\xf7\x7f$\xac\xcc\xc64E\
\xb6\x07\xa0~\xcb}\x96?b\x03@\xb3P>B\x12\
-\xa4\xfaD\xe0\x7f9\x96\xff\xc6e\x8e\x1f\xb9\xd5\xad\
\xa7\xdf\xf8\x98\xbdLpk*\xee\x9a\xb7\x93\xf7U\xc9\
\x1b\x22\xe4\xad\xfcA\x9eo\xb3|\xc9e\xe1$6\xa6\
\xe9\xb2\x01\xa0\x1eR\xf7)\x00\xb2)\x7f\x05\xb4\xed\xf9\
3\xb5uD\x11M\x88.;\xa1\xd7\x0ab\x89#\x04\
>\xc9,\x0b\x5c\xfe\x99bR\x1d\xe4y\x89wo~\
|\xf1\xf9!Fo\xd2&\xdfUu\xb2\xa7\xc9\xff\x08\
\x1c\x90Y\x96k\xf9{\xf0\xaf\xd2u\xebO\x19Q>\
\xc2\xde\xad\xd3\x98\xcd\xd8\x00P\x0f\xc1-\xdfx9\x9b\
\xf2\x07\x14\xd6\xaf_o\xc7\x014\x13W\x1d\xb7\xd3\x12\
\x17\xf3\x8e\x01\xbe\xc9\xb9\xfc7^\xdf^\xd0\xbbny\
|\xd1\xd3\x13+\xe6w\x0du\x03\x9a\x90\x8a\x89\xf3\xbb\
>yW\xd5\x93\xa2Z!\xb0\xe1m\x96s\xde\xed\x0f\
s\x5c\x89\x1c}\xc4\x84=\xd7\x84\x95\xdd\x98\xa6\xcc\x06\
\x80z(\xb2\x1c\xfc\x95\xbf\x00\x12w\xf64@3\xf2\
\x93\xe3\xbb\xbe\xaf\xc8\x09\xa8\xae\xcdC\xf9\xd7\xbd\xfex\
\xe7\xe2\x1f\xde\xfa\xe8'\x17\x96\x97k\xd1\xfe\x0e\x96\x97\
\xab7\xf9\xae9c\xbdX\xe2CTG\xd7\xf7o\x1c\
\xfc9\x7f>s\xca\x91\xa3\xc6\xf6_\x16Jxc\x9a\
\x81\xa2\xfd\xe3\xd30Y\xe6\xb7\xfc\x01\xc4\xa9\x0d\x00\xcd\
\xccU\xa3w\xa8\xf4D\x8f\x01\xd6@^\xca\x9f\xf4\xe2\
\x8e\x222\xb1s\xffEo\xdd\xf6\xc4'CC\xdc\x84\
\x82\xf4\xd4\x1ds\x0f\xfe\xce\x0esg\x88\xca\x9d\xa0\x1d\
\xf3Z\xfe\xf0i,\xc6\x88c\xc7\xed:?\x94\xf0\xc6\
4\x136\x00\xd4\xcb}\xfb \xc0\xad\x95\x7f\xeas\x1b\
\x00\x9a\xa1\x1f\x8f\xde\xb1\x12\x91\xa3EY\x95Y\x96c\
\xf9o\xbc\x1e\xf6\x93$\xaf\xdf\xf6\xe8'\xcf\xde\xf9\xf0\
\xc2\xddB\xdc\x8c\x82\xf0\xe4]\xb3w\x9d|\xd7\xdc\xa7\
\xd4\xd3\xe9(\x07l\xf2rK\xf2R\xfe\x0b\xf0\xbc\xa1\
G]\xb8\xeb\xecP6\xc0\x98f\xc4\x06\x80z\xc4\x1c\
K\x03\x94?\xea\xb1C4\x09M\xd4\xae\x18\xdd\xed\x0d\
\xe0H`e\x1e\xcb\x7f\xc3\xcf\x96\x07\xc7:O\xde\xbf\
\xe3\xd1E\x93'>\xb2x\xaf\xf0\xb6\xa4q<~\xc7\
\xdc\xefL\xbe{\xee\xa3\x8a7K\xd0\x13\xd9\xfc\x5c\x0b\
\xe4\xa3\xfce\xae&\x93\xc3\x8e\xb9\xb0\x9f\x9d\x86\xd9\x98\
,\xc8\xd6oR|N\x9d\xb9\xb2s,\x19\xfb\x12\xb2\
/\xff\xf4\xf5wO:\xa8\xdd\xd8\xc8\x82\x9a\xc8\xfd\xe9\
\xc9%\x83P\x9d\x82j\xd7|\x95\xff\xb7KP\x15x\
\x05\xe5\xb6/\xe6\xee\xf4By\xb9\xb8\x106%t\xe5\
\xe5\xea\xed\xd6u\xde\xe1\x08\x17\x0bz\x14\xe0m\xfc\xb7\
\xcas\xf9+\xffK\xc2\x11\xc7\x8d\xdbuI\xbe\xb7\xc3\
\x98\xe6\xca\x06\x80-\xf8\xc1\xdbkW\x8aj\xbb\xcc\xe7\
Y\x94?\xc0\xd4I\x07\xb5\x1b\x19aL\xd3\x08n\xae\
X\xb2\x93\xc3M\x01\xf6\x08\xa1\xfc7.O\xdd\xe7c\
T\xee\x8by\x89G\xce=\xbd\xf7\xc2\x106'\xef\x1e\
\xbb\x7fn\x0f/\xa1\xa7\x09\x9c\x83\xd2\xf7\xdb\xbf/y\
\xdf\xed\xff\x82\xe7b\xa7\x1e=\xbe\xef\xca|n\x871\
\xcd\x9d\x0d\x00[p\xe6[k\xdeS\xd8\x1d\xb2.\x7f\
\x14\x99\xff\xc0Am{G\x9b\xd44\x86\xeb\x9e\xfd\xb2\
]\xcb\xea\xea\xc7T\xf9\x1e\x84V\xfe\x1b\xaf\x07\x15e\
\x9a\x8a>\x11\x8f%\xa6\x8c9\xb5OA\xbd\xc7y\xc5\
\x1d\xb3\xbbk,>\x0a\xdc\xc9\x02\xc3\x01\xaf\xfe\xdf\x97\
\xbc\x97\xffMk\xb7\xef\x7fEY\x99$\xf3\xb75\xc6\
\x14\x07\x1b\x00\xb6\xe0\xcc\xb7\xd6<\xabpl\xb6\xe5\x0f\
 J\x22\xde\xa2m\xeb\xbb\x07Im\x94YM\xe3\xa8\
\xa8\xd0\xd8\x12\xfd\xf4\x06\x81KC.\xff\xf4\xb3\x02u\
\xd6\xaf\xfcG\x95\x17=u\xaf\xafo\xddv\xc6Ee\
\xdb\xaf\xce\xdf\x96m\xdd\x83\x0f\xbe\xdb&^\xdd\xee \
\x0f7L\xe0H\x94}@\xe5\xdb\xdb\x1dZ\xf9\xd7\x22\
r\xd1\xa8\x8b\xfa\xdf\x93\xa7M2\xa6\xe8\xd8\x00\xb0\x05\
g\xbc\xb5\xfaf\x81\xf1@\xb6\xe5\x9f\xfa(\xae\xef}\
\x07u\x98\x1bYP\xd3\xe8nzb\xd1hQ\xee\x11\
\xd8\x06\x22)\xff\xcd\xae'\x01\xfcWD\xff\x8d\xe3\xbf\
\x1e\xde{\xce\xd5\xcc\x193\xa6\xef\x97\xb9o\x1dT\xdc\
_\xb5]2!}\x89\xc9\x1e8\xdd\x1bt/A\xf6\
\x06J\xea-\xf7\xf0\xcb\xff\x13DN\x1fuQ\xff\xe9\
\xb9o\x9d1\xc5\xcb\x06\x80-8\xe3\xad\xd5\x97\x0a\xdc\
\xe8\xab\xfc\x01O\xe4\xc8{\x0ej\xfbr\x84QM\x01\
\xb8\xb9b\xc9N\x92t\x8f\x88\xe8` \xc2\xf2\xdf\xec\
\xfa\x8d\xabD`\x150O\x94%\xa2\xbaL\x85e\xaa\
\xba,&\x9eCu\x0dHM\xea\x96Z\xea9m\xa3\
\xe0\x89\xd0\x19\xa43\xaa\x9d\x05\xd9\x01t\x17\xd0\xf6\xdf\
.\xe4-\x94{\xc8\xe5/PQ[\xdbb\xec\x09\x97\
\xf5Z\x811&'\xf6n\x80[\xa0\x22\x0b\xc4\xa9\xaf\
\xf2\x07PU;\x06\xa0\x08]R\xd6\xed\x93\x8a\x0a\x1d\
\xfeEr\xf1\xff\x01W\x0b\xc4\x1a\xb9\xfc\x01\xda\xa1\xba\
\x17\xb0\x97\xa6\x17x\x22\xe8\x86\xc2U2\xe5\xaau\xbf\
8\x9b]\xff\xed\xf56F\xf9\xafC\xf9\xe91\xe3v\
\xbd\x19cL^\xd8y\x00\xb6H\xe7\xfb-\xff\xf4\x1f\
\xbc]\xa2Hg\x0aOY\x99$\xc7\x9d\xda\xa3\x5c\xe0\
`\xc4\xfd\x17\x1a\xb5\xfc\xb7X\xae\x1b\x97}\xeb\x80\xba\
\xcd\xbeVa\x94\xbf\xa2o\x90t{\x8e\xb2\xf27&\
\xafl\x00\xd8\x82\xd6\xb1\x9a\x05\xe0\xaf\xfc\x05P\xd6\xe5\
\xbe.\x00\x00 \x00IDAT\xa5oD\x11M\x81\
\xba\xf8\xd4\x1eo/\xeb\xb2\xd3~\xa2\x5c\x01\xac\xb6\xf2\
\x0f\x5c\xfe_\xaa\xe8\xd9\xa3.\xdau\xf8\xa8Kv\xab\
\xc2\x18\x93Wv\x0c@\x03~\xf8\x8f\xd5\x8bQ\xbaC\
v\xe5\x9f\xfa\x0b&\x9f\xdc;\xb8\xdd\xce\x11\xc64\x05\
\xec\xd6\xc7>\xe9\x16s\xf2{D\xcf\xb0\xf2o8\xdf\
\xc6\xdb\xa8\x8a\xf20%r\xb9\xbd\x99\x8f1\xe1\xb1=\
\x00\x0dQ\xde\x07?\xe5\x0f\x82\xeet\xd1\xdb+;E\
\x96\xd1\x14$U\x95;\x1f\xfbdPL\xb9X\x85\xfd\
\xac\xfc\x1b\xce\xb7\xf16\x8a(/:\x17\xbb\xd1\xca\xdf\
\x98p\xd9\x1e\x80\x06\x9c\xfd\xe6\xea\xeb\x10\xbd2\xf3\xf9\
\xd6\xcb?u\xd1S\xef\xb0\xbb\x86\xb6}5\xba\xa4\xa6\
P\xdc\xf2\xf8\xe2==\xe7\xce\xf4\x94\x93\x10v\x02\xdb\
\xed\xef\xf79\xff:\xd7/@\xf5i\x0fy\xea\xa8\x8b\
\xfb\xcf\x10\xa9{\xad1&W6\x004`\xcc?V\
\x9f\xae\xaa\x0fC\xf6\xe5/\x80\x0a\x13\xee\x19\xdc\xfe\x86\
H\xc3\x9aFs\xd3\xa3\x1fw)!\xfe\x03\xe0L2\
\xa7\x07N\xb3\xf2o8\xdf\xc6\xdb\xd4\x9f\xaf\xce\xef\xd9\
\xc7\xa2<\x9cT}\xd8\x8e\x070&?\xece\x80\x0d\
p\xca{\x82\xbf\xf2\x07\x10\x95\xbd\xa3Ki\x1a\xcb\xed\
\x8f.\x1a\xa6\xa2\x17(\x9c\x80R\x0a\xd4S\x82V\xfe\
y(\x7f\x04z\x03\xbf\x88\x89\xfc\xe2\xc5[>\x9c!\
\xaaw\xb6h\xdfj\xf2\x88\xb3{\xad\xc7\x18\x13\x88\xed\
\x01h\xc0\xc9\xb3\xb4\xb4\xdd\x8a\xd5\xab\x80\xd2l\xcb?\
}\xd5\x87w\x0fm\xdf\xec\xdf\xdb\xbd\x18M\x9a4\xbf\
\xe5\x9aV%g\xa2:\x1et \xd4SxX\xf9\xe7\
\xb9\xfc\xeb\xd9n\x10X\xae0I%q\xe7\xd1\xe3w\
\x9f\x871\xc6\x17\x1b\x00\xb6b\xcc\xf4U\xef\x8a\xb0\x07\
\x90U\xf9\xa7\xff\xf0'\xd7\xae[\xd7\xe1\xa1#\xba\xae\
\x892\xab\x09\xcf-\x0fW\xb5\x97x\xcb\xb3Q&\x08\
t\xdf\xf03`\xe5\xbfq\xfd\xd1\x96\x7f\xdd\xaf\xef\xd0\
\xffo\xef\xbe\x03\xa4\xa8\xcf7\x80?\xef\xcc^\xa17\
\x11D\xaa\x88\x1a\x91b\xc0\xa849K\xb0\xb7\x08Q\
\x11\x8c\x0d\xc4\x00\x0a\x82b\xd4\xb8\x11\x04\x0b\xd2\x14i\
A\x12\xbb\x87\x1a[(F\xe5G\x15\x15%J\x14\x13\
\xd4C\x9a\x14\x91v\x94\xbb\xdb\xfd\xbe\xbf?\xf6\xf68\
\x90\xb23\xbb3\xb7\xe5\xf9\xfc\x01\xbb3\xbb3\xef\xf7\
no\x9fwg\xa7`\x96\xad2\xf2\xfcA\xbf\xfa\x08\
D\x14\x13~\x05p\x14\x22\xfa% \xad\x1d\x84?\x00\
\xd8\x95s*\xb7\x06\xc07\xa3\x147&\x7fm\xed\xac\
\xb0\x0e\x11\x91\xfe\xaa\xa8v\xc0k\x80\xe1\xbf\x7f\xf9\x15\
\x17\xfe\x80\xc2\x12\xe0R#z\xe9{\xe3\xbe\xfe?\x81\
<z\xc1]\xbf\xe2\xe9\xb8\x89\x8e\x82\x0d\xc0Qht\
?\x80\xc8=\x00G\x0d\x7f\x08\x00\x11\xfd5\xd8\x00\xa4\
\xac)\xf9\xdf\xd5\xd8\x17\xce\x1ed\x19\x0c\x82Hu=\
\xb8\x01d\xf8\xef_~\xc5\x86\xff\xc1\xb5t\x05L\xd7\
\x0f\xc6~\xb5\x18\xc0\x9f\xcf\x1b\xd4\xf2C\x10\xd1!\xb1\
\x018\x0a1\xd6\xe7b)\x9c\x84?\x22\x0f\xef\x04`\
\xa2\x7f\x95R\x22\x04\xf3\xbf\xca\xaemj\xdcQd\xf4\
AKP\x1b\xc0/\xbf\xfaa\xf8\xef_~r\x85\x7f\
\xd9|\x05:\x02\xf8\xe0\xc31_\xff\x9f(\xee\xcb\xbb\
\xfb\xd4\xa5 \xa2\x03\xc8\xd1\x1f\x92\xd9z\xcd\xddX%\
\xa7J\xe5\xed\x00\x02\xb1\x86\x7f\xe9\xfc\x1f'\x9dS\xa3\
\x81\x8f\xa5R\x9c\xc6\xbe\xba\xe6J[\xe5q\x00-\x0e\
\x15<@R\x86\xffn\x01\xb6\x02\xd8*\xd0\xad\xa2(\
TA\x09\x00X\xaa\xdb\x15\x96\xee?\xdb\x979\xe0\xbf\
\x03\xfe\xf8M\xe4\x9f\xf2g\x06\xb3\x00\xa8H\xae\xa5\xa8\
\x04\x05TQ\xd5\x12\xad\x0a\xa0\x8e\x02uDQ\x07\xd1\
\xbf\x8b\xc3\xd7Wn]\xfe\x84\xff\x81\xd3\xa2\x8f\xd6W\
-\xb1\xef\xcb\x1b\xf4\xab\xd5 \x22\x00l\x00br\xeb\
\xa2\x9d\x9f\x0a\xd0\xdeA\xf8\x03\x00,KN\x9e\xd8\xb9\
\xfa\xff|+\x94\x5c\x19\x97\xbf\xfed1f\xa2\x00\xe7\
\x01\x87\x0e\x1e\xa0\xc2\xc2\xbf\x04\xc0J\x00_\xc1\xe8\xf7\
\x96\x85\x02\x03]\x0d\x98\xd5\x95+\xe7n\xe8\xd1\xa3\xd1\
^\xe7#N\x9c7\x9e^YG\xc4n$\x966\x83\
AS@\x9bB\xac\x93\x05\xda\x0a\x8a\x06\xa5c@\x05\
\x86\x7f\xb9\xdf\x8b\xee\x83`\x1cr\xe4\x91\xbc?\xb6,\
t;f\xa2t\xc1\x06 \x06\xb7-\xde5\x0eF\xef\
t\xf1\xc6\xdf\xe7\x99\xae5\xa7\xf9T&94cF\
A\xee\x8eJ\x81\xfb\x04\xb8W\x80\x1c\xa0\xa2\xc3_B\
\x22\xba\x1ca,QK\x97i\x08+\xaaU\xdb\xbb\xb2\
G\x8f\x96\xc5q\x0d\xb4\x82\xbc\xf1\xf4\xca:\x01[\xda\
 \x8c\xd6\x228\x0b\x8a\x8e\x00\x1aVP\xf8\x97\x9f\xb6\
F\xd5\xba3o\xc8\xa9o\xc67B\xa2\xd4\xc6\x06 \
\x06}\x16\xee\xea\x0eh~\xf4~\xcco\xfc\xaa/>\
\x93W\xeb\x06\xff*\xa5XM\xc8_{\x8e\x1aLC\
\xb9\xcd\xfd\x15\x10\xfea@\x97\x02\x98k\x19YX\x5c\
\x9c\xf3I\xdf\xbe\x0d\xf6\xc47\xb2\xe4\xf6\xce\xf8\xaf\x1a\
[\x01\xab\xa3\x1a\xe4\x09\xe4B@\x1b\xf9\x1c\xfe\xe5\xd7\
\xf5\x8e\x1d\x92\xfe\x9d\x86\xb5\x5c\x13\xff\xc8\xc8K\x9b\x86\
.n.\x90\xee\xaa\xd2^\xd4T\x07d\x83B?\x08\
\xef\xcay\xbd\xc1\xd4\xf6i\xfd7\xe3%6\x001\xb8\
y\xd1\xee\x06\x01\x0d\xaf\x07\x1c\xbf\xf1\xaf\x9b\xd8\xb5f\
#\x1fK\xa5\xa3\x18\x93\xbf\xb6\x92\xa52R\xa0\x03K\
\x0f\x1f\x03\xe0k\xf8\xff,\x90\xb7a\xc2\xb3\x8b\xb2\xec\
\x7f\xdd\xd1\xb3\xc9\xb6\x04\x0c+e\xbd;\xfe\xeb\xd3l\
\xb1.R\xe8%\x02t\x06`\xf9\x14\xfe\xa5\xcb\xd5]\
\x02\xb9\xbb\xf3\x90\x96\x7f\xe5\xb5\x06\x92\xcf\x86\xe0\xb2\xca\
\xf6\xee\xe2'\xa1\xb8\x15Zn\x7f\x13D~\xdf\x02\xac\
6\xa27\x1e\xfbd\xc7\x05\x15Vd\x0ac\x03\x10\xa3\
>\x0bw~/\x8afN\xdf\xf8\xad0N|\xea\xbc\
\x9a<KY\x12\x18\xf7\xf2\xda3\xc5\x92\xbf\x03z\xf2\
/\xf6p\x07\xbc\x0c\xff\xed\x80\xbc)\xaa\xf9\xa1}?\
\xbd\xdf\xb7o\xfb\x92\xc4\x8d*}\xcc\x19\xfb\xf5q\xc6\
\x92kD\xf1{\x11=[\xa2W+\xf5.\xfc\xcb\xbd\
\x06t\x8em\x9b[;\x0cn\xbb>a\x03\xa2\xb8l\
\x1d\xb0\xb4z(\xc7|\x08\xa0\xdd\xa1_\x03e\xbf\xe3\
}\x80\x5cz\xcc\x98\x0e\xbc\x00\x9bCl\x00b\xd4g\
\xc1\xce\xe7\x04\xda\x0bp\xf6\xa9OToy\xea\xdcZ\
\xcf\xfaX*\x1d$\x18T\xab\xd6\xa9\xeb\xee\x81\xcap\
@\x03>\x85\xbfQ\xc8\xfbb0m\xef\x8e\xe2w\x06\
\x0elQ\x94\xe0a\xa5\xb5\xb9O\xaeh\xa4Y\x81\x9b\
\xc4\xe8-\x82\xc8U\x15\x01\xaf\xc2?:\x0d\xdb-\xb5\
n\xebxo\xcb\xd7\x126\x10rm\xd3\x90%\xf9\x00\
\xba\x1f%\xfc\xa3\xd36g\x15\x07N\xad>\xf1\xcc\xad\
\xbe\x16\x99\xe2\xd8\x00\xc4\xe8\xf6\xf9\xdb\xfb\xaa\xc8d\xa7\
\x9b|E\xf5\xf9\xa7\xce\xad\xd5\xdb\xb7B\xe9\x00\x13\xf3\
\x0b\xea\x97h\xd6s\x02\x5c\x109\x1a\xcc\xdb\xf0\x17`\
\xa3\x08\xfeZR\xa2\xd3\xfb\xdd\xd4lu\xc2\x07\x94a\
\x82A\xb5:\xd5\xfa\xfa\xb7F\xe56Q\x5c\x01\xa8\xed\
Q\xf8\x97\xfb}\xea\x14+P8\xa8\xc3\xe0\x0e\x15z\
\x84E&\xdb8\xe4\xa33\x05\xba4\xc6\xf0\x8f\x1aQ\
gl\xc7\x07}*1-\xb0\x01\x88Q\x9fy;O\
\xb1l]\xe9bg\xaf-\x1b\xb7\xd48nf\x0f\x09\
\xfbT*\x95\x9a\x90\xbf\xf6\x1c\xa3\xf2\xaa\x00\xf5\xbc\x0e\
\x7fU\xfd\x8f\x05\x1d\xb3w[\xe8%~\xda\xf7\xc6\xdc\
\xa7\xbeif\x87\xc2w\x02\xb8\x05@U\x8f\xc2?\xfa\
\x1a\xf8\x8f\x05\xe9q\xf6\xbd\xadV&v\x14\x14\x8b\xcd\
C\x97\x8cS\x83C\x1cyu\xd8\xf0\x87\x00\xdf\xd6\x1e\
\xdb\xb1\x85?\x15\xa6\x076\x00\x0e\xdc>\x7fG\x81\x00\
M\xa3\xf7c\xda\xd3\x1b\x0a\x0b\xday|^\xedE\xfe\
TI\x000\xfe\x95\xb5\x03T\xe4I\x01\xb2<\x0d\x7f\
\xd5\xf9P\x1du[\xaf\xa6\xefq'2\x7f,|\xe6\
\xcbZ\xc5\xfb\xec\xbe\x00\x06\x03\xa8\xebA\xf8G\xa7\xed\
\x02\xd0\xbb\xc3\xbd\xady\xb8\xa0\xcf6\xdd\xbd\xe4\xc0\xf7\
\xda\xa3\x87\x7f\xe9\xef\xb2\xb8V\xadqy\xdb\xfd\xa92\
\xf5YG\x7f\x08E\x89`v\xd9m \xa6\xf0\x87\x02\
P\x5c\xeeO\x854cFA\xee\xd8W\xd7\xfdME\
&x\x1c\xfe\x1f)p~\x9f^M\xbb\xf6\xe9\xddl\
.\xc3\xdf?\x9d\xefh\xbd\xed\xbc\xc1-\x1f\xb5rp\
\x82\x00\xf7C\xb1\xcd\x83\xf0\x07\x14\xd5D\xf1\xc6G\x8f\
~9\x5c\x83\xca\xf7J\x9fl\x1a\xbc\xb0\x8d\xbb\xf0W\
\xc0\xce\xae\xe1O\x95\xe9\x81/j\x07\xc4\xc8l\xc0Y\
\xf8\x0b\x00\x85u\x99\x7fUf\xae\xd1/m8fG\
\x95\xac\x0f\x04\xb8\xf1\xe0\xdf\x01\x90\xa8\xf0\x97/T\xf4\
\x92\xbe74\xe9p\xfb\x0dM\xb8\xd7q\x05\xca\xfbc\
\xcb\xc2s\x07\xb7\x1c\x19.\xd9\xdbL\x14\x0f\x03\xd8\x9d\
\xc0\xf0\x8f\xde\x16@\x1f\xf8$\xf7\xcb7\xbfx\xe2\x8b\
*\x9e\x0c\x84\x0e`\x89}E\xf4\xb6\xa3\xf0\x07\xb4\xd0\
\xc8f_\x8aL\x13l\x00\x1c\xa8\x5c\xb4\xe7C\x01\x8a\
\x9c\x84\x7f\x84\x9e2\xf8\xfd\x9d'\xf9Ug&\x9a\xf0\
\xca\x9a\xe6\x01\xdb,\x82\xa2\x83G\xe1\xbfU\x14w\xd5\
\xcan\xd4\xee\xf6\x9eMgy7\x12r\xea\x82a\xed\
wt\x1dr\xdaCY\xa1\xc0IPL\x05`\x12\x14\
\xfe\x88\x1eq\xa0\x8a\xcb\xf6\x85\xb0d\xe9c_4\xf4\
h\x18TJ\x15W\x00\x8e\xc3\x1f\x00\xben4\x96;\
n:\xc1\x06\xc0\x81\xd1\xdd\xea\xef\x86\xea\x02\xc0I\xf8\
G\x1e\x13\x12\xc3\xaf\x01<2~\xe6\xfa\x0eF\xac\x8f\
\x01\x9c\xecA\xf8\x97\x08\xe4Id\x87\x9a\xf7\xe9\xd5d\
|\x0f\xee\xcc\x99\xb4:\xdd{\xca\x86\xaeCN\xeb\xab\
bu\x04\xf0I\xa2\xc2\xbf\xdc\xb4\xd6b\xb0\xf8\xd3G\
\xbe8\xcd\xab1d\xba\xad\xf7,m\x08\xc1\xe9.\xc2\
\x1f\xa2X\xe8O\x95\xe9\x83\x0d\x80C\x0a\x9d\xe34\xfc\
\x01\xc0\x82\xf2k\x00\x0f\x8c\x7fu]\x9e\x1a\x9d\x03\xa0\
\x8e\x07\xe1\xffo[pv\xdf\x1b\x1a\x0f\xe9\xdb\xa3\xf9\
\x0e\xcf\x06A\x09\x95w\xf7\xa9K\xbb\xdc\xdd\xf2,K\
\xb4/\x80]\x09\x0a\xff\xc8c\x15\x8dU\xb0\xf0\xd3\x91\
\xcb;zU\x7f&\x0b\x85\xc3yR\xfa\xa3w\x18\xfe\
\x00\xe4}\x7f\xaaL\x1fl\x00\x1c\x12\x09D\xf6\x03p\
\x10\xfe\xa5\xf3;\xde=o\xe71\xbe\x14\x99!\xc6\xce\
\x5c{\xb5\x02\xb3\x01TKp\xf8\xef\x81\x91\xbbkg\
7n\x7f[\xcf&\x9fy8\x04\xf2\x88\x88h\xe7!\
\xad\xa7Za\xeb4\x05f%(\xfc\xa3\xf3k\x022\
w\xd9\xa8\x7f\xff\xd6\xb3\x01d(K\xa5\x05\xe0&\xfc\
\x11R)\xe6>9\x0e\xb1\x01p\xe8\x99s\xaa\xad\x84\
bu\xf4~\x8c\xe1\x0f\x00\xb6\x9a\xf0\xa5\xfeT\x99\xfe\
\xc6\xbd\xba\xf6\x061\x92\x0f '\xc1\xe1\xff\x91\xd8\xd2\
\xfa\xf6^\x8d\xc7ps\x7f\xea\xeb4\xac\xe5\x9a.C\
[]bAo\x02\xb0+\x01\xe1\x1f\x9d^\x05\x06o\
\x7f6\xf2\xdfW{X~\x06R\xe3\x22\xfc!\xc0R\
\x1e\xfe\xe7\x1c\x1b\x00\x17D\xf5\x1d\xc0Q\xf8C\x14P\
EO\xff\xaaL_\xe3\xf3\xd7^\x0f\xc8\xdf\x00\xd8\x09\
\x0c\xff\x10\x80\xbfll\xd0\xb8K\xdfk\x1b\xf3\xda\x0d\
i\xa6\xe3=\xad\xff\xa6am+\x8a\xa5@\xdc\xe1\x1f\
\x9d\x96\xa3\x8aW?\x1f\xf1\xc5\xef\xbc\xab<\xb3X\x90\
\xaf\xa2\xb7c\x0d\xff\xd2Y\xb3A\x8e\xb1\x01p\xc5~\
\xd5i\xf8Gh\xde\xa0\x0f~:\xde\x9f\x1a\xd3\xd3\xf8\
\x99\xeb\xafU\x95\xe7\x90\xd8\xf0_-\xa2]\xfa\xf5l\
\x12\x0c\xe6I\xc8\xcb\xfa\xa9\xe2t\xbe\xaf\xf5\xf7\xc5{\
\xb7v.=d\xd0\xc4\x19\xfe\x91\xdb@@\xa1//\
\x1b\xbe\xfcJ/k\xcf\x14&`\xe6\x00\xd8\xe9$\xfc\
\x05(\x09\x9b\xc0s~\xd5\x98N\xd8\x00\xb8\xf0t^\
\xb5%\x80\xaeu\x16\xfe\x80\x006\x8cu\xbdOe\xa6\
\x9d\xb13\xd7^\xadF\x9fGb\xc3\x7fn8d\xb7\
\xbf\xfd\xfa\xa6\x1fyY;%\x87\xbc`^\xa8\xc3\xb0\
\xd6\x0f\xc1\xe8%\x02\xfc\x1c\x99\xea:\xfcK_B\x9a\
e\x09^\xfdl\xc4\x17\xdc\xd17Nu\x1f\xef\xb4\x0b\
\xc0\xe3\xd1\xfb1\x84?\x00L\xac\xf3\xd4Y\xeb\xfc\xa9\
0\xbd\xb0\x01pCD\xa1\x98\xe90\xfc\x01\x05,\xa0\
\x97/5\xa6\x99\xb13\xd7v\x15#/\x02\xd1k\x82\
\xc7\x1d\xfe\x0a\xe8\xc8:Y\x8d/\xe9\x7fcC^A\
,\xc3t\xb8\xaf\xcd\x1c\xcb\xd6\xf6\x80.\x8f3\xfc\xa3\
\xf3\xb3mh\xfe\xe7#>\xef\xe2e\xdd\x99\xa0N\xf5\
\xe2\xc7\x14x7\xb6\xf0\xd7%\xbb\xf7\xe6\xde\xefo\x85\
\xe9\x83\x0d\x80[j\xbd\x1a\xbd\x19k\xf8\x97\xceo5\
\xf4\xbdmm}\xa91M\x8c\xcd_\xd7\xd62\xf2&\
\x80\xdcD\x84\xbfBwC\xf5w\xfdz6\xbd\x9f;\
\xfae\xae3\x87\xb6)\xd0\xec\xdd\x1d\xa1x9\xce\xf0\
\x87\x00P\xd5\x5cQyk\xc5#\x9f\xb5\xf6\xb2\xeet\
'\xc1\xbcP\x9d\xd0\x8ekTu\x9c@M\xd9\xf4\x83\
~\x07\xa2\xfaZ\xc8d]\xd4`j\xfb=\x15Pf\
Z\x90\xa3?\x84\x0eIU\x06\xce\xdb\xfe\xad(N\x00\
b\x0e\xff\xe8\xfc1\xa3\x7f[\xe7n\xff\x8aM]c\
_\xfe\xb1\xa9X\xe6#@\xeb'\xe4\x93\xbf\xeaF\xb1\
\xe5\xb2\xdb\xafk\xbc\xcc\xeb\xda)5\xa8\xaa|\xf2\xe8\
\x97\xc3\x01\xdc\xef6\xfcq\xe0\xeb\xedG\x81\xd5\xb1\xcd\
\x83m\x0a<,;#\xec\xbcs\xd1\xc9!\x0b\xb7\x88\
\xd1\x8e\x02\xa9/\xc0^\x00\x9fZ\x90\x19\xd5\xc6w\x5c\
P\xd1\xf5\xa5:6\x00q\xb8\xf3\x83\xed\xa3\x00\x1d\xe6\
0\xfc\x01\xe0\xc7\x1f\xb6\xd7n\xc4K\x04\x1f\xd9co\
m\xa9\x96\xbb\xafh\xb1\x02\xad\x12\xb4\xd9\xffkX\xe6\
\x92~\xd75[\xedm\xe5\x94\x8a>y\xe4\xcb?@\
t*\xa0Yq\x84?J\xcf@\xf8\x8d1r\xf6\xe9\
\xc1\xd3yh\x1a%-~\x05\x10\x07c4\xdfE\xf8\
\x03\xc0q'\xd4\xfa\xf9|_\x8aLQ\xf9\xf9j\xe7\
\xec+z%\x81\xe1\xbfx_\xb1\xe9\xc8\xf0\xa7\xc3\xf9\
\xcd\xfd\xad\xff\xa6\xaa\x97\x09\xb0\x07\x88+\xfc\x01\xe0\x14\
\xcb\xd2W\xe6\x05\xe7\x05<.\x9b\xc856\x00qx\
\xea\x82Z\xcb\x01\xfc\x0fp\x14\xfe\x10\x00\x06\xb8\xc9\x9f\
*S\xd3\x06]?\x1a\xc0\xc5\x09\x0a\xff\x0f\xaa\x84s\
\xba\x0d\xba\xa9\x19?\x8d\xd1\x11\x9dy\x7f\xdb\xb9\x16\xe4\
BQ\xec\x8cNs\x11\xfe\xd1\xe9\xdd\xea\xa0\xc6Xo\
+&r\x8f\x0d@\xdc\xf49\xa7\xe1\x0f\x00bp\xf5\
=\xefmi\xe0K\x89)&r\xa2\x1f\xdc\x95\xa0\xf0\
\x7f7\xb7\xd8\x5c\xda\xbbw\xfd\xdd\xdeVM\xe9\xa2\xdd\
\x9f\xda,4\x96\x9e\x0f\xe0\xe78\xc2?\xf2\x1a\x15\xf4\
_\xf1\x97\xcfo\xf1\xbch\x22\x17\xd8\x00\xc4);\x1c\
\x9e\x81\xc8Y\xe4b\x0f\xff\xd2c\x87ap\xbb_u\
\xa6\x8a\xf1\xaf\xac9MU\xa6&\x22\xfc\x05\xe6M\xab\
p\xcb\xd57\xdd\xd4l\x9f\xe7\x85SZ\xf9\xcd}\xa7\
\x7fj\xd9\xe6\x5cQ\xfc\xec:\xfc\xcb\xa6\xe8\xd3_\x07\
\x97\xfd\xda\xe3\x92\x89\x1c\xe3N\x80\x090\xf8\xfd\x9f\xff\
\x01\xe0J\x07\xe1\x1f\x9d\xb6iOx[\x93\xa7.n\
Q\xe4[\xb1Il\xc2\x0b[\xabk\xd6\xdeO\x01\x9c\
\x94\x80O\xfesKj\x15_1\x90?[\x8a\xc3\xf2\
\x87\x97\x9f\xa1\x16\xde\x07P\xdde\xf8\x976\xa3Z\x00\
\x14\xb7o\x19\xec\xf0\xb3\x0fe\x13\xc5\x84[\x00\x12\xc1\
\xc24\x17\xe1\x0f(\xeaU\xb2j\xf5\xf0\xab\xccdg\
\x02\xfb&!1\xe1\xbf\xc0*\xcc\xba\x9a\xe1O\xf1:\
\xfd\xcf\xa7\x7f\xaa\x96u\xa9\x00{\xdc\x86\x7f\xe9\xadf\
\x82\x9c\xbf+\x94\x1f\xba(i\xb0\x01H\x80\xb5?\xd5\
\x9a\x0b`\x8d\xc3\xf0\x07\x00\xd8@\x7f\x7f\xaaLn\xe3\
^Y\xd7[D\xafO@\xf8\x7f\x96\xbdo\xef\xa5}\
\xfb6\xe0\xc9A(!\xda\xfd\xa9\xcdB\x09\xcb\xd5\x00\
J\xdc\x84\x7ft\xbe*.]\xf9\xe7\xcf\xef\xf0\xba^\
\xa2X\xb1\x01H\x80\xc8\xf1\xfc\xfa,\xe0,\xfc%r\
\xf37\xf7\xcd\xfd\xe9L\x9fJMJc_\xff\xe1\x04\
\x11}*\xee\xf0\x17]\x1fP\xfb\xca[n9e\x97\
\x0feS\x06i\xfbP\xdb\xb9\xa2\x12\xd9g\xc7E\xf8\
\x97\xcd\x17\x8c^\xf9\xe0\xb2V\x9e\x17L\x14\x036\x00\
\x09\x12\x08`\xba(\xcaN\xec\x13K\xf8\x97\xfdot\
\x80/E&\xa1\xfc|\xb5\xed\x90\xfd\x02\x80\xeaq~\
\xf2\xdf\x11\x06\xba\xddvCC^\x14\x84<\xd1\xf6\xcf\
m\x9fU5#]\x87\x7fd~.l<\xbfj\xc0\
\xaa\x1c\x8f\xcb%:*6\x00\x09\xf2x^\x9du*\
:\x1bp\x18\xfe\xaa\x00\xd0}\xe8?7\xd7\xf7\xa9\xd4\
\xa4\xb2A\xd7\xdf\xa5\xd0\xb3\xe3\x0c\xff\x12\x05\xae\xe9\x7f\
}\x93\xaf@\xe4\xa1\xb6\x0f\xfe\xfa\x01\x00\xaf\x00\xae\xc2\
\xbf\xb4\xe1G\x9b\x92\xda;\x1e\xf0\xa1\x5c\xa2#b\x03\
\x90@\x96\xb1\xa6\xb8\x08\x7f\x08\x90\x9de\xc9`\xbf\xea\
L\x16\xe3_[\xdbB\xa0\xc3\xe3\x0c\x7f\x080\xf4\x8e\
\x9eM\xde\xf7\xbeb\xcat\x22\xa2\xbb\xab\xee\xbb\x19\x82\
\x7f\xbb\x0a\xff\xd2\xc7X\x8a{\xff\x17\xfc\x84\x17\x05\xa3\
\x0a\xc5\x06 \x81\xaa|Tk\x16\x80o\x1c\x86\x7f\x84\
\xa2_\xf0\x9d\x0d\xc7\xf8Si\xc5\x0b\x06\xd5\x82\xc1t\
(*\xc5\x13\xfe\x80\xbct{\xcf&\xe3=/\x98\xa8\
T\x87\xc1\x1d\xf6\x02\xf6\xd5\x02\x94\x1e\xd2\xe7,\xfcK\
\xa7g\x99\x905\x9d\xa7\x0a\xa6\x8a\xc4\x06 \x81\x82A\
1\x96\xc1\x18\x17\xe1\x0f\x01\xaa\x96\xd8\xd9\x83|+\xb6\
\x82\xd5:e\xdd\xcd0\xe8\x1c_\xf8\xeb\x97Va\xe0\
6\xcf\x8b%:H\x9b\x07\xdb\x14X\xaa=\x015.\
\xc2?rn\x00\xc1\xaf\x8f\x0fU\xcf\x98\xbfyJ>\
l\x00\x12\xacR\xce\xce\xe7\x01lr\x18\xfe\xa5\xd3\xb4\
\xff\xb0w\xb7\xd7\xf2\xa7\xd2\x8a\xf3\xf4\x1b\xeb\xea\x00\x18\
\x15_\xf8\xa3P`_\xc3\xc3\xfd\xa8\xa2\xb4\x0c\xb6\x9b\
#*\x8fD\xef;\x09\xff2b\xfe\xbc*\xb8\xb4\xa1\
\xc7\xa5\x12\x1d\x12\x1b\x80\x04\x0b\xe65\xdb'\xc0\xd3\xce\
\xc3\x1f\x00\xb4z@J\x06\xfaSi\xc51E:J\
\x80c\x00\xd7\xe1\x0f\xa8\xdey{\xcfF\xab</\x96\
\xe8\x08\xb6`\xc7\xc3\x02|\xe4&\xfc%2\xb3*B\
\xf6h?j%:\x18\xcfJ\xe5\x81\xfb\xde\xdfY\xc7\
\x84\x8a\x7f\x10\xa0\x0a\x10s\xf8G\xa7m\xb3\xc5n\x1a\
\xbc\xb8\xceN\xa4\xa1\xa7^^\xd3^E>\x06`\xb9\
\x0d\x7f\x0bx\xbdo\xcf&\xd7\xf8P.\xd1Q\xad\x18\
\xbe\xac\xb9\x15\x96\xe5\xa2\xa8\x16\x99\x12s\xf8\x97\xbd\xf6\
\x05\xd6y'\x8eh\xf7\xa1?\x15\x13Ep\x0b\x80\x07\
F\x9d_}\xab\x003\x00\xc7\xe1\x0f\x00\xb5B&\x9c\
\xb6\xe7\x05P\x91'\x10G\xf8\x8b`}I\xc8\xee\xeb\
C\xa9D1i\xf5`\xfb\xef`pg\xe4\x9e\xf3\xf0\
\x8f\xdc\xd41\x1aT\xbe\x1f\x93\xaf\xf8\x82\xf3H@\x02\
c\x04\x089\x0c\x7f\x00\x80\x05\x0c\xba\xe7\xad-\xd5\xfc\
\xaa\xd5/\x13^]\x7f\x19\x80\xae\xae\xc3\x1f\x80\x84\xa5\
\x7f\xff\x1b\x1bn\xf5\xbeZ\xa2\xd8\xb5|\xb8\xdd\x0c\x15\
\xf3\x8e\x9b\xf0\x17\x00\xa2\xda\xe6\xbb\x92\xcfz\xf9R,\
Q)6\x00\x1e\x19\xd1\xadf\x81(\xfe\x018\x0b\xff\
\xd27\x8b:9\x01\xbd\xd3\x9fJ\xfd\x11\x9c\xa7\x01\xa8\
y4\x9e\xf0\x87\x22\xbfo\xaf\xc6oz_-\x91s\
Rb\x0f\x80\xa2\x10p\x16\xfe\xfb\x1b\x063|\xed\xa0\
%\x95\xfc\xa8\x95\x08`\x03\xe0\xb1\xf0\x08\x01\x0c\x00'\
\xe1\x0f\x00\xb0T\xef\x0d\xa6\xd1\xd9\x01km^\xdfS\
\x80S\x01\xb8\x0d\xff\x9fm+\x9c\xf6;HR\xea:\
\xf5\x91_\xff \xc0\x03\xee\xc2_\x01\xa0QQ\xa5,\
^\x1c\x8c|\xc3\x06\xc0C#/\xaa\xf7%\x80|\xa7\
\xe1_\xb6w\xb0\xd1\x87\xfd\xa9\xd4[\xc1y\x1a\xb0T\
\x1f\x04\xe06\xfcaA\x87\xdev\xfd\x09\x9b|)\x98\
\xc8\xa5\x93W~\xff4 \x9f\xba\x08\x7f\x00\x91\xd7\xf9\
\xc6!_T\xf1\xa3V\x226\x00\x1eS\x83\x87\x04\x08\
\x01\x8e\xc2?:\xed\xe6\x87\xff\xb91\xe5\xaf\x1cV{\
\xf3\xda\xde\x00\x9a\xbb\x0d\x7f\x01>\xdf\xf0m\x93\xbf\xf9\
S-\x91{2\xb3G\xd8\x0ec J_\xc4N\xc2\
\xbf\xf4\xef\xa1\xee\x9e\xecb^2\x98|\xc1\x06\xc0c\
\xa3.\xa9\xfb?\xa8\xbc\xe0\x22\xfc\x01\xc0V#O\xf8\
Q\xa7W\x82\xf34 *\xf7\xc7\x11\xfej\x80\x81\xc1\
\xa0\x18\xbfj&\x8aG\x8bG\xda-U\xe0e\x17\xe1\
\x1f\xdd!p\x08\xb7\x02\x90\x1f\xd8\x00\xf8@\x02\xa1\x87\
\x01-q\x18\xfe\xd17\x8bn\xc1\xb76_\xe8G\x9d\
^8f\xd3\xdak\xa08\xc1e\xf8\x03@~\xbf\x1b\
\x9a,\xf6\xa3V\xa2D\x09\x183\x0c\xc0\x1e\xa7\xe1_\
\xea\xd8\xa2\xec\xbd\xb7\xfaP&e86\x00>\x18\xd1\
\xad~\x81\xaaLw\x11\xfe\x00\x00[\xf4\x89\xfc|\xb5\
\xbd\xae\xd3\x1b\xd6\x908\xc2\xbf\xd8\x96\xf0\xbd~TI\
\x94H'>\xf2\x9b\xb5\x80\x8eq\x1c\xfe\x1a\x99\xaf*\
w)/\x14D\x1ec\x03\xe0\x93\xac\x10\x86\x03\xd8\x0b\
8\x0b\x7f\x01\xa0\xd0\xd3\xbe\xc9\xdd|\x8b/\x85&\xd0\
\xf8W\xd7\xe5A\xb5\x9d\xcb\xf0\x07 \xd3n\xedy\xc2\
\x0f~\xd4J\x94hv\xb15\x1a\xc0\xcfN\xc3\xbfT\
\xd35{\xab\x5c\xedG\x9d\x94\xb9\xd8\x00\xf8$xE\
\xdd\x0d\x10Lq\x1a\xfe@\xe4R\xa3\xa2:|\xd4\xbb\
?\xa4\xd4\x85\x82l5\x83\xdc\x87?\xf6\x06l\x8c\xf4\
\xa1L\x22O4\x7f\xac\xfd\x0e\x01\xc6\xb8\x08\xff\xc8|\
\xcb\xdc\xedK\xa1\x94\xb1\xd8\x00\xf8\xc8\xb6r\x86\x03\xd8\
\x0a8\x0b\xffR\xc7\x86M\xce\xe3~\xd4\x99\x08\xe3\xf3\
74\x86\xe2b\xc0U\xf8CD'\xddr]\xe3\x0d\
>\x94J\xe4\x99\xa2@\xe5\xf1\x80nv\x1c\xfe\x00\xa0\
\xf2\x9b5\xc3>9\xc3\x97B)#\xb1\x01\xf0Q\xf0\
\xc2\x1a?\xab\xe0a\x17\xe1\x1f\x9d\x7f\xcb\x88\xb76t\
\xf1\xa3\xd6x\x05B\xa1>\x00lW\xe1\x0f\xec\x131\
)\xd3\xec\x10\x1dN\xcb`\xcbBQ\x8c\x8b\xde\x8f9\
\xfc\xa3\x8fQ\xe5u/\xc83l\x00|fW\xae\xfb\
\x8c\x00+\x1c\x87\x7f\xe9dQ\x99\x16\x9cW\x90\xebC\
\xa9\xae\x05\xe7i@\x057\xb9\x0c\x7f\x88\xea\x0b<\xe9\
\x0f\xa5\x8b\x80)\x9a\x0ch\xa1\xe3\xf0\x07 \xd0\xeb\x0a\
\xeeZ^\xd3\x8f:)\xf3\xb0\x01\xf0Y0OB\x12\
F\xd9w{\x0e\xc2?z\xfb\xa4\xac\xed\xb9\xc3</\
4\x0eu7\xad\xbb\x5c\x14\x0d\x00\xe7\xe1\x0fU\x0d\x8b\
\x8c\xf5\xa5P\x22\x1f4y\xb4\xf361\xf2,\xe00\
\xfc#\x17\x12\xablg\x17]\xefG\x9d\x94y\xe4\xe8\
\x0f!/\x04\xdf\xd9\xf4\x96\x00\x97;\x0b\xff\xb2K\x8d\
\x16\xd9\xaa\xa7\xdf{u\x83\x95~\xd5\xeb\xc4\xc4\x97\xd6\
\xbc\x01\xe0*\x17\xe1\x0f\x00\xb3\xfa\xf4jz\x89\x1fu\
\x12\xf9e\xf5\x03\x1f7S#\xab\x00\xd8\x0e\xc2?:\
\xed\x93\x86\x8f\x9du\xa6?\x95\xba\xf3s\x9f\x7f\xd5\x08\
\xe4\xe6\x9ek\x01\xcd`T\x05\xfa\xdd\x9e\xca\xf6\xbc\xba\
\x8fw\xdaU\xd1\xb5\xd1\xe1q\x0b@E1r7\x14\
E\x80\xe3\xf0\x07\x80\x1c#2EU\x93\xae\x81{\xe6\
\xc5\x1fj\x01\xb8\xd8e\xf8\xc3\x163\xde\x872\x89|\
\xd5t\xc4\x99\x05\x00\xdev\x11\xfe\x80\xe27\xeb\xee\xfb\
\xf8$?\xeatj\xf3\x1d\xf3\xaa\xee\x1a\xb0`lV\
N\xee&K\xf1\x06\x14OB0\x06\x90\xb7*\xef1\
?\xee\xf9\xe3\x82\xc7\x95W8LZl\x00*H\xf0\
\x8ac\xbfU\xc1x\x17\xe1\x1f\x9d\xdfy\xd4?~L\
\xc6\xb3\x85u\x17 'z\xc7I\xf8\x0bP\xb0\xf6\xdb\
f\xef\xfbT'\x91\xaf\x042\xcdE\xf8Gn\x1b\xed\
\xe9y\x81\x0e\xed\x18\xb4\xa4v%;\xb0\x08\x90\xbb\xf6\
\xff\xcdk\xf9\x1d\x1d\xab@0toQh\xf1\xf6~\
\x0bS\xea\x10\xe6L\xc1\x06\xa0\x02U2\xd6\x08\x88\xfe\
\xe8\x22\xfc\x01\x00\x16\xe4\x89\xd1\xafoh\xe2}\xa5\x0e\
\x88\x5cWv\xd3Y\xf8\x03\x82\xe9<\xe7?\xa5\xab&\
\xab\x0a\xde\x03\xb0\x06p\x18\xfe\x00D%\xa9\x1a\x00\x85\
\x8a\x94\x84\x9e\x07\xd0F\xcaM=\xe4\x8e\x8e\x82\xd3s\
l}\xde\xef\x1a\xe9\xe8\xd8\x00T\xa0{\xaf\xa8\xbb\xcb\
2zg\xf4\xbe\x93\xf0/\x0d\xd7\x1aa\xc1s\xc9r\
\x9a\xe0\x09\xf9?\xd6\x05\xd0\x19p\x11\xfe@\xc8\xb2\xad\
\x19\xfeTJ\xe4?\x99\xd9#,\x8ag\x9d\x86\x7f\x84\
i\xben\xe8\xe2\xb6\x9e\x17\x19\xa3\xdd\xfd\x17\xde%\x22\
\x17\x1f5\xfc\xf7\xdf\xbedo\xff\xf9\xe7\xfaX\x22\xc5\
\x80\x0d@\x05{\xe0\x8a\xe3f*\xf0\x0f\x17\xe1\x1f\x9d\
\xd6e\xb5\xfdcR\x9c/\xdf.\x09]\x8e\xb2c\xff\
\x1d\x85?,\xc5\x1c\x9e\xf8\x87\xd2]H\xed\x19(\xbb\
Tp\xc4\xd1\xc2_\xa0\xa5\x9f\xa4\xad+\xfd\xaa\xf3H\
\x0a\x07,l\xa3\x22\xa3b\x0e\x7fD\xc6 \x06<\x9a\
!\xc9\xb0\x01H\x02&`\xdd\x01\xc86\x17\xe1\x1f}\
\xcc_\x9exmc\xc5\xef%,\xe6j7\xe1/\x91\
\xf7\xb7\x97\xfd*\x93\xa8\xa24\x7f\xac\xfd\x1a\x00\x1f9\
\x0d\x7f\x00\xb0U\xae\xf0\xa7\xca\xc3\xd3?\xcc\xcbU\xc8\
\xf3\x87\xf9\xce?:\xe9\x17\xe1_:\xedt\x1fK\xa5\
\x18\xb0\x01H\x02\xc1K\x8e\xdd(\xaa\xf7\xb8\x09\xff\xd2\
\xdb\x01#\xe6\xb9'\x9e\xdbXa\xd7\x10\x7f\xe2\xb9\x8d\
U,\x95\xf3\xdc\x84?\x80}R\xb2\xef\x1d\x9fJ%\
\xaaX\x22\xaf\x02\xce\xc2_\x00(\xb4\xed\x8f\xc3>j\
\xeaW\x99\x87RX=\xf0\xa4@[E\xee9\x0a\x7f\
\x00\xa8\xeeS\x99\x14#6\x00I\xe2OW\xd4\x9b.\
\xaa\x1f\xba\x08\x7f\x00\x80\x05\x9c\xa4U\xc2\xe3PA\xaa\
X%]\x00\xcd\x01\x1c\x87?T0\xfb\x96[N\xe1\
\xf1\xc2\x94\x11$\x5c\xfc\x9a\xa8\x96\xed\xec\x1aK\xf8\xa3\
\xf41VH\xbb\xf9T\xe6/\xec\xec\xbf\xe0JQ\xf4\
\x8b\x16\xe30\xfc\x01`\xb3\x0fe\x92\x03l\x00\x92\x84\
\x88h\x18V\x1f(\xf6\x00\xce\xc2?\x1a\xae\x96\xe2\xd6\
'^\xdfp\x95\x1f\xf5\x1eL$|\xc1\xfeZb\x0f\
\xff\xc8m\xcd\xf7\xa1D\xa2\xa4\xd0\xf8\xf1N\x1b X\
\x0c8\x0b\x7f\x01` \x17\xf8W\xe9~\xdb\xfb\xcfo\
f\x89\xcc\x88\x94\xe4*\xfc\x01#\x8b\xfc\xa8\x95b\xc7\
\x06 \x89<xU\xbd\xef x\xc8M\xf8\x97\xfbN\
q\xda\x98\xfc\xb5\xc7{^\xec\xc1D.p\x15\xfe@\
\xa8\xd8\xb6\xe6\xfaR#Q\xd2\xd0\x7f:\x0d\x7f\x00\xb0\
\xa0y\xda=\xdf\xd7\xa3~t\xc0\xac\x9c\x80X3\x01\
\xd4t\x1b\xfe\xa2\x08\xabX\xcf\xfaR0\xc5\x8c\x0d@\
\x929\xb1\xb8\xfeX\x08\x96\x02\xce\xc3\xbf\xf49u\x14\
\xd6k\x13f\xad\xca\x81O&\xe6\x17\xd4\x17EK\x17\
\xe1\x0f(\x96\xde\xd1\xb3\xc96_\x0a%J\x16!\x99\
\xed4\xfcKO\x22T{c\xc3\x86\xed\xfc*\x13\x00\
\xf6H\xb51\x00\xda\xc5\x11\xfe\x00dj\xee\xa4N\xff\
\xf5\xa1\x5cr\x80\x0d@\x92\xe9\xd1C\xc2\xb6Z7\x88\
b\x97\x8b\xf0\x8f\xce<+\xb4\xa7\xd2\x04\x1f\xca\x05\x00\
X!\xe9\x08\x858\x0f\x7f\x85\x08\xe6\xf8R$Q\x12\
i8\xfa\xcc\x15\x10\xacw\x18\xfe\x80\x02\x01K;\xfb\
Ug\xe1\x80\x85\xd7\xa9\xe2\x8e\xf8\xc2\x1f\xab\xb2\xaa\xec\
\x1d\xeaC\xb9\xe4\x10\x1b\x80$t\xcfU\xf5\xbe\x03\xd0\
\xdfU\xf8\x97\xcdG\x9f'_]{\x9b\xa7\x85F\xd7\
g\xa4\x93\x9b\xf0\x07\x00\xa3\x98\xe5}\x85D\xc9E \
*\xc0\xdc\xc8\xed\xd8\xc3?r4\x80t\xf0\xa3\xc6\xc2\
;\x17\xb4\x060-\xce\xf0\x0f\x01\xa6\xb7\x8c\xee\xb6\xdb\
\xfb\x8a\xc9)6\x00Ij\xd8\xd5\xc7='\x82\x97\x5c\
\x85\x7f\xe9\x1f\xa3%2q|\xfe\x86N^\xd7*@\
\xc7\x83\xeb\xdb_\xcb\xe1\xc3_\x80\xed\xeb\x0a\x9a|\xe1\
u}D\xc9(r\xd4\x8f\xb3\xf0/\xd5\x11\x1e\xdb1\
hIm1\xf2\x06\xa0U\xe2\x08\x7f(dd\xf6\xa4\
\xbc\xa5^\xd7K\xee\xb0\x01Hb\xa6$\xf7\x0e\x01V\
G\xef;\x09\xff\xd2\xc7d)\xcc+\xe3^\xdaT\xcf\
\xab\x1ag\xcc(\xc8\x05\xd0\xb6|}\xfbk9b\xf8\
\x03\xc0G<\xf7?e*\xb1\xb0\xd8E\xf8C\x14\xf5\
6\x0dZx\x82Wuip^\xc0\x0e\x85_Sh\
\xf3x\xc2\x1f\xc0g\xd9\xe1\xca#\xbc\xaa\x93\xe2\xc7\x06\
 \x89\x0d\xebQ{\x07\xa07\x00\x08\xbb\x08\xff\xe8W\
\x01\xc7#P\xf2F0\xff\xabl/j,\xc9\xb2[\
\x01\xc8r\x11\xfe\x10\xf0\xb0 \xca\x5c\xc7=z\xf6j\
\x00\xeb\x1c\x86?\x00 \x00i\xefU]{\xb6\xdac\
\x01\xcd\x8b3\xfc\x0b5ln\x90\xa9\xedK\xbc\xaa\x93\
\xe2\xc7\x06 \xc9\xdd\xf3\xbb\xe3\x17\x0bt\x84\xcb\xf0\x8f\
>\xb6C-\xad>\xda\x8b\xfa\x8c\x98\xd6\xee\xc2\x1f\xb0\
\x80\x8f\xbc\xa8\x89(U\x08$\xf27\xe0 \xfc\x05\x0a\
\x85\xb4\xf1\xa2\x9e\xdd\x03\x16\xdc\xa6@\xff8\xc3\x1f\x16\
L\xbf\x9c\xa9y\xdfxQ#%\x0e\x1b\x80\x14\xb0\xbb\
v\x83\x11\x16\x22'\x0e\x01\x1c\x86\xff\xfe\xf9\x03\x9ez\
e\xcd\x1d\x89\xae\xcdRi\xe3&\xfc\xa1\x08\x8b\xe4~\
\x92\xe8z\x88R\x89\xaa.u\x1a\xfe\x91\xff\x91\xf0\x06\
\xa0p\xc0\xe2\xdf*01\xfe\xf0\xd7\x19\x81Iy/\
$\xba>J<6\x00) \x98'!1\xe6\xf7\x00\
6\xba\x0c\xff\xe8\xde\xc3\x13\x9ezuMB\xaf(&\
\x1ay#r\x18\xfe\x00\xf0]\xef\xde\xf5\xb9g0e\
4\xcb\xe8\x17N\xc3\xbfTB/\x0d\x5c\xd8\x7f~+\
 <S\x14Y\x91u\xe1\xd0\xb5\x1c%\xfc\x05\xba\xd2\
.,\x1a\x90\xc8\xda\xc8;l\x00R\xc4\xe0\x1e\x8d\xd6\
[*=\x00)\x01\x9c\x87\x7f\xe94\x1b*/\x8d\x7f\
y}\xc2\x0e#R\xe8\xc9.\xc2\x1f\x02\xf92Q5\
\x10\xa5,KW\x00\xce\xc2\xbft\xda\xf1?\xdf\xbb\xac\
F\x22J\xd8\xdd\x7fQ\x03\x88\xfcS4r\xb1\x9e8\
\xc2\x7f\x8f\x09\xcb\xef\xe5y\x1e\xf2\x97*\xd8\x00\xa4\x90\
\xc1\xdd\x1b,T\xe8\xdd.\xc3\x1f\xa5\x93+\xd90o\
?\x93\xbf\xfe\xe4x\xeb\x99\x92\xff]\x0d\x01\xea\x01N\
\xc3\x1f\x00\x22o|D\x99\xac\xfe\xe8\x8e\x9b\x05\xba\x11\
\x80\x93\xf0\x07\x00X\xc5\xfbZ\xc4\xbb\xfe\xcdw\xcc\xab\
\xaab\xde\x11E\xa3\xc8\xbaJ9\x0f\x7f\x88J\x9f\x9c\
\xa9\xe7\xf0\xef:\x85\xb0\x01H1C\xba\x1f\xff\x14D\
\x9fw\x19\xfe\xd1\xf9uL8<{b~A\xfdx\
j\x09\xec\xcbj\x01\xb8\x09\x7f@\x15\xdc\x02@\x04\x00\
\xa2+\x9c\x86\xbf\x000\x90\x13\xe3Y\xad\x0e\x98\x95S\
9\x10xC\x14\xbf\x8e.32\xc3y\xf8C1!\
0\xf9\x9c\x17\xe3\xa9\x87\xfc\xc7\x06 \x15\x19\xedk\x01\
\xcb\x01W\xe1\x1f\x99\xaeh\x86\x12\xfb\x9f\xd3\xa7o\xa9\
\xe6\xba\x0c\x09\xb7p\x13\xfePE\x96Z\xffs\xbb^\
\xa2\xb4b\xacUN\xc3\x1f\x0a\x881\xae\x1b\x00\xed\x9e\
o\xefA\xd5\x17\xc4\xe8\xfe\xabxF\x97[\xbe\x96X\
\xc2\x1fX\x140U\x87\xb8\xad\x85*\x0e\x1b\x80\x144\
\xb8G\xa3\xbd\x1a\xb6\xaf\x16`\xab\xcb\xf0\x8f\xfc/\xf8\
uQ\xa5\xbd3\xa7LY\x96\xe5\xa6\x0e\x81\xd5x\xff\
m\xc4\x1c\xfe\x02\xa8\x09\xe4\xfc\xe0f\x9dDiG\xb5\
 z3\xe6\xf0\x8f\xccwu2 \x85Ja\xfd\xfa\
\x93\xa1\xb8\xa6l\x99e\xcb-\xbf\xae\x98>\xf9o\x08\
\x88v\xe7\xf1\xfe\xa9\x89\x0d@\x8a\x1at\xddq\xab-\
c]\x8f\xe8I\x82\x9c\x86\xff\xfeEu\xd3\xaa\xf5^\
\x0c\xce\xd3\x80\xd3\x1aT\xf5\xf8\xb2e\xc5\x1e\xfe\x00\xb0\
\x85G\x00\x10EE\x1a\x00\x87\xe1\x0f\x15qu\xd9\xef\
\xdd\x03\x17>j)n-[f\xd9r\xcb\xaf+\xa6\
\xf0\xdf\xa7\xc6\x5c-\xcf\xe4mtS\x07U<6\x00\
)l\xe0\xb5\x0d\xde\x83\xca\xc08\xc2\x1f\xa2\x80\xc2t\
?v\xc3\x9a\x17\x9c6\x01\x024p\x11\xfe\x00P\x00\
\x22\x02\x00X\xb6U\xe04\xfc\x01\xc0V8n\x00v\
\x0f\x98\xff\x80\x18\xdcS\xb6\xcc\xb2\xe5\x96_WL\xe1\
\xaf\xa2\xb89{\xea\xb9\x1f;\xad\x81\x92\x07\x1b\x80\x14\
w\xd7\xb5\xc7?\xa3\x8a'\xdc\x86\x7ft\xbe\x05\xfc\xbe\
\xfe\xfa\x1f\x9e\xcb\xcfW;\xd6u[\x8a\xe3]\x84?\
\x04X\x13\xeb:\x88\xd2]\x89\xc9Z\x038\x0b\xffH\
\xe3\x8e\x06N\xd6S\xd8\x7f\xfe0\xa8\x0c/[f\xd9\
r\xcb\xaf+\xa6\xf0\x07T\x1e\x09L\xe9\xfa\xb2\x93\xf5\
S\xf2a\x03\x90\x06\xb6\x7f\xd3p\x18T\xf3\xdd\x86\xff\
\xfe7\x18\xb9\xee\xe7\xa25\x7f\x8f\xb5\x09P\xd1c\xcb\
/7\xc6\xf0\x87\x18l\x89e\xf9D\x99\xe0\xb8j\xed\
~\x16h8z?\x96\xf0/UK\x07-\xa9\x14\xcb\
:\x0a\x07,\x18*\x90Qe\xcb,[n\xf9u\xc5\
\x16\xfe\x02\xbc\x16\x98\xd2\xe5\xcf\xb1\xac\x97\x92\x1b\x1b\x80\
4\x10\x0c\x8a\xa9\xb6/|\xa3\xaa,r\x1f\xfe\xa5\xf3\
\x04=\xb7\x17\xaf\x99\x11S\x13\xa0\xa8\xe94\xfc\xa1\x00\
,l\x8dqhDiO\x82b\x14\xd8\x068\x0a\x7f\
\x08\x80=%\xa6\xd6\xd1\x96_\xd8\x7f\xc1 Q<^\
\xb6\xcc\xb2\xe5\x96_V\xcc\xe1\xff\x89m\xaa\xde(\x07\
\xcc\xa5T\xc5\x06 M\xdctS\xb3}V1\xae\x14\
\xe0\x7fn\xc3\x7f\xff4\xed\xb5\xa3h\xcd\xf4`P\x0f\
\xfb\xfaPU\x11\xa0F\xf9\xe5\x1c\xb0\xae\xc3\x84\x7fd\
\x9a\xb0\x01 *G\x80\x9f\x9c\x86?\x00\x98@\xf8\x88\
g\x03,\x1c0\xffn\x01\x9e,\xff\x9c8\xc2\xff[\
;\xcb\xbaT\xa6\xb6\xdf\x13\xeb\xb8(\xb9\xb1\x01H#\
\xfdol\xb8\xd5\x88^\x0c\xc8\xe6lcz\xef\x00\x00\
\x10\xeeIDAT8\xc2\xbf\xf4\x9e\xdex|\xf3\x1f\
\xfez\xb8-\x01/\xbe\xf8m5\x00\xb6\xf3\xf0\x07`\
\xccO\xceFF\x94\xdeD\xb5\xac)\x8e5\xfcE\x15\
\x8a@\xcd\xc3-s\xd7\xc0\xf9AQ\x19\x0d@\x12\x10\
\xfe\x9bl\x13\xbeP\x9e\xea\xc2\xaf\xef\xd2\x08\x1b\x804\
3\xf0\xda\xc6\xdf\x01\xb8\x1c\xc0n\xb7\xe1\xbf\xff\x0d\x06\
7\xed(\xfaa\xe6\x8c\x19\x05\xb9\x07\xafg/P\xdd\
U\xf8Ca\xab\xect<0\xa2\xb4f\xed\x04\x9c\x85\
?\x00\xa81\xbf\xd8\x02\xa0P)\x1c\xb0\xe0I\xcb\xc8\
C\xe5\x9f\x13G\xf8\x17\x1a\xd5Ke\xeay\xdf\xb9\x1c\
\x1c%)6\x00i\xa8\xffu\x8d>\xb6`.\x07\xb0\
\x0fp\x1d\xfe\xd1\xff\xaf2\x01k\xee\x8c\x19\x05\x07|\
\xd2\xb0\x8b\xb3\xb3\xdd\x84\xbf(\xa0\x96\x14\xc71<\xa2\
\xb4#\xa2E\xb1\x86\xff\xfe\xadt\x80\x00\x07\xec\x04\xa8\
A\xb5\x0a\x07,\x9a$\x8a\xc1\x07>\xc7u\xf8\x17\xab\
j\xf7\xec)y\xcb\xdc\x8e\x8d\x92\x17\x1b\x804\xd5\xef\
\xfa\xa6\x1fZ*\xbf\x13E\xb1\xdb\xf0/\x9bfL\x17\
cc\xc1\xf4\xe9k\xca\x0e;R\x0d\x1ft\xd9\xd0\xd8\
\xc2?r3\xcc\x06\x80\xa8<\x83\xa2X?\xf9\x97\xdf\
\xf1V\x8cdG\x1f\xa3\x03f\xe5\xec\xfei\xe1\x8b\x96\
j\xdf\xf2\xcf\x89#\xfc\xc3\x10\xdc\x905%oN\xbc\
\xc3\xa3\xe4\xc4\x06 \x8d\xdd\xde\xb3\xd1,\x15\xfc\x1e@\
\xc8u\xf8G\xe7+ZI \xbcd\xc6\x8c\x82S\x00\
@\xb3L\x96\xab\xf0\x07`\x09\x8a\xe2\x1a\x18Q\xfa)\
\x8eu\xb3\x7f\xd94\x05\x04&\x0b\x88\x5c\xd5o7\xaa\
\xbe-\xc0\xb5\xe5\x9f\x13G\xf8+\x80~\x81I]g\
\xc6;0J^l\x00\xd2\xdc\x1d\xd77~\x13\xd0?\
@a\x5c\x87\xff\xfeiMDd\xe1\xb3\xcf\x15\x9c\x99\
\xa5\x81\xc8\xf5\x03\x1c\x86\xbf\x00\x08\x8b\xf0\xbc\xe1D\xe5\
\x88h\xd9V\xb1X\xc3?\xf2<\xc9\xde\xdd\x7fQ\x83\
\xca\xb6\xbdX\x14\xbf-\xff\x9c8\xc2\x1f\x02\xdc\x15\x98\
\xdcuZ\x9c\xc3\xa2$\xc7\x06 \x03\xf4\xeb\xd9\xf4E\
\x88\xf6A\xe9\xdb\x86\xcb\xf0G\xe9\x19@\x8f\xb1\x0c>\
0\xc6\x5c\xea&\xfc\x01\xc02\xc6\xf1u\x07\x88\xd2\x99\
\xaa\x84\x01\x87\xe1\x0f@\xa1\xadT\xcc\x12Q\xb4.\xff\
\x9c\xb8\xc2_p\xbf=\xb9\xeb\x84\xf8GE\xc9\x8e\x0d\
@\x86\xb8\xbdg\xd3\xe9P\x1d\x18O\xf8\x97\x9bVE\
\x80\x87\xdd\x84\x7f\xe4\x14\xa6\xf2\x8b\xa3\x0a\x882\x9d\xd3\
\xf0/u\x97(\x9a\x1c0-\x9e\xf0W<dO\xea\
:2\xae\x81P\xca`\x03\x90A\xfa\xf6j\xfa\xb4\x1a\
\xdc\x09@\xe3\x08\x7fW\x9b\xfd\x0fX\x97\x91\x98N_\
J\x94)\xca\xbf\x11\xc7\x1e\xfe\xfb\xff\xce\x12\xb3\xd9_\
\x1e\xb0\xa7t}8\x8eaP\x8aa\x03\x90a\xfa\xf6\
n2ADz\x03\x08UH\xf8Ca\x03\xdc\x02@\
t\x08\x15\x16\xfe\xa2\x0f\xda\x93\xcfy$\x11c\xa0\xd4\
\xc1\x06 \x03\xddvC\x93\x17D\xe5z\x00\xc5\x80\xbf\
\xe1_\xfa\x1cn\x01 :H\xc5\x85\xbf\x0c\xb3'\xe5\
\x8dH\xc4\x18(\xb5\xb0\x01\xc8P\xb7\xf6n2S\x81\
\xab\x04\xd8\xebs\xf8C\xc5p\x0b\x00Q9\xd17b\
\x9f\xc3_Et\x90=\xe9\x9c\xc7\x122\x08J9l\
\x002\xd8m\xbd\x9b\xceRc.\x04\xb0\xd3\xaf\xf0\x07\
\x00\x11\xee\x03@t0\x9f\xc3?\x0c\xc1-\xf6\xa4\xbc\
q\x89\x1b\x01\xa5\x1a6\x00\x19\xee\xd6?\x9c\xb0\x00b\
\xce\x03\xe4'_\xc2?r\x93[\x00\x88\xca3\xa6\xec\
\xa6\x0f\xe1_\x0c\x98\xdf\x07&u\x9d\x91\xb8\x01P*\
b\x03@\xb8\xa5w\xf3eb\xc2\xe7B\xb1\x16\xf06\
\xfc\x01\xc0\xe2>\x00D\x87\xe4C\xf8\xefT\xc8E\x81\
\xc9\xe7\xbe\x9e\xf0\xe2)\xe5\xb0\x01 \x00\xc0M75\
_\x11\xb0\xe5L\x81D.\xfa\xe1Q\xf8\x0b\x00\x18n\
\x01 :\x98\x0f\xe1\xff\xa3\x81t\xcd\x9a|\xce\x87\x09\
/\x9eR\x12\x1b\x00*\xd3\xabW\xd3\x1f-+\xb7\xab\
\xaa\xbe\xe5Y\xf8+\x00Qn\x01 *\xc7\xeb\xf0\xb7\
\x14_\xd9&pV\xf6\xe4s\x96'\xbcxJYl\
\x00\xe8\x00\xbd{\xd7\xdf]\xa5J\xb3\xdf\x01:\x1e\xf0\
 \xfc#oH\x07\x5cZ\x98(\xd3\xa9F\xb6\x8ay\
\xf4\xc9\xffCKK:\xca\xd4Nk<)\x9eR\x96\
\x1c\xfd!\x94\xa9\x9e\x7f\xf6\xfb\xfe\x0a\x8c\x13\xc0\x8eL\
\x89?\xfc%\xfa@\xd5i\xc5E2\xf4\x86\x81-v\
zU?Q\xb2\xdb:`i\xf5l-y\x02\x82\xdb\
\x04\xfb\xff<\x12\x18\xfe\xcf\xda[\xeb\xf6\x93\x99-y\
\x09n\xfa\x056\x00tD/L\xff\xfe\xb7*\x98\x09\
h\xf5\x04\x85\x7f\xb97.\xf9QT\xfb^s{\x8b\
w<*\x9f(i\x15\x0eX\xfc[\x85\x99\x06\xa0\xb1\
\x07\x9f\xfc\xc3\x96\xc8\xfd<\xc6\x9f\x8e\x84\x0d\x00\x1d\xd5\
\xdf\xff\xfe}k;\xa4\xaf\x038\x11HT\xf8\x97\xcd\
W@\xa7\xed+\xe6\xd6\x00\xca\x0c[\x07,\xad\x9e\x8d\
\x92\xd1\x00n\x05 \x1e\x84\xff\x0e\xa8^\x9b5%o\
\x8e'\x03\xa0\xb4\xc1\x06\x80b2cFA\xcd\x80\x9a\
\xe7,\xc5e@\xc2\xc2\x7f\xff|\xd1\x1f,A\xbf\xab\
\xfa\x9c<\xdb\xbbQ\x10U\xac\x1d\x03\x17]l\xa9N\
\x06\xd0\x08\xf0\xe4;\xffU\x01\xa3\x97\xcb\xd4\xbco\xbc\
\xa8\x9f\xd2\x0b\x1b\x00\x8a\x99\xaa\xcaK\xd3\xbf\xbfG\x80\
G\x00\xd8\x09\x0b\xff\xe8\xf4\xc8r\xde\xcd\xb2\xec?^\
\xd6\xb79wX\xa2\xb4\xb1\xbb\xff\xa2\x06aK\x1f\x15\
\xa0\x97\x87{\xfb\xbf\x1b\x10\xbb\xb7L\xea\xbc\xcd\x83!\
P\x1ab\x03@\x8e\xbd<mUW\x15yE\x80z\
\x09\x0e\xff\xe8\xb4=0\xfaDI\xdd\xd0\xc8\x1e=\xb8\
\xf3\x12\xa5.\x0d\xce\x0b\xec\xfc9\xf0G\x01\x86\x0bP\
\xcd\xa3\xf0\x0fCuD\xa0~\xd7\x87%(\x06D1\
b\x03@\xae\xbc0mUC\x1b2\x13\xc0Y\x09\x0e\
\xff\xf2'!\xfa\x12j\xfa]\xf9\xc7_-I\xfc\x08\
\x88\xbc\xb5\xbd\xff\xa2\xf6\x96\xad\x93\xa0h\xef\xe1q\xfe\
?\xc1\xe0\xfa\xac)]\xff\x95\xf0\x01P\xdac\x03@\
\xae\xcd\x9a\xb0*gg\xae\x8c\x87\xa0\xaf\x07\xe1\x1f\x9d\
n\x14x\x11j\xdf\x7f\xe5\x1fO\x5c\xeb\xc10\x88\x12\
j\xeb\xe0\xf9\x8d\xb2C2J!\xd7#\xba\x93\x9f7\
\xe1\xbf0P\xa2\xd7\xcb_\xf3\xd6%z\x0c\x94\x19\xd8\
\x00P\xdc\xf2\xa7~{\x95\x02S\x01=&\xc1\xe1_\
\xfe\x8ds/T'\x04\x8c=\xf2b\x1e-@Ih\
\xe3\x90\xb9U*\x85*\x0f\x15\x83{\x80\xc8\xf5.<\
\x0a\x7f#\xa2O\x07BU\x87\xc8\xd4\xf6%\x09\x1e\x06\
e\x106\x00\x94\x10/M\xfb\xbe^@\xcdt@/\
\xf1 \xfcQ\xeeM\xf3'(F\xec\xadw\xf2\xd3=\
zH8\xe1\x03!rH\x83j\xed\xdc\xb6\xe8\x06@\
\x1e\x83j\xfd_\xbe\xf6\x13\x17\xfe\xa2X\x07\x1b=\xb3\
&\x9e\xb3 \xd1\xe3\xa0\xcc\xc3\x06\x80\x12FU\xe5\xb5\
\xa9\xdf\xde\x09`\x14\x80\x5c\x0f\xc2\xbf\xfc\xf3V@\xf1\
\xc0%\xfdO~G\xa4\xfc\x5c\x22\x7f(T\xb6\xdf\xb5\
\xf0\x0aQk\xb8\x00\xa7\x89\xee\x7f\x19z\x12\xfe\xd07\
\x03V\xe8V\x99x\xfe\xd6\xc4\x8e\x842\x15\x1b\x00J\
\xb8\xfc\xc9\xabN\xb5\x04/B\xd1\xd6\xa3\xf0\xdf\xff&\
\xa9\xfa\xa5%2\xe2\xa2\x01\xa7\xccL\xe8 \x88\x8e`\
\xfb\xa0\x85\xe7\xc3\xc8H\x01\xce\x00\x00\x8f\xc3\x7f'\x80\
\xa1\xd9\x93\xce\x99\x9a\xc81\x10\xb1\x01 O\xcc\x98Q\
\x90[\xad\xb8x\xa4\xa8\xdc\x89\xd2\x8bN%<\xfc\xcb\
\x9d\x87@\x80%*\xf2\xe0\xc5\x03N\xe1\xa5N\xc93\
\xa5\xc1\xff0\x80\xb3\xcb6\xf5{\x1a\xfe\xf2~H\xf4\
\xe6\xca\xcf\x9c\xc3\x1d`)\xe1\xd8\x00\x90\xa7^\x9f\xf4\
MG\x11k*\x14\xa7\x02\xde\x84\xffA\xf3\xe7\x0b\xe4\
\xd1n\x03O\x9e\xcb\xaf\x06(\x11\x14*\xdb\xeeZ|\
\xa1\xa5\x18\x06\xa0\x0bPn\x1f\x17\xef\xc2\x7f7\x80{\
\xb3&uyF\xc0\xd71y\x83\x0d\x00yn\xca\x94\
eYu\xc35\x06\x8b\xe8_\x00\xe4x\x18\xfe\xe5\xe7\
\x7f\xa9\x8a's\xb6oz)/\x98\x17J\xf0\x90(\
\x03hP\xadm;\x16]\x22*\x0f\x8aF6\xf5\x03\
\xbe\x84\xff|cp[\xee\x94sV%h(D\x87\
\xc4\x06\x80|\xf3\xd6\xc4oO\x0cKx\xaa\x05\xe4E\
\xa7y\x14\xfe\xfb\xa7)~\x80\x85\xb1Z\x5c\xf2\xd7n\
C\xdb\xecN\xe8\x80(-m\x1c2\xb7JN\xb8\xf2\
\xadP\x19\x04\xa0\xc9\xa1\xaf\x82\xe9I\xf8o\x17\xc5\xbd\
Y\x93\xbaL\xe3\xa7~\xf2\x03\x1b\x00\xf2U0\xa8V\
\x9bz\xff\xed+*\xa3\x04\xa8\xe1i\xf8\x97[\xaf(\
\xb6B\xf5Y\x91\xf0\xe4\xf3\x07\xb5\xfe>\x91c\xa2\xf4\
\xb0}\xe8\xe2\xe6Z\x8c~\xb0\xf4f(j\x018\xe4\
\xeb\xd1\x9b\xf0\x97\x97\xb3\x8d}\x97L\xee\xb89!\x83\
!\x8a\x01\x1b\x00\xaa\x10\xefL\xfa\xef\xf1\xc6`\x02\x80\
\xab}\x08\xff\xf2\xf3\x0d\x80\xd9P<\xbdh\xe7\xa9\xef\
\x05y\xee\xf4\x8c\xa6A\xb5\xb6\xed\x5c|!\xd4\xea\x0f\
\xd5n\x02\xb5\xa2\xf3|\x0a\xff\x95Fd@\xa5\x89]\
>H\xc4x\x88\x9c`\x03@\x15\xea\xedI\xdf\x9c\x0b\
\x83\xb1\xa2h\x1d\x9d\xe6a\xf8\x97\x9b\x06\x00\xf8\xd6\x02\
&\x17\x87C\xcfw\x1b\xda\x86\x9f\xbc2\xc8\xa6;\x97\
\xd6\x0b\x88\xe9\x05\xd1~\x02\x9c\x10y\xdd\x94\x0bw\xef\
\xc3\x7f\x97\x8a\x0c\xcf)\xa9<\x8eg\xf3\xa3\x8a\xc2\x06\
\x80*\x5c~\xbe\xda\xb9[\xbe\xb9UT\x86\x0bP\x17\
\x80\x1f\xe1_\xee\x10B-\x11`6D\xffVw\xa7\
\xf5\xcf\x96A^\x810\x1d\xad\x1a0+\xa7vV\x8d\
KU\xe5F\x81^\x04 P\xee5P\xf68\x8f\xc3\
_\x05\xf2J\xd8\x94\x0c\xad<\xf9\xbc\xf5\x89\x18\x17\x91\
[l\x00(i\xfck\xcaw5\x8aB%\x0f\xc0`\
\xa0\x00\xd9>\x85\xff\xc1\xd3~\x02\xf4e\x1b\xfa\xf7\xce\
CZ\x7f\x96\x98\x91QE\xfa\xe9\xee\xc5g@\xa57\
\xa0\xd7\x8b\xa2vt\xba\xdf\xe1/\x8a%\x22\xd6\xe0\xec\
\x89\x9d?\x8esHD\x09\xc1\x06\x80\x92\xce\x9c\x89_\
\x9dh\x8c5\x12@w\x9f\xc3\xff\xc0u\x01\xab\xa1\xfa\
\xb6-\xd6\xcc\x8ew\x9f\xba\x98\xe7\x15H\x1d[\x07-\
jiD\xba\x8b\xe0Z(N\x06bx\x0dx\x17\xfe\
kT\xf1`\xee3]\x9e\xe7\xde\xfd\x94L\xd8\x00P\
\xd2\x9a\xfd\xd4\xca\xae\xaa:\x5c \x9d\x00\xf8\x1b\xfe\xe5\
\xceU \x91\xd9\xdf\x8a\xcak\x8a\xf0\xcc.\xf7\xb4\xf9\
<\xce\xa1\x91\x07\xb6\xdc\xbd\xb4\x9d\xc2\x5c#\x8a\xee\x00\
\x9a\x1f1\xdc\xfd\x09\xff-\xa2\x18\x95\xb3\xa5\xceD\x99\
\xc9\xaf\x95(\xf9\xb0\x01\xa0\xa47{\xfc\x7f;\x01f\
\x84\x00\xe7TD\xf8\xffr]\xbaIT\xdf\x13\x91w\
\xac\xdcJs\xcf\xe2\xe5\x89+\xc4\x86\xe0\xb2\xcava\
I\x071\xb8L\xa1W\x8a\xa0q\xb9\x0b\xe7\x94=\xae\
\x02\xc2\x7f\x97@\x9f\xc9))\x1e%S/\xd8\xe1r\
xD\x9ec\x03@)c\xce\x84\xaf/\x11\xc5_\x00\
\xb4\xab\xc0\xf0?\xf8\x8d\xbfH\x15\x0b,\xc5lQ{\
\xeeY\x7fj\xf9\xb5\xbb\xd1\xd1\xd1(T6\xde\xfb\xe9\
\xa9V8\xdc\x0d\xd0\x8b\xa0\xe8\x12\xd9W$\x22\x09\xc2\
\xbf\x10\xaa\xe3\x8b\xd4z\xb2\xe6\xa4\xce\xdb\x5c\x0d\x92\xc8\
Gl\x00(\xa5\xa8\xaa\xcc\x9d\xf0\xf5\xe5\x96\xb1\xfe\x02\
\xd16@\x85\x86\xff/\xe7\x03\x9b\xc4\xc8|\x11\x9do\
4\xfc\x7fg\xdew\xfaJ\xee;\xe0N4\xf0aL\
WKMW\x85t\x11\xe8\xb1\xa53\x0f\xf9\xfb\xae\xa0\
\xf0\xdf.\x90\xa7KJB\xe3\xabO\xcd\xfb\xc9\xe10\
\x89*\x0c\x1b\x00JI\xaa*\xef\x8f\xfb\xe6*@\x87\
\x00zv\x92\x84\xff\xa1\x82i3\x14\x0b!X\x0a\x84\
?\xadR\x9c\xf3Y\xcb`\xcbBg\xa3\xcd\x0c[\xee\
YT-d\xecv\xb0\xf4\x0c\x189\x0b\x82\xceP\xd4\
\xdd\xff{)\xfd\x05$O\xf8o\x11\xc5\xd8\x5c+{\
\xa2<u\x16\xbf\x06\xa2\x94\xc3\x06\x80R\xde\x07\xe3W\
t\xd0\xb05\x18\x82\xabD\xb1\xffLn@E\x87\xff\
\x81\xf3#\xd3\xc2\x00V\xaa\xe2S\xb1\xe4S1X^\
\x12\xda\xfb\xf5Y\xc1\xcc\x0a\x90\xef\xee]V#\x17\xc5\
-\xa1V[\x08\xce\x105g@\xe5W\x00\xacC\xfd\
\x8c\x93,\xfc\x0b 2\xaeRQ\xa5\xbf\xca\xd4\xf6{\
b\x1d3Q\xb2a\x03@i\xe3\x83\xc7W4G\xc0\
\xba\x0b\xc0M\x02TI\xc2\xf0?D-e\xf3\x7f\x10\
\xe0+\x18\xfcG-\xfd\x0f\x80\x95%VI\xc1\x99\x7f\
:sk,cOV\xeb\xee\xfb\xb8\x8eQ9\xc1R\
\xfd\x95\xc2\xb4\x14H+\xa8\xb6\x04\xa4\xf1\x01\xe1~\x84\
\x9fq\x12\x85\xffb\x01\xc6V\xda\xb4\xf1M\x99\xd9#\
|\xd4\xc1\x13%96\x00\x94v\xe6\x8c\xf9\xaav\xb6\
\xa2\xaf@\x07\x008\x0eH\xfa\xf0?R}; (\
\x80\xe2{(\x0aDt5\xd4Z+\x8a-!`\xc3\
\xde\xea{7u\x18\xdca\xef\x11\x7f \x1eY;h\
I\xa5p\x15\xbb>T\x8eS\xa3\xc7Z\x06\x8d\x14h\
j\x09\x9a\xa9\xa2\x99\x08N\x10\xd5\xea\xd1\xc7\x1fj\x8c\
)\x10\xfe\xc5P\xbc!\xc6\x8c\xa9\xf2L\xd7O\x0f\xf7\
\xb3 JEl\x00(m\xe5\x07\xbf\xca\xae[\x15\x97\
[\xa2\xb7\xaa\xe2\x02\x1c\xb0y9%\xc2\xff\x17\xcf;\
L};\x00\xfc\x08\xc8V\x81\xee\x04\xb0S\xd5\xec\xb0\
am\x87\x9a\x9d\x0a\xd9\x09\x95\x22\x00\xb0D\x8b\x14\xd8\
\x03\x00vtQ\xe1\xb2\xe5T\x86\xa590\x00Dr\
,\x13\xae\xaebU\x17hM\x18\xd4PAu\x01\xaa\
\x0bP\x07\x8a\x06\x82r\xe1\xee\x22\x5c\x93;\xfce\xb5\
\xc0L\xd3p\xf8\xd9\xaa\xcf\xe4m\x04Q\x1ab\x03@\
\x19\xe1\x83\xd1_7\xc9\x82\xb9Y\x81\x9b\xa1\xda0]\
\xc2\xff\xb0\xf3\x0f\xb1\xdc\x03\x9f\xf3\xcbp=\xf09\xbf\
\x0c\xcf\x03\x7f\x16\xf1}\xb2N\xd2\xf0\x0f\x0b0KD\
&W\xae\xddq\x8e\xf0J\x91\x94\xe6\xd8\x00PF\xd1\
\xa0Z\x8b\xaa\xac8W\xc5\xea#\xaaW\x02\xc8b\xf8\
gx\xf8\x1b\xac\x84\x85\xfc@\xd8\x9aQib\xc7\x1f\
@\x94!\xd8\x00P\xc6\x9a\xf7\xf8W\xf5\x03jzB\
\xd0C\x803\x00\x15\x86\x7f\xc6\x84\xff\x16\x81\xbcbA\
\xff^eBg^\xf4\x892\x12\x1b\x00\x22\x00\x8b\x1e\
\xfd\xaa\xb1e\x85\xae2\x8a\xee\x16\xa4\x03J\xb3\x84\xe1\
\x8fr\xcfI\xf9\xf0\xdf\x06\xe0](fV+\xaa4\
G\xa6\xb6/\x01Q\x06c\x03@t\x90\xc5\x8f\xafh\
.\x8a\x1e\x96\x9a\x1e\x0ai\xcb\xf0O\xe9\xf0\xdf\x0a\xe0\
\x1d\x84\x91_\xbd8\xf7}\x86>\xd1~l\x00\x88\x8e\
`\xe9\xe3\xcb[ ,\x97\x03r\xa1\x00\x9d\x01\xe4\x00\
\x0c\xff\x03\xd7\x95t\xe1\xff\x0dD\xdf\xb6D\xde\xad\xb6\
n\xc3\x12\x1e\xb3Othl\x00\x88b\xf4\xc5\x13_\
T\xd9W\xa2y\x02\x5c\x08\xc8\x85\x806g\xf8'E\
\xf8\xef\x16\xc5|\x15\xfc\xcb\x12\xeb\xdd\x1ac;|\x0b\
\x22:*6\x00D.-\x1d\xbe\xbcE\xc0\xb6.\x82\
A7\x88vB\xe4\x18y\x86\x7f\xf9\xf5{\x13\xfea\
Q|.\xd0\xf7\x15\xfa^\xcd\x9a\xb5\x97H\xb0e1\
\x88\xc8\x116\x00D\x09\x90\x9f\x9fo\x9f\xf4\xcdI\xa7\
\x18[\xda\xa9\x9a\x8e\x02t\x02p*\xc3?!\xe1\xbf\
\x07\xd0\xe5\x0aYd\xc1,\xb6\xf6a\x11/\xb7K\x14\
?6\x00D\x1e\xf9\xf7\x88\x7f\x1f\x0f\x83\x8e\x00:B\
\xf4l\x00\xad\xa1\x9a\xc3\xf0?b\xf8\x87\x05\xba\x12\xc0\
2@\x96!\x1c^Vgo\xa5\xcf\xb9\xf3\x1eQ\xe2\
\xb1\x01 \xf2\xc9\xbc\xe0\xbc\xc01v\xf5\x16aE+\
\x01\xdaX\x90V\x1a\xb9\xdd4\xf2\x88\x8c\x0b\xff\x1d\x00\
\xbeR\xe0?\x02\xf9\x0fL\xf8\xdf\xc6\xde\xfdy\xfd\xd1\
\xddv\x83\x88<\xc7\x06\x80\xa8\x82\xad\x0a.\xad^d\
\xd9\xad\xd4\xd8\xad\x04\xa6\x85@\x9a!\xd2\x144\x15E\
\xad\xc8\xa3R6\xfcC\x02\xacV\xe0[K\xf5;\x15\
|k\x85\xf1M \xdb|]\xfb\xb1Nk\x0e\xf73\
!\x22\xef\xb1\x01 Jb\xcb\x83\xcbkf\xa3\xa4\xa9\
\xc0j\x0a\xa3\xcdD\xa4\xa9e\xb4\xa1\x8aU\xc72Z\
G\x05u\x00\x1c#\xd0,\x00\xbe\x86\xbf\x0av\xda*\
[\x14\xbaE\x80\x8d\xa2\xba\xd6\x08\xd6\x8b\x91\xf5\x22f\
\xad\x05]w\xec\x8e\x9c5\xdc|O\x94\x9c\xd8\x00\x10\
\xa5\x81U\xc1\xa5\xd5\x15\xf61Z\x82clE\x1d\x11\
\xd4T\xa0\x1a\x00\x08P\x19jr\x22\x8f\xb4j\x01\x80\
\x05\x93\x0dH\x95\xe8\xf3\xc5\x98]jI\xc8*\xbb\xfc\
\x8d\xee\x80b\x8feY{Du\xbb\x8a\xee\x86\xea\x1e\
\xa8nU5[wU\xae\xf5SK\xeeyODD\
DDDDDDDDDDDDDDDD\
DDDDDDDDDDDDDDDD\
DDDDDDDDDDDDDDDD\
DDDDDDDDDDDDDDDD\
DDDDDDDDDDDDDDDD\
DDDDDDDDDDDDDDDD\
DDDDDDDDDDDDDDDD\
DDDDDDDDDDDDDDDD\
DDDDDDDDDDDDDDDD\
DDDDDDDDDDDDDDDD\
DDDDDDDDDDDDDDDD\
DDDDDDDDDDDDDDDD\
DDDDDDDDDDDDDDDD\
DDDDDDDDDDDDDDDD\
DDDDDDDDDDDDDDDD\
DDDDDDDDDDDDDDDD\
DDDDDDDDDDDD\x946\xfe\x1f\
`\xa8\xac4\xf5X\xff\xea\x00\x00\x00\x00IEND\
\xaeB`\x82\
\x00\x00I\xcb\
\x89\
PNG\x0d\x0a\x1a\x0a\x00\x00\x00\x0dIHDR\x00\
\x00\x02\x00\x00\x00\x02\x00\x08\x06\x00\x00\x00\xf4x\xd4\xfa\
\x00\x00\x00\x04sBIT\x08\x08\x08\x08|\x08d\x88\
\x00\x00\x00\x09pHYs\x00\x00\x0d\xd7\x00\x00\x0d\xd7\
\x01B(\x9bx\x00\x00\x00\x19tEXtSof\
tware\x00www.inksca\
pe.org\x9b\xee<\x1a\x00\x00 \x00ID\
ATx\x9c\xec\xddw\x98$U\xb9?\xf0oU\xa7\
\xe9\xc9a\xd3\xecld#\xbb,\x19\xc9\x82b#I\
\x01\x89\x0a\xde\xba\x88\x18\x08\x06\xd0{\xe5\x8a  \xc6\
\x1f\x82\x01\xae\x80\xca-\x05\x94|/\x92\x1bD\x10$\
.awa\xd9\x9cfwf'\xe7\xce]\xbf?\xba\
A\x84\xdde\xba\xbb\xaa\xde\x0a\xdf\xcf\xf3\xf0\xc0\xf30\
]\xe7\xbb\xb33\xfd\xbe}N\xd59\x8aa\x18 \xff\
Z\xba%yu6o|9\x977Z\xf2\x86\xa1V\
z\xbdh(\x80H(\x80\x90\xaaBQ\xccHHD\
d\xa91\x00\xaf\x02\xb8\x1f\xc0/\xe6O\x0c\xe4\x84\xf3\
\xd8Fa\x03\xe0_/mN\xacHg\xf3\x8b\xcd\xba\
^c4\x8cp\xb0\xe2\x1e\x82\x88H\xca\x8b\x00b\xf3\
'\x06\x86\xa5\x83\xd8\x81\xef\xd6>\xb5tK\xf2\x97f\
\x16\xff\x9ap\x90\xc5\x9f\x88\xdc\xee@\x00?\x95\x0ea\
\x17\xce\x00\xf8\xd4\xf3\x1b\xc7\xc6ry#j\xd6\xf5&\
\xd6Vq\xca\x9f\x88\xbc\xc0\x00\xd0<\x7fb`@:\
\x88\xd5\xf8\x91\xcd\x87^kO5\x9bY\xfc\x83\xaa\xc2\
\xe2OD^\xa1\x008@:\x84\x1d\xd8\x00\xf8\x90\x01\
,2\xf3z\xaa\xca\xeaOD\x9e\xd2&\x1d\xc0\x0el\
\x00\x88\x88\x88|\x88\x0d\x00\x11\x11\x91\x0f\xb1\x01 \x22\
\x22\xf2!6\x00DDD>\xc4\x06\x80\x88\x88\xc8\x87\
\xd8\x00\x10\x11\x11\xf9\x10\x1b\x00\x22\x22\x22\x1fb\x03@\
DD\xe4Cl\x00\x88\x88\x88|\x88\x0d\x00\x11\x11\x91\
\x0f\xb1\x01 \x22\x22\xf2!6\x00DDD>\xc4\x06\
\x80\x88\x88\xc8\x87\xd8\x00\x10\x11\x11\xf9\x10\x1b\x00\x22\x22\
\x22\x1fb\x03@DD\xe4Cl\x00\x88\x88\x88|\x88\
\x0d\x00\x11\x11\x91\x0f\xb1\x01 \x22\x22\xf2!6\x00D\
DD>\xc4\x06\x80\x88\x88\xc8\x87\xd8\x00\x10\x11\x11\xf9\
\x10\x1b\x00\x22\x22\x22\x1fb\x03@DD\xe4Cl\x00\
\x88\x88\x88|\x88\x0d\x00\x11\x11\x91\x0f\xb1\x01 \x22\x22\
\xf2!6\x00DDD>\xc4\x06\x80\x88\x88\xc8\x87\x82\
\xd2\x01\x88\x88<+\x97\x06z6\x14\xfeM\xff\xaa\xba\
\x09h\x9c&\x9d\xc2\xd7\xd8\x00\x08J\xfc\xac\xf5\xea\x5c\
\x0e_\xce\xe5\xd0b\x18\xe5\xcf\xc6\x84B@\xb8\x0a\x08\
\x06\x01E\xf9\xf0\xaf\x9f\xdfr\x00^?\xe0O\xe5\x0e\
GD\xbb\x92KAy\xf6\x16(\xeb\x9f\x05z\xd6\x02\
\xb9\xact\x22\xe7\x8a6\x00\x93w\x87q\xc0\xd90\xe6\
\x1c&\x9d\xc6w\xd8\x00\x08\x19\xfdI\xeb\x8aL\x06\x8b\
+\xbdN\xb4\x06\x88D\xccHDD\x95R:\xde\x84\
\xf2\xe0e@\xef\x06\xe9(\xee\x90\x18\x046\xbe\x00e\
\xe3\x0b\xc0^'\xc3\xf8\xf8%@\xa4V:\x95o\xb0\
\x01\x100\xf6\xb3\xd6_\x9aQ\xfc\xc3a\x16\x7f\x22\xc7\
\xe8\xdd\x08\xe5\xf6/\x00\xd9\x94t\x12WR\xde\xb8\x1f\
\x18\xd8\x0a\xe3\xcc\x9b\xc67\x95I\x15\xe3M\x80\x02r\
Y|\xd1\x8c\xebD\xa2f\x5c\x85\x88*f\xe4\xa1>\
|9\x8b\x7f\x85\x94M/Ay\xfdn\xe9\x18\xbe\xc1\
\x06\xc0f\xc9k[\x9bs9T\x5c\xba\x15\x05\x08\x04\
\xccHDD\x95R\xde|\x08\xd8\xbaL:\x86'(\
O]\x0fd\x92\xd21|\x81\x0d\x80\xcd\x0c\x03\x8b\xcc\
\xb8\x0eg\xc8\x88\x1c\xa4\xfdu\xe9\x04\xde\x91\x1e\x83\xd2\
\xb5J:\x85/\xf0\x1e\x00r\x1c5;\x88\x86\xae?\
\xa3z\xe0)\xc0\xc8W|\xbd\x5cx\x22\x06'\x9f\x8d\
D\xfd\xc1&\xa4\xa3r\x18\x00zril\xcd\xa6\x90\
\x85Q\xf1\xf5\x14\x00\x93\x03a\xb4\x06#\x08@\xbe\x1b\
V:VHG\xf0\x96\x8e\x15@\xdb^\xd2)<\x8f\
\x0d\x009J0\xbd\x1d\xb3^=\x00jn\xcc\xd4\xeb\
\xd6w\xdd\x89\x81\xd6/\xa0k\xb7\x9f\x9az]\x1a\x9f\
WSC\xe86\xf9Y\xf8\xee\x5c\x1ak2c8\x22\
\xda\x04U\xba\x09\x18\xe9\x91\x1d\xdfk\xf8\xfd\xb4\x05\x97\
\x00\xc8Q\x1a\xb6\xff\xd1\xf4\xe2\xff\xcfk\xff\x09jv\
\xd0\x92k\xd3\xce\x8d\x1a9\xd3\x8b\xff;RF\x1e\xdb\
\x1cp\xe3\x9d1i\x81t\x04o\xe1\xf7\xd3\x16l\x00\
\xc8Qj\xfa\x1e\xb5\xec\xdaJ>\x81\xea\xc1g,\xbb\
>\xedXw\xd6\xda]\xf0\xb6;a\x97\xbd)\xa6\xdc\
\xdaC\xefh\xdd]:\x81/\xb0\x01 GQ\x8c\x8c\
\xc5\xd7\xe7\xaelv\xab\xfc.\x8e]\xab\xfc\x8e\x82\xca\
\x19\x0b?\x01\xa8|,\xc7\x0cF\xeb\x22\x18\x8d3\xa4\
c\xf8\x02\x1b\x00\x22\xa2JM^\x08\x1c|\xaet\x0a\
\xf7\x0b\x84a\x1c\x7f5\x1fs\xb2\x09\x1b\x00\x22\x22\x13\
\xe4\x0f9\x0f\x98\xbe\xaft\x0c\xf7RU\x18G]\x02\
L\x98#\x9d\xc47\xd8\x00\x10\x11\x99!\x10B\xfe\xb3\
\xbf\x85q\xe4\xd7\x80@H:\x8d\xbb\xb4\xccB\xfe\xf3\
:\x8c}\xcf\x90N\xe2+|\x0c\x90\x88\xc8,\xaa\x0a\
\xe3\xa0/\xc0X\x18\x83\xb2\xe9e`\xfb*(\xddk\
\x80\xac\xb5\xf7\xb6\xb8RM\x13\x8c\xc9\x0b\x81)\xbb\xc3\
\x98}\x08\x10\xe4\xc1&vc\x03@Dd\xb6\xc6\xe9\
0\x1a\xa7\x03p\xc6M\x8aD;\xc2%\x00\x22\x22\x22\
\x1fb\x03@DD\xe4Cl\x00\x88\x88\x88|\x88\x0d\
\x00\x11\x11\x91\x0f\xb1\x01 \x22\x22\xf2!6\x00DD\
D>\xc4\x06\x80\x88\x88\xc8\x87\xd8\x00\x10\x11\x11\xf9\x10\
\x1b\x00\x22\x22\x22\x1f\xe2N\x80D%PR)\xd4?\
\xfd\x14j^x\x01J\xae\xf2\xa3\x85\xf3\xd55\x18\xfa\
\xf8Q\x18\xdd\xff\x00\x9e\x80\xe6%\x89\x01(\xed\xaf\x03\
\x9do\x01]\xab\x81lZ:\x91\xf3\xd44\x03S\x16\
\xc1h]\x0cL]\x02(\xfc<j76\x00D\xe3\
\xa4\xa4\xd3\x98\xf5\xa5/ \xd8\xd7g\xeauk\x9f}\
\x06\xa3\xfb\x1f\x80mW\x5ce\xeauI\x86\xb2\xfc\x01\
(O\xfc\x04H\x8dJGq\xbe\x15\x0fB\x01\x80\xb6\
=\x91?\xfej\xa0y\xa6t\x22_a\xcbE4N\
uO\xff\xcd\xf4\xe2\xff\x8e\x9a\xa5\xaf \xbcu\xab%\
\xd7&\x9b\x18y(\xf7\x7f\x0b\xcaC\x97\xb3\xf8\x97j\
\xeb2\xa8\xbf?\x1d\xca\xca\xc7\xa4\x93\xf8\x0a\x1b\x00\xa2\
q\xaa}\xfe\x1f\xd6]\xdc0P\xf3\xd2\x0b\xd6]\x9f\
,\xa7\xbc|\x1b\x94UOH\xc7p\xafl\x0a\xca#\
W\x02\x83\xdb\xa4\x93\xf8\x06\x1b\x00\xa2q2c\xcd\x7f\
\x97r9k\xafO\xd6\xe9\xdb\x08\xe5\x99\x1b\xa4S\xb8\
_z\x0c\xca\xc3WH\xa7\xf0\x0d6\x00DD\x15R\
\xdez\x14\xc8\xa6\xa4cx\x82\xb2\xe9e\xce\x02\xd8\x84\
\x0d\x00\x11Q\xa5:\xde\x94N\xe0)\x0a\xbf\x9f\xb6`\
\x03@DT!e\xfbJ\xe9\x08\xde\xb2\xfdm\xe9\x04\
\xbe\xc0\x06\x80\x88\xa8R\xd1&\xe9\x04\xde\x12m\x94N\
\xe0\x0bl\x00\x88\x88*dL\xd9]:\x82\xa7\x18S\
\x16IG\xf0\x05\xdfm\x04\x94\xf8C\xcb\xe7\xf39\xe5\
KF\x1e\x0b\x0c\x03\xa1J\xae\x15\x08\x19\xc3\xa1*\xa3\
7\x186\x86\x15\x05\xf9\xf1\xbc&2UmH\xad\x0f\
W2,\x119M\xdb^\xc0\xf2\x07\xa4SxC \
\x04LY(\x9d\xc2\x17|\xd3\x00$\xff\xd8\xa2\xe6\xb2\
\xca\x8b\x99\xa4\xba\xbf\x19\xd7\x8b\xd6\xe7\x11\xa9\xc97\x02\
\x98^\xd2\x0b9\xe7B\xe49\xc6\x92OCY\xfa'\
\xa0{\xadt\x14\xd73\x0e\xfb\x0a\x10\xae\x91\x8e\xe1\x0b\
\xbe)G\xf9\x9crg&\xa9\x98R\xfc#5yD\
j\xc6\xf5\x81\x9f\x88\xfc \x10*le\xab\x06\xa4\x93\
\xb8[\xebb\x18\x07\x9d#\x9d\xc27|\xd1\x00$\xff\
\xd8R\x9fI*\xa7\x9ar1\x05\xa8\xaac\xf1'\xa2\
\xf7\x99\xb2;\x8cS\x7f\x09\xd4N\x90N\xe2J\xc6\x9c\
\xc3\x91?\xf5\x17<\x14\xc8F\xbeX\x020\x0c\x9cj\
\x18\xe6\x5c+\x104xh\x1b\x11\xed\x90\xb1\xdb\xa10\
\xbex/\x94\xbf^\x07e\xc3?\x80\xe1.\xe9H\xce\
\xa6\x06\x81\x09\xbb\xc1\xd8\xff,\x18{\x9e(\x9d\xc6w\
\xfc\xd2\x00\x1ch\xd6\xb5\x02\xbe\xf8\x8e\x11Q\xd9\xaa\x1a\
`\x1c\xf7}\x18\x000\xd6\x0f\xa5{-\x90\xe3q\xc0\
\xefgT7\x01\x13\xe7\x02\x01\xde\x14-\xc5/\xe5\x8c\
\x0bsDd\xbf\xea&\x183\x0f\x90NA\xb4C\x5c\
l!\x22\x22\xf2!6\x00DDD>\xc4\x06\x80\x88\
\x88\xc8\x87\xd8\x00\x10\x11\x11\xf9\x10\x1b\x00\x22\x22\x22\x1f\
b\x03@DD\xe4C~y\x0c\x90\xc8\xf3\xb2F\x0e\
\xaf\x8c\xbc\x85\x17\x87W \x9d\xcfT|\xbd\xb0\x1a\xc2\
\x81u{`\xff\xdaE\x08*|\x92\x96\xc8k\xd8\x00\
\x10y\x80\x01\x03\x97o\xba\x11\xed\xe9nS\xaf\xbbt\
d%\xa6\x85'\xe2\x9aY\x17B\x01\xb7\xc0$\xf2\x12\
6\x00D\x1e\xf0\xe6\xd8z\xd3\x8b\xff;\xda\xd3\xddx\
sl=\xf6\xa8\x9ec\xc9\xf5=-\x97\x06z6p\
'\xc0\x1d\xa9n\x02\x1a\xa7I\xa7\xf056\x00D\x1e\
\xf0\xda\xc8\xdb\x96_\x9f\x0d\xc08\xe5RP\x9e\xbd\x05\
\xca\xfag\x81\x9e\xb5@.+\x9d\xc8\xb9\xa2\x0d\xc0\xe4\
\xdda\x1cp6\x8c9\x87I\xa7\xf1\x1d6\x00D\x1e\
\x90\x83\xb5'TZ}}\xafP:\xde\x84\xf2\xe0e\
@\xef\x06\xe9(\xee\x90\x18\x046\xbe\x00e\xe3\x0b\xc0\
^'\xc3\xf8\xf8%@\xa4V:\x95o\xb0\x01 \x22\
2C\xefF(\xb7\x7f\x01\xc8\xa6\xa4\x93\xb8\x92\xf2\xc6\
\xfd\xc0\xc0V\x18g\xde\x04\x1e\xb9j\x0f>\x06HD\
T)#\x0f\xf5\xe1\xcbY\xfc+\xa4lz\x09\xca\xeb\
wK\xc7\xf0\x0d6\x00DD\x15R\xde|\x08\xd8\xba\
L:\x86'(O]\x0fd\x92\xd21|\x81\x0d\x00\
\x11Q\xa5\xda_\x97N\xe0\x1d\xe91(]\xab\xa4S\
\xf8\x02\x1b\x00\x22\xa2\x0a)\x1d+\xa4#x\x0b\xbf\x9f\
\xb6`\x03@DT\xa9\x91\x1e\xe9\x04\xde\xc2\xef\xa7-\
\xd8\x00\x10\x11U\xc8\x98\xb4@:\x82\xb7\xf0\xfbi\x0b\
6\x00DD\x95\x9a\xb2H:\x81\xb7\xb4\xee.\x9d\xc0\
\x17\xd8\x00\x10\x11U\xc8X\xf8\x09@\xe5\x81If0\
Z\x17\xc1h\x9c!\x1d\xc3\x17\xd8\x00\x10\x11Uj\xf2\
B\xe0\xe0s\xa5S\xb8_ \x0c\xe3\xf8\xab\xb9\x11\x90\
M\xd8\x00\x10\x11\x99 \x7f\xc8y\xc0\x8c\xfd\xa4c\xb8\
\x97\xaa\xc28\xea\x12`\x02\xcf\x9c\xb0\x0b\x1b\x00\x22\x22\
3\x04B\xc8\x7f\xf6\x16\x18\x1f\xff&\x10\x88H\xa7q\
\x97\x09s`|\xfe\x8f0\xf6=C:\x89\xaf\xf0,\
\x00\x22\x22\xb3(*\x8c\x8fh0\x16\x1c\x0de\xcb+\
@\xc7[P\xbaW\x03\x19\x1e\x07\xfc\x01\xb5\xcd0&\
/\x02Z\x17\xc3\x98u \x10\x08I'\xf2\x1d6\x00\
DDfkh\x85\xd1\xf0)`\x8fO\xc1\x90\xceB\
\xb4\x13\x5c\x02 \x22\x22\xf2!6\x00DDD>\xc4\
\x06\x80\x88\x88\xc8\x87\xd8\x00\x10\x11\x11\xf9\x10\x1b\x00\x22\
\x22\x22\x1fb\x03@DD\xe4Cl\x00\x88\x88\x88|\
\x88\x0d\x00\x11\x11\x91\x0f\xb1\x01 \x22\x22\xf2!\xee\x04\
H\xb6\xda:\x96G{\x22\x8b-cy\x0ce\xf2\x1f\
\xf8\xffQ\xe5J\xa8\xd1\x11\xcb\xc6O\xf5\xee\x81\xec\xd0\
XY\xaf\xad:\xf44\x04\x96|\xd2\xe4D\xff\x94n\
kCf}y\xd9\xb6\xa5\xf7DKv\xa6\xc9\x89\xfe\
\xa9\xbd\xaf\x01\xbf\x1f)/[\xc2\xc8c4o\xdd6\
\xafa\x05X\xa6\xfek6\x05\x0a\x9a\xc3*\xda\xaaU\
L\xab\x0e`J\x95\xcd\x9fu\x12\xfdP\xda\xdf\x00:\
\xdf\x02\xbaV\x03Yn\x05\xfc\x01\xd5\xcd0Z\x17A\
i]\x0cc\xea\x12@\xe1\xe7Q\xbb\xb1\x01 [\x0c\
e\xf2\xb8wK\x0a\xab\x87\xb3\x1f\xf2\x95\xfb\x01V\x1e\
\xab\x9e\x04\x90\xcc\x95\xf7\xda\xc9\xbb\x01\x93MM\xf3A\
\xc3efC3\xaa\xd0lj\x94\xf7\x1a\xcd\x01kR\
\xe5f\x03\xac\x9el\xdc\x8e\x9dd\xeb-\xfck\xaf\xc6\
\x10Nl\x8b \x1a\xb4\xe1\x98\xd9\xe5\x0f@}\xe2\xa7\
@\xca\xbaF\xd6+\x947\x1f,\xfc\xbbmO\x18\xc7\
_\x0d\xa3\xd9\xba&\x96>\x88-\x17Yn\xc3H\x0e\
\xd7\xaf\x1e\x1bG\xf1'\xb2\xc6\x1b\x03\x19\x5c\xb7z\x0c\
\xdb\x12\x1f\x9cu2\x8d\x91\x87z\xff\xb7\xa0>t9\
\x8b\x7f\xa9\xb6.\x83\xf2\xfb\xd3\xa1\xac|L:\x89\xaf\
\xb0\x01 K%\xb2\x06\xfe\xbc9\x89D\x96G\xa2\x90\
\xac\xe1L\x1ewmJ\xc0\xaa\x1fE\xe5\xa5\xdb\x80U\
OXsq?\xc8\xa6\xa0<r%0\xb8M:\x89\
o\xb0\x01 K=\xb0-\xb5\xc3\xb5~\x22\x09\xdbS\
y<\xd9i\xc1z|\xefF(\xcf\xdc`\xfeu\xfd\
&=\x06\xe5\xe1+\xa4S\xf8\x06\x1b\x00\xb2L&o\
\xe0\x8d\x81\x8ct\x0c\xa2\x7f\xb1\xb4\xcf\xfc\x06@Y\xf9\
(\x90K\x99~]?R6\xbd\xccY\x00\x9b\xb0\x01\
 \xcblM\xe4ap\xe6\x9f\x1cf8k`\xd0\xe4\
Y)\xa5\xe3MS\xaf\xe7wJ'\xbf\x9fv`\x03\
@\x96\xd9\x9a\xa8\xe4\xaeq\x22\xebl\x1b3yYj\
\xfb\xdb\xe6^\xcf\xef:\xf9\xfd\xb4\x03\x1b\x00\xb2LM\
\xc0\x86G\xae\x88\xcaP\x132\xf7g\xd3\x886\x98z\
=\xdf\x8b6J'\xf0\x056\x00d\x99i\xd5V>\
\xd0OT\x1eU\x81\xe9\x1b\x03)S\x16\x99z=\xbf\
3\xf8\xfd\xb4\x85/\x1a\x80\xbc\xa1\xf2\xa3\xa8\x80\x96\x88\
\x8aj\xce\x02\x90\xc3L\xa9R\x116\xf9-\xc1h\xdb\
\xcb\xd4\xeb\xf9Z \x04LY(\x1a!\x9b\xcd\xfb\xa2\
6\xfa\xe2\x0f\xf9\xd6\xe0\xec}\xa53\xf8\x91\x02\xe0\xf8\
\xb6\x88t\x0c\xa2w)\x00\x8ek\xad2\xfd\xba\xc6\x92\
O\xc3\x980\xc7\xf4\xeb\xfa\x91q\xd8W\x80p\x8dh\
\x86\xbf=\xfb\xf6I\xa2\x01l\xe2\xf9\x06 \xa6\xe9\x87\
u\x8eM`{.d\xdf\xa6\x10\x16\xd5s\xc7ir\
\x86\x03[\xc2\x98Sg\xc1\xd2T \x04\xe3\x84k\x00\
\x95\xcb^\x950Z\x17\xc38\xf0\x1c\xe9\x18\xe8\xdc>\
x|L\xd3\x0f\x93\xcea5O7\x001Mo\x00\
p\x9b\x01\x85\xf3\xd0\x82N\x9fQ\x85\xfd\x9b\xad;\x0c\
\x86\xe8\xc3(\x0ap\xd8\xc40\x8eo\x0b[7\xc8\x94\
\x850N\xfb\x15P7\xc9\xba1<\xcc\x98w$p\
\xea/\x00U\xbe,\x19\x85\xdax[\xb1\x86x\x96\xd7\
?\x9a\xdd\x08\x80\xa7K\x08\x8b\x04\x14\x9c2\xbd\x0a{\
4\x04\xf1TW\x1a\x1d\x89<\xd2yn\x10@\xd6\x8b\
\xa8\x0a\xda\xaaU\xc4\xa6D0\xab\xc6\xfaO\xe7\xc6\xec\
C`|\xf1>(O\xff\x0a\xca\xbag\x81\xc1\xad\x96\
\x8f\xe9j\x810\x8cI\xf3\x80\xfd\xcf\x82\xb1\xf88\xe9\
4\xef7\x13\x85\x1ar\x96t\x10\xabx\xb6\x01\x88i\
\xfaY\x00>'\x9d\x83\xfeiA}\x10\x0b\xea\x83\xc8\
\x1b@Wj\xc7\xc7\x01\x13\x99A\x81\x82\xa6\xb0\x82\x96\
\x88\x0a\xdb\xa7\xff\x22\xb50\x8e\xbe\x14\x06\x00$\x06\xa0\
t\xaf\x05\xb2\xdc%\xf0\xfd\x8c\xea\x16`\xe2\x5c \xe0\
\xe82\xf4\xb9\x98\xa6?\x1c\xd7\xb5\xdb\xa5\x83X\xc1\xd1\
\xdf\xf9r\xc54}\x16\x0a\x9d\x1b9\xd0;\x8fa\xd9\
~F;\x91\xdd\xa2\x8d0f\xec/\x9d\x82*sc\
L\xd3\x9f\x8b\xeb\xdaF\xe9 f\xf3\xdc;pL\xd3\
\x03\x00n\x03P/\x9d\x85\x88\x88\x5c\xaf\x1e\x85\xfb\x01\
<w\x87\xa7\xe7\x1a\x00\x00\xdf\x04p\xa8t\x08\x22\x22\
\xf2\x8cCQ\xa8-\x9e\xe2\xa9\x06 \xa6\xe9s\x00\x5c\
%\x9d\x83\x88\x88<\xe7\xaab\x8d\xf1\x0cO5\x00\x00\
n\x02\x10\x95\x0eADD\x9e\x13E\xa1\xc6x\x86g\
\x1a\x80\x98\xa6\x9f\x03\xe0(\xe9\x1cDD\xe4YG\x15\
k\x8d'x\xa2\x01\x88i\xfad\x00\xd7J\xe7 \x22\
\x22\xcf\xbb\xb6Xs\x5c\xcf\x13\x0d\x00\x80_\x01h\x92\
\x0eADD\x9e\xd7\x84B\xcdq=\xd77\x001M\
\xff4\x80\xd3\xa4s\x10\x11\x91o\x9cV\xac=\xae\xe6\
\xea\x06 \xa6\xe9\xf5\xe0\x86?DDd\xbf\x1b\x8b5\
\xc8\xb5\x5c\xdd\x00\x00\xf81\x806\xe9\x10DD\xe4;\
m(\xd4 \xd7rm\x03P<\xaa\xf1+\xd29\x88\
\x88\xc8\xb7\xbe\xe2\xe6c\x83]\xd9\x00\x14\xb7d\xbc\x11\
\xb0\xff\x9c\x0f\x22\x22\xa2\x22\x05\x85\xa5\x00Wn\x13\xec\
\xca\x06\x00\xc0\x97\x00,\x91\x0eADD\xbe\xb7\x04\x85\
\x9a\xe4:\xaek\x00b\x9a\xde\x04\xe0j\xe9\x1cDV\
X\x97\x19\xc3\xba\xcc\x186e\x13h\xcf&\xd1\x99K\
\xa1'\x97\xc6p>\x8b\x5c\xe1\x80Y\x22r\x9e\xab\x8b\
\xb5\xc9U\xdcx\x1c\xf0\x15\x00Z\xa4C\x10YaS\
6\x89\xb4\x91\xdf\xe9\xff\xafRT\xd4\xa8\x01\xd4(\x01\
\xd4\xa8\x014\xaa!\xd4\xabA\xae\x85\x11\xc9jA\xa1\
6}C:H)\x5c5\x03\x10\xd3\xf4\xdd\x01\x5c \
\x9d\x83HJ\xd2\xc8\xa37\x97\xc1\xe6l\x12+\xd3\xa3\
x>9\x80'\x13\xbdX\x9a\x1a\xc2\xc6l\x02\xc3\xf9\
\xactD\x22\xbf\xba\xa0X\xa3\x5c\xc3m3\x00?\x87\
\xfb2\x13Y*k\x18\xe8\xce\xa5\xd1\x9dK\x03\x00\xc2\
\x8a\x8a\xa9\x81\x08\xa6\x06#\xa8W\xf9\xebBd\x93 \
\x0a5\xeaX\xe9 \xe3\xe5\x9a\x19\x80\x98\xa6\x1f\x0f\xe0\
\x18\xe9\x1cDN\x976\xf2\xd8\x98M\xe0\x1f\xc9\x01<\
\x9b\xec\xc7\x86L\x02\xa9],+\x10\x91i\x8e)\xd6\
*WpE\x03\x10\xd3\xf4\x10\x0a\x9d\x15\x11\x95`$\
\x9f\xc3\xaa\xcc(\xfe\x96\xe8\xc3\x1b\xa9a.\x11\x10Y\
\xef\xe7\xc5\x9a\xe5x\xaeh\x00\x00\x5c\x04`\xbet\x08\
\x22\xb72\x00t\xe4Rx.9\x80WSC\x18d\
#@d\x95\xf9(\xd4,\xc7s|\x03\x10\xd3\xf4\x89\
\x00.\x97\xceA\xe4\x15]\xb94\x9eO\x0e\xe0\x95\xd4\
 \x86\xd8\x08\x10Y\xe1\xf2b\xedr4\xc77\x00(\
<Z\xd1 \x1d\x82\xc8kzr\x19<\x9f\x1c\xc0\xca\
\xf4(\xb2\x06\xf7\x18 2Q\x03\x0a\xb5\xcb\xd1\x1c\xdd\
\x00\xc44}\x06\x80\xf3\xa4s\x10y\x95\x01`S6\
\x81\xbf'\xfb\xd1\x91KI\xc7!\xf2\x92\xf3\x8a5\xcc\
\xb1\x1c\xdd\x00\x00\xb8\x0c@X:\x04\x91\xd7\xa5\x8c<\
\xdeH\x0d\xe3\xe5\xd4 \x92|b\x80\xc8\x0ca\x14j\
\x98c9\xb6\x01\x88i\xfan\x00\xce\x91\xceA\xe4'\
\xbd\xb9\x0c\xfe\x91\x1cxwO\x01\x22\xaa\xc89\xc5Z\
\xe6H\x8em\x00P\xb8\xf1\x8f\xbb\x98\x10\xd9,m\xe4\
\xb145\x84U\x99Q\x9e>@T\x99 \x1c|\x13\
\xbb#\x1b\x80\x98\xa6/\x00p\xb6t\x0e\x22?\xdb\x90\
I\xe0\xc5\xe4\x00\x97\x04\x88*sv\xb1\xa69\x8eS\
?a\x7f\x1f\x80+\xcfW&\xf2\x92\x81|\x16\xcf'\
\x07p@\xa4\x01\xb5\xaa\xb3\x7f%\xd5D\x02\xe1\xf6v\
 \x9f\x93\x8eB\xe3\x90kh@fJ\xabt\x0c;\
\x04P\xa8i\x9f\x15\xce\xf1\x01\x8ek\x00b\x9a\xbe\x07\
\x80\xd3\xa5s\x10\xed\x88\x92\xcd\x22\xd4\xd9\x81p{;\
\x82\xdb;\xa1&\x12\x85\x7f\x92\x09\xa8\x89$\x94d\x02\
}\x9f\xfb<R\xb3fIG5M\xca\xc8\xe3\xc5\xd4\
\x00\xf6\x8d\xd4\xa3Iu\xd6\x06g\x81\xe1!\xb4\xfc\xf1\
\x0f\x88._\x86\xf0\xd6v\x80\x8f3\xbaJ\xae\xae\x0e\
\xa99s1p\xe2\xc9\x18\xdd\xff\x00\xe98V:=\
\xa6\xe9\xd7\xc4um\x85t\x90\xf7r\x5c\x03\x00\xe0J\
8ti\x82\xfcEM&Q\xf5\xe6\x0aD\xdf\x5c\x81\
\xc8\xe6M\x08\xb5oA\xa8\xb3\x13Jn\xd7\x9f0\x07\
>u\xa2M\x09\xed\x931\x0c\xbc\x92\x1c\xc2^\x91:\
L\x0a8\xe3\xc1\x9c\x9a\x97^\xc2\xa4_\xff\x02\xc1\xfe\
>\xe9(T\xa6\xc0\xf00\xaa_\x7f\x0d\xd5\xaf\xbf\x86\
\xc1\xa3?\x89\x9es\xbf\x84|u\xb5t,+\xa8(\
\xd4\xb6S\xa4\x83\xbc\x97\xa3\x1a\x80\x98\xa6\xef\x03\xe0d\
\xe9\x1c\xe4OJ6\x8b\xaa\xb7\xdeD\xf5\xf2e\x88\xbe\
\xf1:\xaa\xd6\xac\x86\x92\xe5Ny\xef\xc8\xc1\xc0k\xa9\
!,\x09\xd7aj0\x22\x9a\xa5\xe6\xd5W0\xf5j\
\xc7\xef\xb3B%hx\xfc1\x84\xb6o\xc7\xd6\xab\x7f\
\x08(\x8at\x1c+\x9c\x1c\xd3\xf4}\xe2\xba\xf6\x9at\
\x90w8\xaa\x01@\xa1C\xf2\xe4\xdf<9W\xd5\xdb\
+Q\xff\xd7'Q\xf7\xf7\xa7\xa1\x8e\x8cH\xc7q4\
\x03\xc0\xf2\xf40\x82\x8a\x226\x13\x10\x18\x19\xc1\xa4_\
\x5c/26Y\xab\xfa\x8d\xd7\xd1\xf8\xe8C\x188\xf6\
\x04\xe9(VPP\xa8q\x9f\x96\x0e\xf2\x0e\xc74\x00\
\xc5\xb5\xffOI\xe7 \x7f\x08vu\xa1\xfe\xafO\xa0\
\xfe\xa9\xbf\x22\xb4m\xabt\x1cW1\x00\xbc\x91\x1a\xc6\
\xfeU2\xf7\x044\xdd\xf9'\x04\xfbzm\x1f\x97\xec\
\xd1\xf2\xfb\xdfc\xf0\xe31\x18\x11\xd9Y&\x8b|*\
\xa6\xe9{8\xe5^\x00\xc74\x00\x00.\x91\x0e@\xde\
\x17\xde\xbc\x09\xcdw\xdf\x89\xbag\x9e\x06\xf2|\xbc\xad\
\x5c9\x18x55\x84\x03#\x8d\xb6?\x1d\x10}\xcb\
\x11\xef\x9dd\x115\x99@\xd5\x86\xf5H,\xdc]:\
\x8aU.\x81C6\xb9s\xc4\xcdv1Mo\x05\xf0\
9\xe9\x1c\xe4]\x91\xb5k\xd0\xfa\xc3\xab1\xf3\xc2\xaf\
\xa2\xeeoO\xb1\xf8\x9b c\x18\xb6o\x1d\xacd\xb2\
\x88lXo\xdbx$\xa3j\xf5*\xe9\x08V\xfa\x5c\
\xb1\xe6\x89s\xca\x0c\xc0E\xe0\x9e\xffd\x81\xf0\xd6v\
L\xf8\xed\xcd\xa8y\xe5e\xe9(\x9e\x942\xf2x=\
5\x84\x03\xab\x1am\xb9y'02\x04%\xc3\x1b3\
\xbdN\xed\xeb\x97\x8e`\xa50\x0a5\xef\xbf\xa4\x83\x88\
\xcf\x00\xc44\xbd\x06\xc0W\xa4s\x90\xb7(\xa9\x14Z\
\xfe\xf0?\x98q\xe1WY\xfc-6\x90\xcfbUz\
\xd4\x96\xb1\xb2M\xcd\xc856\xd92\x16\xc9I\xef\xe6\
\xd8\xed\xf3\xcd\xf2\x95b\xed\x13%\xde\x00\x008\x17\x00\
\x7f\xa3\xc94\xb5/<\x8fY_\xfd\x12\x9a\xef\xbe\x93\
\x8f\xf1\xd9dc6\x81.\x9b\x0e\x10J\xce\x9dk\xcb\
8$'\xe5\xfd\xbf\xe3&\x14j\x9f(\xd1\x06 \xa6\
\xe9\x01\x00\xdf\x90\xcc@\xde\x11\x18\x1e\xc6\xd4\x1f\x5c\x85\
\xd6k\xaeB\xb0\xbbK:\x8e\xef,O\x0f#a\xc3\
\xfd\x00#G|\xcc\xf21HNr\xde<\xa4[\xa7\
J\xc7\xb0\xc37\x8a5P\x8c\xf4\x0c\xc0)\x00f\x0b\
g \x0f\xa8z{%f|\xfdB\xd4\xbc\xf8\xbct\
\x14\xdf\xca\x18\x06\x96\xa7\x86-\x1fg\xe8\xc8\x8fa\xe4\
\xa0\x83-\x1f\x87\xecg\x04C\xd8\xfe\x8doyu#\
\xa0\xf7\x9b\x0d\xe1\x9d\x01\xa5\x1b\x00>\xfaG\x951\x0c\
4\xdd\x7f/\xa6]\xfa\x1f\xfc\xd4\xef\x00}\xf9\x0c\xb6\
eS\x96\x8f\xd3u\xe1\xd7\x90n\x9bf\xf98d#\
UE\xcfy_Bz\xc6\x0c\xe9$v\x12\xad\x81b\
\x0d@L\xd3\x0f\x07\xf0\x11\xa9\xf1\xc9\xfd\xd4\xb11L\
\xfd\xc1\x95\x98\xf0\xfb\xdfr\xad\xdfAVeF\x91\xb5\
\xf8P\x9e\x5cC#6\xff\xf2\xd7\xe8?\xe9d@\xf5\
\xc5\xa7EOK\xcf\x98\x81-?\xbb\x0e\x03\xc7yr\
\x07\xc0]\xf9H\xb1\x16\x8a\x90|\x0c\x90\x9f\xfe\xa9l\
\x81\x81~\xb4]\xf1=D\xd6\xaf\x93\x8eb\xaaf5\
\x84\x11#\x8b\x94\x91G\xc6\xa5'\xdb\xa5\x8c<\xd6d\
\xc6\xb0{\xd8\xda\x9b\x9c\x8dp\x04=\xe7~\x09CG\
\x1f\x83\xe8\x8a\x15\x88\xac]\x83\xf0\x96\xcd\x1fzX\x13\
9C\xae\xb1\x11\xa9\xb9\xf3\x90\x9c7\x1fc{\xed\x03\
#\xe4\x94\xa7\xd2mw\x09\x80\xbfK\x0c,\xf2\x1d\x8f\
iz\x1b\x00\xdf\xb5zd\x8ePg'\xda.\xff/\
\x84::\xa4\xa3\x98n\xefH\xdd\xbb\xff\x9d\x87\x81\xa4\
\x91G\xca\xc8c0\x9fEW6\x8d\xfe|\x06nh\
\x0b6g\x13\x98\x16\x8c\xa0N\xb5\xfe-&=}\x06\
\xd2\xd3}5mL\xderBL\xd3\xdb\xe2\xbaf\xfb\
\x9e\xe4RK\x00\xe7\x00\x10\xbd\xfb\x91\xdc)\xb2~=\
\xa6\x7f\xfbbO\x16\xff\xf7S\xa1\xa0Z\x09\xa0I\x0d\
aV0\x8a\x8fT5\xe0\xe3\xd1\x16\xec\x19\xae\xc3\x94\
@\x04\x01\x07\x9f\x9be\x00X\x9d\x19\x93\x8eA\xe4\x06\
\x01\x08m\x0dl{\x03\x10\xd3t\x05\x0ex\xfe\x91\xdc\
\xa7j\xd5\xdb\x98v\xe9\xb7\x11\x18\xf0\xf4.a\xbb\x14\
R\x14L\x0dF\xb0w\xa4\x0e\x1f\x8b6c\xb7P\x14\
\xaaC\x1b\x81\xee\x5c\x1aCy\xde\x9bA4\x0e\xe7\x16\
k\xa3\xad$f\x00b\x00f\x09\x8cK.\x16\xde\xb2\
\x05S\xaf\xbc\x1c\xea\x18?U\xbe#\xa8(\x98\x1f\xaa\
\xc1G\xa3Mh\x0bF\x1c\xd9\x06\xac\xe3,\x00\xd1x\
\xccB\xa16\xdaJ\xa2\x01\xf8\xa2\xc0\x98\xe4b\xc1\x9e\
\x1e\xb4]\xfe]\x04\x86\xad\x7f\xc6\xdc\x8d\xaa\x14\x15K\
\xc2u8\xa4\xaa\x11\xcd\x02\xc7\xf3\xee\xca\xf6\x5c\x1a#\
y\xde\x94G4\x0e\xb6\xd7F[\x1b\x80\x98\xa6O\x04\
p\xa2\x9dc\x92\xbb\x05\x86\x87\xd1v\xf9w\x11\xec\xe9\
\x96\x8e\xe2xuj\x10\x07T5`f0*\x1d\xe5\
_p\x16\x80h\x5cN,\xd6H\xdb\xd8=\x03\xa0\x81\
\xa7\xfe\xd18)\x99\x0c\xa6^u\x05\xc2[6KG\
q\x0d\x05\xc0\xee\xe1\x1a\xec\x11\xaeu\xcc\x92@g.\
\x85\x94\x8dG\x06\x13\xb9T\x18\x85\x1ai\x1b\xbb\x1b\x00\
N\xff\xd3\xb8M\xf8\xdd-\xa8z{\xa5t\x0cW\x9a\
\x16\xac\xc2G\xaa\x1a\x10V\xa47\xfb,<\x11`\xc7\
\xee\x80D\x1e`k\x8d\xb4\xed\xdd\xa1\xb8\xdb\xd1\x02\xbb\
\xc6#w\xab}\xeeY4>\xf4\x17\xe9\x18\xae\xd6\xa4\
\x86p\x90C\x9a\x80\xad\xb9\xa4t\x04\x227X`\xe7\
\xce\x80v\xbe3\x9cg\xe3X\xe4b\xa1\x8e\x0eL\xfe\
\xd5\xf5\xd21<\xa1Z\x09`\x9fH\x9d\xf8\xa1\x1f#\
\xf9\x1c\x1f\x09$\x1a\x1f\xdbj\xa5-;\x01\xc64\xbd\
\x01\xc0\xa9v\x8cE\xee\xa6d2h\xfd\xe9\x8f\xa0\x8e\
\x8eJG\xf1\x8c&5\x84\xc5\xe1Z,O\x8f\x88\xe6\
\xd8\x96M\xa1>l\xfe[N\xb0\xa7\x1b\xd1\x95+\x11\
Y\xb3\x1a\xe1\xf6-\xdc\x0a\xd8%r\x0d\x8dH\xce\x9b\
\x87\xe4\xdcyH.X\x08\xa8\xd2m\xaac\x9c\x1a\xd3\
\xf4\x8b\xe2\xba6h\xf5@vm\x05\xfc\x19\x00\xce\xba\
5\x99\x1c\xa9\xf9\xce?!\xb2v\x8dt\x0c\xcfi\x0b\
Va\xc4\xc8aC&!\x96a[.\x85\x850\xef\
|\x00%\x97C\xd3\xddw\xa2\xf9\xce?\xf10(\x97\
\xaa{\xeaI\x00@r\xc1\x02l\xff\xfa%HO\x9f\
.\x9c\xc8\x11\xa2(\xd4\xcc[\xad\x1e\xc8\xae\x96\xeb\x0c\
\x9b\xc6!\x17\x0bm\xdb\x8a\xa6\xfb\xee\x91\x8e\xe1Y\xf3\
C5h\x09\xc8\xed\x13\x906\xf2\x186i\x19@\x1d\
\x1d\xc5\xf4K\xbe\x81\x96\xdb\xff\xc8\xe2\xef\x01U\xabV\
a\xc6\xd7/x\xb7! {j\xa6\xe5\x0d@L\xd3\
[\x00\x1ce\xf58\xe4~\x93n\xfao(\x99\x8ct\
\x0c\xcfR\x00\xec\x1e\x92}<\xb07o\xce\xdf\xef\xa4\
\x9b\xfe\x1b\x91ukM\xb9\x169\x83\x92\xc9`\xd2\x8d\
\xbfF\xa8\xb3S:\x8a\x13\x1cU\xac\x9d\x96\xb2c\x06\
\xe0\x14\xc8\x1e;L.P\xfb\x8fgQ\xfd\xeaR\xe9\
\x18%3\x82Ad'NBr\xc1B\x8c\x1cr(\
\x06N\xf84\xb2\x93'K\xc7\xda\xa9Z5\x80\xb6`\
\x95\xd8\xf8\xbd\xb9\xca\x1b\x80\x9a\x17_\xe0'E\x8fR\
\x93IL\xfe\xe5u\xd21\x9c \x88B\xed\xb4|\x10\
\xabq\xfa\x9fvIM&1\xf1\x96\x9b\xa5c\x8cK\
\xbe\xaa\x0ac\xfb\xec\x8b\xd1\x83\x0e\xc1\xe8>\xfb\x22\xd7\
\xd8\x08(N\xd9rg|\xe6\x86\xaa\xd1\x91M!'\
p\xb0\xf0;\xc7\x19W\xf2\x1dk\x88?nV\x1cr\
\xa0\xe8\xf2e\x08umGf\x92s\x1bi\x9b\x9c\x01\
\xc0\xd27FK\x1b\x80\x98\xa6O\x06p\x84\x95c\x90\
\xfb5<\xfc\xa0\xa3\xb7\xfa\xcdWWc\xe4\x90\xc30\
r\xd0\xc1\x18\xdbg_\x18awofY\xa5\xa8\x98\
\x19\xaa\xc2z\x81\x1b\x02\xb3\x86\x81\xa1|\x16\x0dj\xf9\
o=\x91\xb5\xabMLDN\x14Y\xb3\x86\x0d\x00p\
DL\xd3'\xc7um\xbbU\x03X=\x03p*\x0a\
g\x1d\x13\xed\x90\x92N\xa3\xe9\x7f\xef\x93\x8e\xb1CF\
(\x84\xc1\xe3N@\xdf\x19g\x22WW/\x1d\xc7T\
\xbb\x05\xab\xb1)\x93\x14\x99\x05\x18\xc8g\xcan\x00\x02\
\x83\x03\x08\xf6\xf6\x9a\x9c\x88\x9c&\xb2n-F\x0e=\
L:\x86\xb4\x00\x0a5\xf4\x06\xab\x06\xb0\xba\x01\xe0\xf4\
?\xedRC\xfc1\x04\xfa\xfb\xa5c\xfc+E\xc1\xf0\
\x91\x1fC\xcf\xd9\x1a\xb2\x93&I\xa7\xb1DPQ0\
1\x10Fg\xce\xfe-zG+8\x1d0_]\x03\
#\x18\xe4\x9d\xff\x1e\x97\xaf\xf7V\xc3]\x813`a\
\x03`\xd9M\x801M\x9f\x0a\xc0\xf7-\x1c\xed\x9c\x92\
\xcd\xa2\xe9^g=\xf6\x97\x9a;\x0f\x9b\x7f\xf1kt\
^\xfcm\xcf\x16\xffwL\x0a\xc8,e\x8c\x18\xe57\
\x00F(\x84\xf4\x8c\x19&\xa6!'J\xce\x9d'\x1d\
\xc1)\x0e+\xd6RKX\xf9\x14\xc0i\xa8\xec^\x1f\
\xf2\xb8\xba\xa7\xfe\x8a`w\x97t\x8cw\x0d\x7f\xf4H\
l\xf9\xc9\xffCj\xf6n\xd2Ql11\x10\x16\xf9\
\x05\xadd\x06\x00\x00\x92\x0bw7)\x099\x91\x11\x0c\
\x225g\xaet\x0c\xa7PP\xa8\xa5\x96\xb0\xb2\x01\xe0\
\xf4?\xedR\xe3\x83\x0fHG(P\x14\xf4\xfe\xdb\xbf\
\xa3\xf3\xdb\xff\xe9\xfa\x1b\xfcJ\x11R\x144\xa9\xf6o\
\x0c\x942\xf2\xc8\x1a\xe5\xdf{\xd0w\xc6\xe7\x90\xab\xab\
31\x119I\xdf\xe7\xceF>\xca\x8dc\xdf\xc3\xb2\
ZjI\x03\x10\xd3\xf4V\x00\x07Yqm\xf2\x86\xf0\
\xa6\x8d\x88\xac_'\x1d\x03\xf9h\x14\xdb.\xbb\x02}\
\xa7\xf9\xb3_\x9d\x14\x94ixF+X\x06\xc867\
\xa3\xfb\xab\x17\x9a\x98\x86\x9c\x229o>\xfaN\xb1\xec\
\x03\xaf[\x1dT\xac\xa9\xa6\xb3j\x06\xe0\x18p\xfa\x9f\
v\xa1\xfe\xaf\xf2\x1b\xb9\x18\xc1 \xb6^\xf9\x03\x8c~\
\xe4@\xe9(b*y\x1c\xaf\x12)#_\xd1\xeb\x87\
\x0f\xff(\xb6\x7f\xed\x9b\xc8WW\x9b\x94\x88\xa4\x8d\x1e\
x\x10\xb6}\xef\xfb<\x14\xe8\x83\x14\x14j\xaa\xe9\xac\
\xfa\xed\xb7$,y\x84a\xa0\xeeoOI\xa7@\xd7\
\xf9\x17!\xb9\xfb\x22\xe9\x18\xa2\x22\x8a\xcc\x9bm\xae\x82\
%\x80w\x0c\xc5\x8e\xc6\xd8>\xfb`\xc2\xad\xbfC\xf5\
\xf2e\xce{\x9a\x84>\x94\x11\x0a!5k6\x06>\
}\x12\x86\x8f\xfc\x98t\x1c';\x06\x16\x1c\x0edz\
\x03\x10\xd3\xf4\x00\x80\x98\xd9\xd7%\xef\xa8~\xe35\x04\
\xfbd\x9f\xe5\x1e\xf8\xf4I\x18\x8a\x1d-\x9a\xc1\x09\xaa\
\x84\x1a\x80\xacI\xfb\x0fd'LD\xe7\xb7\xbf\x03\x00\
\x08\xf6\xf6\x22\xbce3\xc0\xe3\x80]!\xd7\xd8\x88\xf4\
\xccY0\x82\xdc)~\x1cb1M\x0f\xc4u\xcd\xd4\
\x1fn+\xbe\xf3\x1f\x01\xd0d\xc1u\xc9#\xea\x9e~\
Zt\xfc\xb1\xbd\xf7E\xf7\xb9\xe7\x89fp\x0a\x15\x0a\
B\x8a\x82\x8c\x09\x9f\xc8Ka\xc5\x06D\xd9\x96\x16d\
[,??\x85HB\x13\x0a\xb5\xf5y3/jE\
\xfb\x7f\xac\x05\xd7$\x0f\xa9~\xe3u\xb1\xb1sMM\
\xe8\xf8\xcfK\xb9\xce\xf8\x1e\x12\xcb\x00\x95<\x05@\xe4\
S\xa6\xd7V+f\x00\xb8\xfeO;\x15\xea\xe8\x10}\
\xf6\xbf\xf7\xb3g!_[+6\xbe\x13U+\x01$\
\x95\xcan\xca#\x22\xcb\x1d\x03\xe0r3/hj\x03\
\x10\xd3\xf4\x09\x00\xf63\xf3\x9a\xe4-\xd5\xcb\xde\x10\x1b\
;\xdd\xd6\x86\xa1\xa3\xd9\x9f\xbe\xdf\xbe\x11n\xbbJ\xe4\
\x02\xfb\xc54}B\x5c\xd7z\xcc\xba\xa0\xd9s\x7fG\
[pM\xf2\x90\xe82\xb9\xe9\xff\xde\x7f\xfbw\x18\x01\
\x9eMED\xae\xa4\xa2PcM\xbd\xa0\x99\xb8\xfeO\
\xbbT\xbdl\x99\xc8\xb8\xc9\x05\x0b0r\x08\x8f\xa6 \
\x22W3\xb5\xc6\x9a\xd6\x00\xc44]\x81\xc9\xdd\x09y\
K\xb0\xa7\x1b\x81\x01\x99g\xb5\xfb\xce<Kd\x5c\x22\
\x22\x13\x1d]\xac\xb5\xa60s\x06`_\x00\xde>>\
\x8d*\x12n\xdf\x222n\xbe\xa6\x06c{\xef#2\
6\x11\x91\x89&\xa1PkMaf\x03p\x84\x89\xd7\
\x22\x0f\x0aoi\x17\x19wt\xbf\x03\xb8\xd9\x08\x11y\
\x85i\xb5\xd6\xccwE.\xb0\xd2.\x85\xb6\xca4\x00\
#\x07\x1f,2.\xd9KM$\x10no\x07*<\
n\x98\xec\x91kh@f\x8a%g\xdcx\xdda\x00\
~n\xc6\x85\xccl\x00\x0e5\xf1Z\xe4A\x12K\x00\
F(\x84\xb1\xfd\x0e\xb0}\x5c\xb2G`h\x10-\xb7\
\xfd\x11\xd1\xe5\xcb\x10\xde\xda\x0ep\x83!W\xc9\xd5\xd5\
!5g.\x06>}\x12F\x0f\xf8\x88t\x1c\xb70\
\xad\xd6\x9a\xb2\x04\x10\xd3\xf4y\xe0\xfa?}\x08\x89\x06\
`l\xcf\xbdx\xb6\xb8G\xd5\xfe\xe3Y\xcc<\xff+\
hx\xe4\xa1\xc2\xcf\x16\x8b\xbf\xeb\x04\x86\x87Q\xfd\xfa\
k\x98z\xd5\x15\x98|\xdd\xb5\x08\x8c\x8cHGr\x83\
I\xc5\x9a[1\xb3\xee\x01\xe0\xa7\x7f\xfaP\x81\xa1!\
\xdb\xc7L\xcf\xde\xcd\xf61\xc9z5/\xbd\x84\xd6\x1f\
]\x83\xc0\xe0\x80t\x142I\xfd_\x9f@\xeb5W\
\xb1\x91\x1b\x1fSj.\x1b\x00\xb2\x85\x92\xcbA\xc9d\
l\x1f7\xdb\xcc\xc3a\xbc&0<\x8cI7\xfcB\
:\x06Y \xbab9\x1a\x1f~P:\x86\x1b8\xaa\
\x01\xe0\x0d\x80\xb4KJ2)2n\xb6\xb9Yd\x5c\
\xb2N\xd3]\x7fB\xb0\xafO:\x06Y\xa4\xe5\x7f~\
\x0f%\x95\x92\x8e\xe1t\xa6\xd4\xdc\x8a\x1b\x80\x98\xa6\xb7\
\x00X`B\x16\xf205\x91\x10\x19\x97\x0d\x80\xf7D\
\xdfzS:\x02YHM&Q\xb5a\xbdt\x0c\xa7\
[P\xac\xbd\x151c\x06\xe0P\x00\xa6\xedLD\xde\
\xa4&e\x1a\x80\x1c\xcf\x87\xf7\x14%\x93E\x84\xc5\xc1\
\xf3\xaaV\xaf\x92\x8e\xe0t\x0aLX\x060\xe31@\
\xae\xff\xd3\x87R\x8d\x04\xd2GL\xb0}\xdcl\x93?\
f\x00B\xa9\xcd\x08%\xed}\xca\x22\x17lD\xaaf\
\xb1\xadc\x06F\x86\xa0d\xb2\xb6\x8eI\xf6S\xfbd\
\xb6\x0cw\x99C\x01<P\xc9\x05\xcch\x00\xb8\xfeO\
\x1f\xcah\xce r\xf0#\xb6\x8f\xab*\xc3\xc8\xc1\xfb\
M@\xd3\xd6\x1b\xd1\xd8\xf1[[\xc7\x1cm\xfa\x04\xb6\
.\xfa\xed\x0d\x07\xed\x00\x00 \x00IDAT\xb3\xad\
cf\x9b\x9a\x91kl\x12;S\x82\xec\x91\xde\x8dO\
\xef\x8cC\xc5\xb5\xb7\xa2%\x80\x98\xa6\x87\x01\xecWi\
\x08\xf2\xbe|\xa0Vd\xdc`\xbaSd\x5c\xbbI\xfc\
9\xf3\x81:\xdb\xc7\x04\x80\xe4\xdc\xb9\x22\xe3\x92}R\
\xfc;\x1e\x8f\xfd\x8a5\xb8l\x95\xde\x03\xb0\x08@\xa4\
\xc2k\x90\x0f\xe4\x035\x22\xe3\x06\xd2\xdbE\xc6\xb5[\
P\xe0\xcf)\xd5\xd4\x8d\x1c\xf11\x91q\xc9\x1e\xc9y\
\xf3\x90n\x9d*\x1d\xc3\x0d\x22(\xd4\xe0\xb2U\xda\x00\
,\xa9\xf0\xf5\xe4\x13R\x0d\x80_f\x00\x02>\x9a\x01\
\x18:\xf2c\x189\x88\xe7;x\x91\x11\x0ca\xfb7\
\xbe\x05(\xbc\xaf|\x9c*\xaa\xc1\x956\x00{V\xf8\
z\xf2\x09C\x8d\xc2\xdc\xc3'\xc7\xc7/\x0d\x80\x9ff\
\x00\x00\xa0\xeb\xc2\xaf!\xdd6Ml|\xb2\x80\xaa\xa2\
\xe7\xbc/!=c\x86t\x127\xa9\xa8\x06\xb3\x01 \
\xdbH\xcc\x02\x84R[m\x1f\xd3n\x81L7\x14#\
m\xfb\xb8\xf9\xa0\xcc\x0c\x00\x00\xe4\x1a\x1a\xb1\xf9\x97\xbf\
F\xffI'\x03*?-\xba]z\xc6\x0cl\xf9\xd9\
u\x188\xee\x04\xe9(nSQ\x0d\xae\xf4)\x006\
\x004n\x99\xaa\x19\x88\x8c\xda\xbb\x89K\xf5\xc0\xd3\xb6\
\x8e'\xa1F\xe8\xcf\x98\x89\xc8~R3\xc2\x11\xf4\x9c\
\xfb%\x0c\x1d}\x0c\xa2+V \xb2v\x0d\xc2[6\
C\xc9\xf18`7\xc856\x225w\x1e\x92\xf3\xe6\
cl\xaf}`\x84\xcc<\x9c\xd67d\x1a\x80\x98\xa6\
O\x000\xa5\x92\xc1\xc9_\xd2\xd1\xf9\xb67\x00\xa1\xe4\
\x06D\xc6V\x22U\xbd\xbb\xad\xe3\xda\xa9\xb6\xf7!\x91\
q\xd3\xd19\x22\xe3\xbe_z\xfa\x0c\xa4\xa7s\xda\x98\
|iJL\xd3'\xc4u\xad\xa7\x9c\x17W\xb2\x04\xc0\
O\xffT\x92t\xd4\x94\x13,KV\xd3\xfb\xb0\xc8\xb8\
vP\xf2)T\x0f<)0\xb2\x8aL\x15\x9f\xd5&\
r\x80\xb2k1\x1b\x00\xb2M:*\xf3lo]\x9f\
\xcc'd;T\x0f\xfc\x0djn\xcc\xf6q3U\xd3\
a\xa8\x15=\x82LD\xe6`\x03@\xce\x97\xae\x96\x99\
\x01\x88\x8c,C0\xd5.2\xb6\xd5j\xfbdf7\
\xa4\x9a9\x22\xfa\x00\x91\x06\x80{\x00PI\xd2\xd1\xb9\
\x80\x12\x10\x19\xbb\xb1\xf3\x0f\x22\xe3Z)\x90\xedC]\
OE[\x81\x97-\x1d\x9d/2.\x11}@\xd9\xb5\
\xb8\xac\x06 \xa6\xe9*\x00{O\x01!\xd73\xd4(\
\x92\xb5{\x8b\x8c\xdd\xb4\xed\xbfE\x9e\x95\xb7R\xf3\x96\
\xeb\xa0\xe6\x86E\xc6N4\x1c\x222.\x11}\xc0\xe2\
bM.Y\xb93\x00s\x01D\xcb|-\xf9\xd8X\
\x83\xcc\xd9QJ>\x81\x96-?\x15\x19\xdb\x0a\xa1\xd4\
\x164v\xfeNfp%\x80\xb1\x06\x1e\x02J\xe4\x10\
Q\x14jr\xc9*i\x00\x88J6\xd6p\xb8\xd8\xd8\
\xf5\xdboG8\xb1Vl|3\xb5l\xfa!\x94\xbc\
\xfd\x9b\xff\x00@\xb2f/\xe4\x03\xf5\x22c\x13\xd1\x0e\
\xd9\xda\x00\xcc.\xf3u\xe4s\x89\xfa\x03a(2w\
\x8f+F\x16\x136\xfd@dl3EF\xdfD}\
\xf7=b\xe3\x8f5~Tll\x22\xda\xa1\xb2jr\
\xb9\x0d\xc0\xac2_G>g\xa8Q$\xeb\xf6\x15\x1b\
\xbf\xb6\xf7A\xd4\xf5\xfc\xaf\xd8\xf8\x95R\xf2IL^\
\xfb5\x00\x86X\x86\xb1\x066\x00D\x0e3\xab\x9c\x17\
\x95\xbb\x13 g\x00\xa8l\xa3MG#:\xf4\x82\xd8\
\xf8S\xd6\x5c\x84tt\x0eR5\xee{\x90e\xca\xda\
\xaf\xa1j\xe4\x0d\xb1\xf1\xf3\x81z$\xea\x0f\x12\x1b\x7f\
G\x82\xdd\xdd\x88\xbe\xbd\x12\x915k\x10n\xdf\x0cp\
+`W\xc854\x225o\x1eR\xf3\xe6#1\x7f\
\x01\xa0\xda\x7fX\x98\x87\x94U\x93\xd9\x00\x90\xed\x86&\
\x9dZ\x9c\x8a\xcf\x8b\x8c\xaf\xe4\x13h[y66\xed\
\xf5$r\xa1\x09\x22\x19\xca\xd1\xdc~=\xea\xba\xef\x13\
\xcd0<\xe1D\xc7l\x00\xa4\xe4rh\xbe\xeb\xcfh\
\xba\xeb\xcfP\xb2Y\xe98T\x8e\xa7\x0a\xbbX&\xe7\
/\xc0\xf6o\x5c\xcc-\x9d\xcb\xc7%\x00r\x87lx\
*\xc6\x1ae\x9e\x06xG0\xb5\x15S\xdf\xd6DN\
\xd1+GM\xdfc\x98\xb0\xe9\x87\xd2104\xf14\
\xe9\x08\x00\x00ud\x04\xd3/\xf9:\x9a\xef\xb8\x8d\xc5\
\xdf\x03\xaaV\xaf\xc2\x8c\xaf]\x88\xfa\xa7$\xb6\xb5\xf6\
\x84Y\xe5\xbc\xa8\xe4\x06 \xa6\xe9\xf5\x00\x9a\xcb\x19\x8c\
\xe8\x1dC\x13\xcf\x90\x8e\x80\xe8\xd0\x8b\x98\xb2\xe6B\xc7\
7\x01\xd1\xe1\x97\xd0\xba\xfa\xcb\x90\x9a1yG62\
\x0d\x89\x86\x83E3\xbcc\xe2\xcd\xbfAd\xdd:\xe9\
\x18d\x22%\x9b\xc1\xc4\x1b\x7f\x8dPg\x87t\x147\
j.\xd6\xe6\x92\x943\x03\xc0\xe9\x7f\xaa\xd8H\xcb\x09\
\xc8\x07\xaa\xa5c\xa0\xae\xfb>L[q2\x02\x99\xb2\
\x0e\xd3\xb2\x5c\xc3\xf6\xdb1m\xf9IPs#\xd2Q\
04\xf1\x14\x00\x8at\x0c\xd4\xbe\xf8\x02?)z\x94\
\x9aLb\xd2/\xaf\x97\x8e\xe1V%\xd7\xe6r\x1a\x80\
Ye\xbc\x86\xe8_\xe4\x035\x18i9Q:\x06\x80\
\xc2L\xc0\xcc7\x8eBdt\xb9t\x94\x7f2r\x98\
\xb8\xe1\xbb\x98\xbc\xf6\xeb\x0e\x99\xa1P04\xe9L\xe9\
\x10\x00\x80\xba\xf8\xe3\xd2\x11\xc8B\xd5\xcb\x97!\xd4\xe5\
\xad];m2\xab\xd4\x17p\x06\x80\xc4\xf4M\xbb\x08\
N\xf8D\x09\x14\xee\x09\x98\xb1\xec8G<\x22\x18\xc8\
\x0e`\xda[g\xa0i\xdbM\xd2Q\xde5\xd2r\xac\
\xd8q\xce\xefW\xb5v\x8dt\x04\xb2X\xd5\x1a\xfe\x1d\
\x97\xc1\x96\x19\x006\x00d\x8att>\x86[>%\
\x1d\xe3]J>\x81\xd6U_\xc4\xd4\xb7\xff]d\xc7\
@\xc5\xc8\xa2\xa1\xf3\x7f0\xf3\xb5CP=\xf07\xdb\
\xc7\xdf\x95\xbei\x17KG\x00\x00\x04\x06\x07\x10\xecu\
\xe6r\x0d\x99'\xbc\xce\x1b;v\xda\x8cK\x00\xe4.\
}\xd3\x9dQX\xde\xab\xb6\xf7A\xcc|\xed0L^\
w\x89m\x07\x08\xd5\xf6\xfe\x053_;\x14\x93\xd7}\
\x0b\xc1t\x97-c\x8e\xd7h\xd3Qb\x878\xbd_\
\xbe\xa6\x06F\xb0\xdc\xa7\x97\xc9-\xf2\xf5\xdcj\xba\x0c\
\xb3J}A9\x0d@k\x19\xaf!\xda\xa1T\xcd\x1e\
\x18m>Z:\xc6\x07\x14>\x8d\xeb\x98\xbdt\x7fL\
\xd8\xf4C\x04S\xed\x16\x8c\x91AM\xff\x13\x98\xb1\xec\
\x93\x98\xfa\xf69\x08'\x9cyW\xbbS>\xfd\x03\x80\
\x11\x0c!=c\xa6t\x0c\xb2Xr.\x8f\x9b.C\
\xc9\xb5\xb9\x9cV\xda=;\xa7\x90+\xf4N\xff\x16j\
\xfa\xe2\x90\xdc\xdevg\x94|\x02\xcd\xed?Gs\xfb\
\xcf\x91\xaaY\x82\x91\x96\xe30\xd2|\x1cR5\xe5\x9d\
\x86\xad\xe6FQ3\xf0$j{\x1fBM\xff\x13P\
\xb3\x83&'6\xd7X\xc3\xe1H\xd4\x1f(\x1d\xe3_\
$\x16-Fd\xbd3\x9b%\xaa\x9c\x11\x0a#5w\
\x8et\x0c7*\xb96\x97\xd3\x00\xb4\x94\xf1\x1a\xa2\x9d\
J\xd6\xee\x8b\xa1Ig\xa0\xbe\xeb\xcf\xd2Qv)2\
\xba\x1c\x91\xd1\xe5h\xd9\xfc\x13d\xaafb\xac\xf1H\
d\x22\xd3\x90\x0dOF.<\x05\xd9\xe2?y\xb5\x06\
\xc1\xccv\x04\xd2\xdb\x11Lw\xbe\xfbOd\xf4-T\
\x0f>\x03%\x9f\x92\xfe\xa3\x8c\x8b\xa1\x04\xd1\xbd\x9b\xfc\
\xe6C\xef\xd7w\xc6\x99\xa8{\xfao\x08\x0c\x0fIG\
!\x0b\xf4\x9du6\xf2U<m\xbe\x0c%\xd7\xe6\x92\
\x1a\x80\x98\xa6\x87\x00pq\x86L\xd7=\xeb\xfb\xa8\xed\
{\xc4\xf1\x9f\x88\xdf\x11JnBC\xa7.\x1d\xc3R\
\x03S\xbf\x8cT\xf5\xee\xd21> \xd7\xd8\x84\xee\xf3\
/\xc0\x94\x9f\xfcH:\x0a\x99,9\x7f>\xfaN>\
E:\x86[\xd5\xc74=\x14\xd7\xb5\xccx_P\xea\
=\x00\xdc\x01\x90,\x91\x0bM@\xcf\x8c\xff\x92\x8eA\
E\xd9H\x1bz\xa7\xff\xa7t\x8c\x9d\x1a>\xec\xa3\xe8\
\xfa\xda7\x91\xaf\x96\xdfL\x8a\xcc1r\xe0A\xe8\xb8\
\xec\x0a\x1e\x0aT\x99\x92jt\xa9K\x00\x5c\xff'\xcb\
\x0c\xb4\x9e\x83\x86\xae\xdb\x11\x19Y&\x1d\xc5\xf7\xbaf\
_\xe3\x88\x9d\x1awe0v4F\xf7\xde\x07\x13\xfe\
\xe7w\x88._\x8e`\x7f\x9ft$*\x91\x11\x0c!\
\xb5\xdbl\x0c~\xea$\x0c\x1d\xf91\xe98^0\x01\
\xc0\xb8\x1f]*\xb5\x01\xe0\xfa?YH\xc5\xf69\xd7\
b\xfa\xb2c\xa1\x18<\xe0E\xcaH\xf3\xb1\x18i9\
A:\xc6\xb8d'ND\xe7\xb7\xbf\x03\x00\x08\xf6\xf6\
 \xdc\xbe\x05\x0a\x8f\x03v\x85lC\x13\xd23g\xf2\
\xb1Ns\x95T\xa3\xd9\x00\x90\xa3$k\xf7A\xcf\xcc\
\xcb0q\xe3\xf7\xa5\xa3\xf8R6\xd2\x86\xed\xf3~)\
\x1d\xa3,\xd9\x96\x09\xc8\xb6p\x92\x92|\xad\xa4\x1a]\
\xeab\x0b\x1b\x00\xb2\x5c\x7f\xdb\x05\x18m\xfa\x84t\x0c\
\xdf1\x94 :\xe6\xdf\x8c\x5c\xb0I:\x0a\x11\x95\xc7\
\xd2\x06\x80\xed5\xd9@A\xe7\xbc\x1b\x90\x0ds\xcf)\
;\xf5\xce\xb8\xd4q\xcf\xfc\x13QIJ\xaa\xd1\x9c\x01\
 G\xca\x85Z\xd0\xb1\xe0\x16@\x09HG\xf1\x85\xd1\
\xa6\xa3\xd07\xedk\xd21\x88\xa82\x5c\x02 oH\
\xd4\x1f\x84\xeds\xfe\x9ft\x0c\xcfKU/B\xc7\xfc\
\x9b\xe1\x94\x93\x19\x89\xa8l\x966\x00\x5c\x1c$[\x0d\
N\xfe<zf~O:\x86ge\xaafb\xeb\xe2\
\xbb\x91\x0f6HG!\xa2\xca\x95T\xa3Km\x00\x22\
%~=Q\xc5\xfa\xa6}\x1d\xfdS\xcf\x97\x8e\xe19\
\xb9\xd0\x04\xb4/\xbe\x07\xd9\xf0d\xe9(Dd\x8e\x92\
j4\x1b\x00r\x85\xee\xd9Wbh\xd2\xe9\xd21<\
#\x1f\xa8C\xfb\xe2\xbb\x91\xa9*\xf9\x08q\x22r.\
K\x1b\x80p\x89_Od\x12\x05\xdb\xe7\xfe\x12C\x93\
\xce\x90\x0e\xe2z\xb9`\x13\xda\x17\xdf\x8dT\xcd\x12\xe9\
(Dd\xae\x92j4g\x00\xc85\x0c%\x88\xcey\
\xbfF\x7f\xdb\x05\xd2Q\x5c+\x1bn\xc5\x96%\x0f\x22\
Y\xb7\xbft\x14\x222\x1fg\x00\xc8\xcb\x14t\xcf\xba\
\x12\xdd\xb3\xae\x04\xefZ/M::\x17[\xf6|\x18\
\xe9\xea\x05\xd2Q\x88\xc8\x1a\x96\xce\x00\xb0\x01 G\xe8\
o\xbb\x00\x9d\xf3~\x0dC\x09IGq\x85d\xed\xde\
\xd8\xb2\xe4!d\x22\xd3\xa5\xa3\x10\x91u\xb8\x04@\xfe\
04\xe9\x0clY\xf2\x00\xb2\x91i\xd2Q\x1cmp\
\x8a\x86-K\x1eB.\xc4m<\x88<\x8eK\x00\xe4\
\x1f\xc9\xba\x03\xb0i\xef\xa70\xda\xfcI\xe9(\x8e\x93\
\x0f\xd4\xa1c\xc1-\xd8>\xe7Z\x18*{w\x22\x1f\
\xe0\x12\x00\xf9K.\xd8\x84\xad\xbb\xdf\x86\xeeYWr\
I\xa0(U\xbb'6\xed\xfdW\x0cO8Y:\x0a\
\x11\xd9\x87K\x00\xe4G\x0a\xfa\xdb.\xc0\x96=\x1fF\
\xaaf\x0f\xe90b\x0c%\x8c\xbei\x17c\xf3\x92G\
\xf9\x8c?\x91\xffp\x09\x80\xfc+Y\xbb\x0f6\xed\xf5\
$\xbav\xfb!\xf2\x81:\xe98\xb6\x1ak\xfc(6\
\xed\xf3\x0czf\xfe\x17\x0c\x95\xbf\xaaD>\xc4%\x00\
\xf29%\x80\x81\xd6/a\xe3\xbe/\xf8b\x0a<\x1b\
\x9e\x8c\x8e\xf97\xa3}\xf1}HG\xe7J\xc7!\x22\
9\x966\x00D\xae\x91\x0dOF\xc7\x82[\xb0e\xc9\
\x83\x18k<R:\x8e\xe9r\xc1&\xf4\xce\xf8N\xa1\
\xd1\x99\xf8\x19\xe98D\xe42\xc1\x12\xbf>\x0d j\
E\x10\x22\xab$\xea\x0fB\xfb\xe2{P5\xf2*\x9a\
\xb7\xfc\x1c\xb5}\x8f\x010\xa4c\x95-\x17\x9a\x88\xbe\
\xb6\x0b08\xe5\x1c\xe4\x035\xd2q\x88\xc89\xd2\xa5\
|1\x1b\x00\xf2\x8dd\xed\xbe\xd8\xb6\xfbm\x88\x8c\xbd\
\x85\xa6\xf6_\xa2\xae\xf7A(\xf9\xa4t\xacqKG\
\xe7b\xa0\xf5\x5c\x0cN\xfe<\x0c\xb5J:\x0e\x119\
\x8f\xa5\x0d@\xaa\xc4\xaf'r\x9cT\xf5\x22t\xce\xff\
\x0d\xbar#\xa8\xed\xfd\x0b\xea\xbb\xefF\xf5\xc0\xb3\x00\
\xf2\xd2\xd1> \x17\x9a\x80\xe1\x09\x9f\xc1\xd0\xa4\xd3\x90\
\xac\xddG:\x0e\x119[I5\xba\x9c\x19\x00\x22O\
\xc8\x07j14\xe9\xb3\x18\x9a\xf4Y\x04\xd3\x1d\xa8\xeb\
\xbe\x17\xb5}\x8f\xa2jx)\x14##\x96+\x1bn\
\xc5X\xe3\x11\x18\x9ep\x12\xc6\x1a\x8f\x84\xa1\x94\xfak\
JD>e\xf9\x12\x00\x91\xe7d\xc3\xad\xe8o\xbb\x10\
\xfdm\x17B\xcd\x8d!:\xf4<\xaa\x07\x9fA\xf5\xc0\
3\x88\x8c\xae\x80\x95\xf7\x0c\xe4\x82\x8dH4\x1c\x86\xb1\
\x86\x8fb\xac\xf1p\xa4\xa3\xf3,\x1b\x8b\x88<\x8dK\
\x00D\x95\xc8\x07\xaa1\xdat\x14F\x9b\x8e\x02\x00\xa8\
\xb9!\x84\xc7\xd6 \x9cX\x8bpb\x1dB\x89\xb5\x08\
'\xd7!\x94\xdc\x0c57\x82\xf14\x07\x86\x12F.\
\xd4\x82tt\x0e2\xd19HG\xe7\xbe\xfbO\xa6j\
&\xf8@\x0e\x11\x99\x80K\x00Df\xca\x07\xea\x91\xac\
\xdb\x0f\xc9\xba\xfdv\xf0\x7f\x0d\xa8\xb9Q\xa8\xb9a\xa8\
\xb9\x11\xa8\xb9\x11(\xf94\xf2\x81\xda\xf7\xfcS\xc7\x8d\
y\x88\xc8\x0e\x5c\x02 \xb2\x8f\xf2n\xa1'\x22\x12V\
R\x8d.u\xde\x91K\x00DDD\xceTR\x8d.\
\xb5\x01\xe0\x0c\x00\x11\x11\x913\xf1&@\x22\x22i\xc1\
\xee.4\xfe\xe5\x01D\xd6\xadE\xb0\xaf\x0f0\xdc\xb5\
\xfbd\xbe\xae\x0e\xa9\xdd\xe6`\xe8\x13G#9\x8fO\
\xa6\xb8\x84\xa57\x01\xb2\x01 \x22\xfa\x10\xb5\xcf\xff\x03\
\x93\xaf\xbf\x16\xea\xd8\x98t\x94\x8aT\xbd\xbd\x12\xf5\x8f\
=\x82\xde\xb35\xf4\x9fz\x9at\x1c\xfap\x96.\x01\
\xf4\x97\xf8\xf5DD\xbe\x12\xda\xde\x89\xc9?\xff\x7f\xae\
/\xfe\xefPr9L\xd0\x7f\x8f\xea\xd7^\x95\x8eB\
\x1f\xae\xa4\x1a]j\x03\xd0[\xe2\xd7\x13\x11\xf9J\xf3\
\x9d\x7f\x86\x9aLH\xc70\xdd\x84?\xfc\x8ft\x04\xfa\
p%\xd5h6\x00DD&\xaaZ\xf5\xb6t\x04K\
\x847\xac\x87\x92\xe6}\xe0\x0egi\x03\xd0S\xe2\xd7\
\x13\x11\xf9J\xa8\xb3C:\x82%\x94\x5c\x0e\xa1\xee.\
\xe9\x18\xb4k%\xd5h\xce\x00\x10\x11\x99\xc9ew\xfb\
\x97\xc4\xcb\x7f6o\xe0\x12\x00\x11\x11\x91\x0f\xb1\x01 \
\x22\x22\xf2!\xde\x03@DD\xe4C\x96\xde\x03\xd0W\
\xe2\xd7\x13\x11\x11\x91=J\xaa\xd1%5\x00q]\xcb\
\x00\x18*)\x0e\x11\x11\x11Ym\xa8X\xa3\xc7\xad\xd4\
\xad\x80\x81\xc2\x1aC}\x19\xaf#\x1a\x97\xdeT\x1e\x9b\
\xc7r\xd8:\x96GO*\x8f<x\xe7\xb1\x97\x84U\
\x05S\xabT\xb4U\x070\xb3&\x80\xaa\x80\x22\x1d\x89\
\xc8\x0bJ\xbeG\xaf\x9c\x06\xa0\x07\xc0\xec2^G\xb4\
K\x99\xbc\x81G:\xd2x\xa1'\xcd\x92\xefqo\x0e\
\x16\xfe]\x13Tp\xd2\xb4*\xec\xd1P\xce[\x11\x11\
\xbdG\xc9\xf7\xe8\x95z\x0f\x00\x00xs\x97\x0b\x12\xd5\
\x9f\xce\xe3\xfaUcx\x9e\xc5\xdfWF\xb3\x06n\xdf\
\x98\xc0\xbd[\x92\xd2Q\x88\xdc\xae\xe4\xda\x5cN\x03\xb0\
\xb1\x8c\xd7\x10\xed\x94\x01\xe0\x9e-I\xf4\xa5\xf3\xd2Q\
H\xc8+}\x19,\xed+i\xf9\x92\x88\xfe\xd5\xc6R\
_PN\x03\xb0\xa1\x8c\xd7\x10\xed\xd4?z\xd2X?\
\x92\x93\x8eA\xc2\xfe\xb2-\x85\xc1\x0c\x9b@\xa22\x95\
\x5c\x9b\xd9\x00\x90\xb8W\xf9\xc9\x8f\x00\xa4r\x06V\x0c\
d\xa5c\x10\xb9\x95-\x0d\xc0\xc62^C\xb4C\xb9\
<\xd0\x99\xe4\xa7>*hO\xf0g\x81\xa8L\x1bK\
}\x01g\x00HTW*\x8f<\xef\xfa\xa3\xa2ml\
\x00\x88\xcae\xfd\x0c@\x5c\xd7\x86\xc0\x1d\x01\xc9$\xd5\
|\xfa\x8b\xde\xa3: \x9d\x80\xc8\x95\xfa\x8a\xb5\xb9$\
\xe5\xcc\x00\x00\x5c\x06 \x934\x84T\xd4\x04\xb9\x11\x0c\
\x15Lc\x07@T\x8e\x8d\xe5\xbc\xa8\xdc\x06\x80\xcb\x00\
d\x9a\x19|\xd3\xa7\xa2\x995\xfcY *CY5\
\x99\x0d\x00\x89\xfb\xe4\xd4\x088\x09@\xb3k\x03X\xcc\
\x1d\x01\x89\xcaak\x03\xb0\xb1\xcc\xd7\x11}\xc0\xe4\x88\
\x8aXkD:\x06\x09\x0a\xa9\x0aN\x9d^\x05\xf6\x81\
De\xd9X\xce\x8b\xcam\xb79\x03@\xa6:|B\
\x18\x86a\xe0\x89\xce4\xb2|*\xc0WZ\x22*N\
\x9bQ\x85\xe6p\xb9\x9fG\x88|\xaf\xac\x9a\x5cn\x03\
\xb0\xb6\xcc\xd7\x11\xed\x90\xa2\x00GL\x8a`aC\x08\
\x8fmKa\xd3h\x0ec9v\x02^\xa5\x00h\x8e\
\xa8X\x5c\x1f\xc4'Z\xc3\x08)\xfc\xecOT\x81\xb2\
jr%\x0d@\x02@\xb4\xcc\xd7\x13\xed\xd0\xe4\x88\x8a\
\x7f\x9b]\xf8\xb1\xeaO\xe7\xd1\x932`\xf0x O\
\x09)\x0a\xa6DUDy\x0c0\x91\x19\x12\xb0\xb3\x01\
\x88\xebZ>\xa6\xe9o\x02\xd8\xbf\x9c\xd7\x13\x8dGS\
XESX:\x05\x11\x91\xa3\xbd\x19\xd7\xb5\xb2v\xd0\
\xaad\xd1my\x05\xaf%\x22\x22\xa2\xca\x95]\x8b+\
i\x00\x96U\xf0Z\x22\x22\x22\xaa\x5c\xd9\xb5\x98\x0d\x00\
\x11\x11\x91{\xb1\x01 \x22\x22\xf2!\xfb\x1b\x80\xb8\xae\
\xf5\x00\xe8,\xf7\xf5DDDT\x91\xceb-.K\
\xa5;op\x16\x80\x88\x88HFE5\x98\x0d\x00\x11\
\x11\x91;UT\x83+=y\x83\x0d\x00\x11\x91\x8b\x0c\
U\x07\xb1\xae5\x8aT\xa8\xf4\xcf\x7f]\xb9-\xc8\x8c\
&K~]}\xa0\x06\xd3\x22\x93\x10Tx\xd8\x93\xc9\
D\x1b\x00\xee\x05@\x96I\xe4\x0c\xf4\xa4\xf2\xdc\x07\xd0\
c\xc2\xaa\x82\x89\x11\x15\xdc\x08\xd0^\x9b'V\xe1\x07\
g\xce\xc6\xf2Y\xb5\xe5_$\xf5(\xb0\xb5\xbc\x97\x06\
\x94\x00\x8el\xd8\x0f\x9f\x9d\xf8I\x84\x95P\xf9\x19\xe8\
\xbd*\xaa\xc1\x956\x00o\x01H\x01\xe0Qnd\x8a\
\xfet\x1e\xf1\xce46\x8d\xe6\xd0\x97.ks+r\
\x81\xa0\x02L\x89\x16\x8e\xff=|b\x98\xcd\x80\xc5\xd6\
O\x89\xe2\xdc\xaf/BR\xf0\xc0\xa5\x9c\x91\xc3\x93\x03\
/a]\xb2\x1dWL?\x0f\x01% \x96\xc5#R\
(\xd4\xe0\xb2U\xf4\xd3\x10\xd7\xb54\x80\xa5\x95\x5c\x83\
\xe8\x1d/\xf6fp\xfd\xaa1\xbc\xd6\x9fa\xf1\xf7\xb8\
\xac\x01\xb4\x8f\xe5\xf0XG\x0a7\xae\x19Eg\x92\x7f\
\xdfV1\x14\xe0\x07g\xce\x16-\xfe\xef\xb51\xb9\x0d\
\x0f\xf6\xfd]:\x86\x17,-\xd6\xe0\xb2\x99\xf1\x13\xf1\
\xac\x09\xd7 \x9f{\xbe'\x83\xffmO\x22\x9d\xe7\x84\
\xbf\xdflK\xe4q\xd3\xda1\x0ce\xf8wo\x85-\
\x13\xaa\xb0rz\x8dt\x8c\x7f\xf1\xfc0W\x8fMP\
q\xed5\xa3\x01x\xce\x84k\x90\x8f\xf5\xa6\xf3x\xb4\
#%\x1d\x83\x04%s\x06\xee\xddR\xfa\xcde\xf4\xe1\
\xdevX\xf1\x07\x80\x8et\x0f\x92\xf9\x8a>\xbc\x92\x09\
\xb5\xd7\xac\x06\x80\xad;\x95\xed\x91m)~\xf2'\xac\
\x1e\xceb\xe5PV:\x86\xe7\x8cV9o\xad\xdd\x80\
\x81\x14\x1b\x80J\x18pB\x03\x10\xd7\xb5^\x00\xab*\
\xbd\x0e\xf9\xd7\xe6\xd1\x9ct\x04r\x88\x8d\xfcY \x1a\
\x8fU\xc5\xda[\x11\xb3\xee\x0a\xe1}\x00T\x96\xe1\x8c\
\x81\xe1,?\xfdSA\xfb\x18\x1b\x00\xa2q0\xa5\xe6\
\x9a\xd5\x00\xf0>\x00*\x0b\x8b?\xbd\xd70o\x04$\
\x1a\x0fSj.\x1b\x00\x125\xa9J\x85\xcag\xc0\xa9\
\xa85\xea\x8cG\xd5\x88\x1c\xce9\x0d@\x5c\xd7\xd6\x00\
\xe82\xe3Z\xe4/A\x05\x98\x14\xe1\x9b>\x15L\xab\
v\xde\x0dkD\x0e\xd3U\xac\xb9\x153\xf3\x9d\x97\xb3\
\x00T\x96\xbd\x9b\xb8-(\x01!U\xc1\xe2\x06\xee\x15\
O\xf4!L\xab\xb5f6\x00\xbc\x11\x90\xcar\xf8\xc4\
0\xa6\xf3\x93\x9f\xef\x1d\xd3\x1aF\xb3Cv\xab#r\
0\xd3j\xad\x99\xbfmO\x9bx-\xf2\x11U\x01N\
\x9bQ\x85\xba\x10o\x06\xf0\xab\xc5\x0dA\x1c<!,\
\x1d\xc3\x14\xf9\xeaj\xe9\x08\xe4m\xa6\xd5Z3\x1b\x80\
W\xc1\xfb\x00\xa8L\x13#*\xbe\xb9\xa0\x86\xcb\x01>\
\x13\x09(\xf8\xcc\xf4*\x9c=+\x0a\xaf\xb4\x7f\xc9\xb9\
\xf3\xa4#\x90wu\xa1PkMa\xda\x82[\x5c\xd7\
\x8c\x98\xa6?\x0e\xe0l\xb3\xaeI\xfe\x12\x0d(8c\
F\x15\x0e\x9b\x18\xc2\xa6\xd1\x1c\xb6\x8e\xe5\xd1\x93\xce\xc3\
\xe0\x93a\x9e\x12R\x81\xa9\xd1\x00\xda\xa2*\xe6\xd4\x05\
Q\x17\xf4J\xe9/\x18>\xe2H\xd4,}E:\x06\
y\xd3\xe3q]3\xed\x1d\xd1\xec;n\x1e\x01\x1b\x00\
\xaaP[4\x80\xb6(\xef\x09 w\x1a\xfe\xd8Q\xa8\
{\xeeY\xd4\xbc\xf8\x82t\x14\xf2\x9eG\xcc\xbc\x98\xd9\
w\xdc<\x0e\x80\xe7z\x12\x91\xafu\x5cz\x19z?\
\xaf!\x1f\x8dJG!\xef\xc8\xa3PcMc\xea\x0c\
@\x5c\xd7zb\x9a\xbe\x14\xc0\x01f^\x97\x88\xc8M\
\x8c@\x00}\xa7\x9f\x89\xbe\xd3\xce@x\xcbf\x04{\
z \xb5\x965\x10\xda\x08`\x99\xc8\xd8d\xaa\xa5q\
]\xeb1\xf3\x82V<t\xfb(\xd8\x00\x10\x11\x01\x8a\
\x82\xf4\x8c\x99H\xcf\x98)\x16!=h\x00\xdb\xd9\x00\
x\xc0\xa3f_\xd0\x8a\x87nM]\xa3 \x22\x22\x22\
\xf3k\xab\x15\x0d\xc0K\x00\xfa-\xb8.\x11\x11\x91\x1f\
\xf5\xa3P[Mez\x03\x10\xd7\xb5\x1c\x80\xb8\xd9\xd7\
%\x22\x22\xf2\xa9x\xb1\xb6\x9a\xca\xaa}7M_\xab\
 \x22\x22\xf2)Kj\xaa\x95\x0d\x00\xb7o!\x22\x22\
\xaa\x8c\x0175\x00q]\xeb\x00\xc0]0\x88\x88\x88\
*\xf3B\xb1\xa6\x9a\xce\xca\xb37\xef\x04p\xb0\x85\xd7\
'\x8f\xeaM\xe5\xb1y\xac\xb8\x15p*\x8f<'\x93\
<%\xac*\x98Z\xa5\xa2\xad:\x80\x995\x01T\x05\
\xbc\xb5\x150\x91\xc9\xee\xb4\xea\xc2V6\x00w\x03\xb8\
\x0e\xf0\xcc\x19\x1fd\xb1L\xde\xc0#\x1di\xbc\xd0\x93\
f\xc9\xf7\xb87\x07\x0b\xff\xae\x09*8iZ\x15\xf6\
h\xb0\xf2\xad\x88\xc8\xb5\x0c\x14j\xa9%,;|;\
\xaek\xdb`\xe2\xb9\xc5\xe4m\xfd\xe9<\xae_5\x86\
\xe7Y\xfc}e4k\xe0\xf6\x8d\x09\xdc\xbb%)\x1d\
\x85\xc8\x89\x9e-\xd6RKX\xd6\x00\x14Y6uA\
\xdea\x18\xc0]\x9b\x93\xe8K\xf3\x18\x09\xbfz\xa5/\
\x83\x97{3\xd21\x88\x9c\xc6\xd2\x1aju\x03p\x0f\
\x00\xd3\x9f]$oy\xae'\x8d\x8d\xa3\xfc1\xf1\xbb\
\x87\xb6\xa50\x90a\x13HT\x94C\xa1\x86Z\xc6\xd2\
\x06 \xaek\xdb\x01<m\xe5\x18\xe4~\xaf\xf6\xf3\x93\
\x1f\x01\xa9\xbc\x81\x15\x03Y\xe9\x18DN\xf1t\xb1\x86\
Z\xc6\xea\x19\x00\x80\xcb\x00\xb4\x0b\xb9<\xb0=\xc9O\
}T\xb05\xc1\x9f\x05\xb3\xd5\xa8\xce;\x92X\x81\x82\
h \x22\x1d\xc3\xe9,\xaf\x9dv4\x00\xf7\x02`[\
O;\xd4\x95\xca#\xcf\xbb\xfe\xa8h\x1b\x1b\x00\xd3\xcd\
\xae\x9a*\x1d\xe1\x03\xda\x22\x13\x11VB\xd21\x9c,\
\x8bB\xed\xb4\x94\xe5\x0d@\x5c\xd7z\x01<i\xf58\
\xe4N\xd5|\xfa\x8b\xde\xa3: \x9d\xc0{&\x85\x9a\
1?*w\x1c\xf1\x8e\x1c^\xbf\x8ft\x04\xa7{\xb2\
X;-e\xc7\x0c\x00\xc0e\x00\xda\x89\x86\x90\x8a\x9a\
 \xb7\x8a\xa0\x82i\xec\x00,q\xde\x94\x93Q\xadV\
I\xc7\x00\x00,\x88\xce\xc2'\x9b\xb8G\xdc\x87\xb0\xa5\
f\xda\xd5\x00\xdc\x07 a\xd3X\xe423\xf8\xa6O\
E3k\xf8\xb3`\x85\xc9\xa1f\xfch\xd6\x85\xd8\xaf\
vw\x84\x14\x99i\xb7\xda@5Nn\xf9\x18\xbe3\
M\x83j[\xe9q\xa5\x04\x0a5\xd3r\xb6\xfc$\xc4\
um0\xa6\xe9\xf7\x00\xf8\xbc\x1d\xe3\x91\xbb|rj\
\x04k\x86\xb3\xc8\xf2^\x00_\x9b]\x1b\xc0b\xee\x08\
h\x99\xa6`=\xbe>\xf5\xb3\xc8\x199lK\xf7 \
e\xa4m\x1b\xbb!P\x8b\x89\xa1&\xdb\xc6s\xb9{\
\xe2\xba6h\xc7@v\xfe\xb6\xdd\x026\x00\xb4\x03\x93\
#*b\xad\x11<\xb2-%\x1d\x85\x84\x84T\x05\xa7\
N\xaf\xe2\xbe\xe16\x08(\x01L\x8fL\x96\x8eA;\
w\x8b]\x03\xd96\x0f\x13\xd7\xb5\xbf\x03Xe\xd7x\
\xe4.\x87O\x08\xe3\x98\xd60x;\x80\xff\xb4DT\
\x9c;'\x8a\xe60\xa7\x85\xc9\xf7V\x15k\xa5-\xec\
\x9eo\xfb-\x80\x9f\xd9<&\xb9\x80\xa2\x00GL\x8a\
`aC\x08\x8fmKa\xd3h\x0ec9\xae\x09x\
\x95\x02\xa09\xa2bq}\x10\x9fh\x0d#\xa4\xb0\xf3\
#B\xa1F\xda\xc6\xee\x06@\x07p\x0d\x80\xb0\xcd\xe3\
\x92KL\x8e\xa8\xf8\xb7\xd9\x85\x8dK\xfa\xd3y\xf4\xa4\
\x0c\x18<\x1e\xc8SB\x8a\x82)Q\x15Q\x1e\x03L\
\xf4^i\x14j\xa4mlm\x00\xe2\xba\xd6\x1d\xd3\xf4\
\xff\x03p\x9a\x9d\xe3\x92;5\x85U4\xb1U$\x22\
\x7f\xf8\xbf\xb8\xaeu\xdb9\xa0\xc4\xa2\x9b\xadS\x1cD\
DD.`{m\x94h\x00\xe2\x006\x0a\x8cKD\
D\xe4D\x1bQ\xa8\x8d\xb6\xb2\xbd\x01\x88\xeb\x9a\x01\xe0\
wv\x8fKDD\xe4P\xbf+\xd6F[I=w\
s+\x0ag\x1d\x13\x11\x11\xf9Y\x0e\x85\x9ah;\x91\
\x06 \xaek[\x01<(16\x11\x11\x91\x83<X\
\xac\x89\xb6\x93\xdcy\xe3Z\xc1\xb1\x89\x88\x88\x9c@\xac\
\x16\x8a5\x00\xc5\xdd\x8e^\x92\x1a\x9f\x88\x88H\xd8K\
v\xee\xfc\xf7~\xd2{or\x16\x80\x88\x88\xfcJ\xb4\
\x06J7\x00\xf7\x02\xd8 \x9c\x81\x88\x88\xc8n\x1bP\
\xa8\x81bD\x1b\x80\xb8\xae\xe5\x00\x5c/\x99\x81\x88\x88\
H\xc0\xf5\xc5\x1a(Fz\x06\x00(\xec\x09\xd0/\x1d\
\x82\x88\x88\xc8&\xfdp\xc0~8\xe2\x0d@\x5c\xd7F\
\x01\xfcF:\x07\x11\x11\x91M~S\xac}\xa2\xc4\x1b\
\x80\xa2_\xa1p\x12\x12\x11\x11\x91\x97\xa5Q\xa8y\xe2\
\x1c\xd1\x00\xc4u\xad\x03\xc0\x1d\xd29\x88\x88\x88,v\
G\xb1\xe6\x89sD\x03P\xc4G\x02\x89\x88\xc8\xeb\x1c\
S\xeb\x1c\xd3\x00\xc4um\x05\x80\xbfH\xe7 \x22\x22\
\xb2\xc8_\x8a\xb5\xce\x11\x1c\xd3\x00\x14]\x01\xc0\xf6\x13\
\x91\x88\x88\x88,f\xa0P\xe3\x1c\xc3Q\x0d@\x5c\xd7\
^\x03p\xbft\x0e\x22\x22\x22\x93\xdd_\xacq\x8e\xe1\
\xa8\x06\xa0\xe8\x0a\x00y\xe9\x10DDD&\xc9\xc3a\
\x9f\xfe\x01\x076\x00\xc5\xf5\x91\xbb\xa4s\x10\x11\x11\x99\
\xe4.'\xad\xfd\xbf\xc3q\x0d@\xd1\xf7\x01\x88n\x91\
HDDd\x82\x1c\x0a5\xcdq\x1c\xd9\x00\xc4um\
\x15\x80\xdb\xa4s\x10\x11\x11U\xe8\xb6bMs\x1cG\
6\x00EW\x01\xc8J\x87 \x22\x22*S\x16\x85Z\
\xe6H\x8em\x00\xe2\xba\xb6\x1e\xc0\xad\xd29\x88\x88\x88\
\xcatk\xb1\x969\x92c\x1b\x80\xa2\x1f\x80g\x04\x10\
\x11\x91\xfb\xa4Q\xa8a\x8e\xe5\xe8\x06 \xaek\x9b\x01\
\xdc\x22\x9d\xc3k\x02\x99as/\xc8\xad\x9b\x88\xc8C\
2\x19S\xeeA\xbf\xa5X\xc3\x1c\xcb\xd1\x0d@\xd1\x95\
\x00\x06\xa5CxIt\xe8m\xa8&V\xedL\x9e\x1d\
\x00\x11yG\xfb\xb6\xbeJ/1\x88B\xedr4\xc7\
7\x00q]\xeb\x86\x83o\xa2p\xab\xda\xd4\x16\xd3\xae\
e\x18\x0629\xee\xddDD\xee\xd7\xd3;\x8c\xae\xee\
\xa1J/sU\xb1v9\x9a\xe3\x1b\x80\xa2_\x01X\
-\x1d\xc2K\x16\xbc\xfcE\xa8\x8ay\x9f\xdc\x87\x93\x19\
\xae\x04\x10\x91\xab\x19\x06p\xdb]/\xc0\xa8\xec\xcdl\
5\x0a5\xcb\xf1\x5c\xd1\x00\xc4u-\x03\xe0b\xe9\x1c\
^\x12\x19Y\x8f=^9\x07\x11#a\xca\xf5\xb2y\
\x03\x03ci\xe4\xb8\x1c@D.48\x94\xc0\x8d\xbf\
\xfb+\xd6\xac\xdb^\xe9\xa5..\xd6,\xc7S\x8c\x0a\
[\x1d;\xc54\xfd\x11\x00\xc7\x94\xfa\xba\x0b\x17\xde\x85\
#\x1a_2%C8j\xa0\xba\xb1\xfc\x1bD\xf2I\
\x15Ck\xc3\x15\xe7PU\xa0\xbe\xb1\xe2\xcb\xc0P\xc3\
\xe8\x9fz<\x06'\x1e\x86L\xb8\xa5\xf2\x5cF\x16U\
\xe9.T\xa5\xbb\xa0\xe6]\xf1;@D\x0e\xf2L\xdf\
\x12\xac\x19m\xb3m\xbct:\x87\xad\x1d\xfd\xd8\xb4\xa5\
\x17\xe9t\xc5[\xcf<\x1a\xd7\xb5c\xcd\xc8e\x87\xa0\
t\x80\x12]\x0c\xe0\x13p_n\xc7R\xf2i4\xb7\
\xdf\x8f\xe6v\x1e\xc2HD\xf2\xd6\xac?\x0d\x8fw\xef\
'\x1d\xa3\x1cY\xb8l\xa6\xda\x15K\x00\xef\x88\xeb\xda\
J\x007H\xe7 \x22\x22z\x9f\x1b\x8a5\xca5\x5c\
\xd5\x00\x14]\x09\xa0W:\x04\x11\x11QQ/\x5c\xf0\
\xd8\xdf\xfb\xb9\xae\x01\x88\xebZ?\x80\xefI\xe7 \x22\
\x22*\xfa^\xb16\xb9\x8a\xeb\x1a\x80\xa2\x9b\x01,\x97\
\x0eADD\xbe\xb7\x1c\x85\x9a\xe4:\xael\x00\xe2\xba\
\x96\x03p>\xb8\x09-\x11\x11\xc91\x00\x9c_\xacI\
\xae\xe3\xca\x06\x00\x00\xe2\xba\xf6,\x80\xdfH\xe7 \x22\
\x22\xdf\xfaM\xb1\x16\xb9\x92k\x1b\x80\xa2\xef\x00\xd8*\
\x1d\x82\x88\x88|g+\x0a5\xc8\xb5\x5c\xdd\x00\xc4u\
m\x08\x85\xa5\x00\x22\x22\x22;\x9d_\xacA\xae\xe5\xea\
\x06\x00\x00\xe2\xba\xf6\x00\x80\xbb\xa5s\x10\x11\x91o\xdc\
]\xac=\xae\xe6\xfa\x06\xa0\xe8\x22\x00\xae{\x04\x83\x88\
\x88\x5c\xa7\x1f\x85\x9a\xe3z\x9eh\x00\xe2\xba\xb6\x1d\xc0\
%\xd29\x88\x88\xc8\xf3.)\xd6\x1c\xd7\xf3D\x03\x00\
\x00q]\xbb\x15\xc0\x93\xd29\x88\x88\xc8\xb3\x9e,\xd6\
\x1aO\xf0L\x03P\xf4e\x00\xe6\x9coKDD\xf4\
O\x09\x14j\x8cgx\xaa\x01\x88\xeb\xda:\x00\x97K\
\xe7 \x22\x22\xcf\xb9\xbcXc<\xc3S\x0d@\xd1u\
\x00\x9e\x93\x0eADD\x9e\xf1\x1c\x0a\xb5\xc5S<\xd7\
\x00\x14\xb7d<\x1b\x80\xab\x9f\xcf$\x22\x22G\x18\x02\
p\xb6[\xb7\xfb\xdd\x15\xcf5\x00\x00\x10\xd7\xb5\x8d\xe0\
\x06ADDT\xb9\xf3\x8b5\xc5s<\xd9\x00\x00@\
\x5c\xd7n\x07p\x87t\x0e\x22\x22r\xad;\x8a\xb5\xc4\
\x93<\xdb\x00\x14\x9d\x0f`\x93t\x08\x22\x22r\x9dM\
\xf0\xf8L\xb2\xa7\x1b\x80\xb8\xae\x0d\x028[\x81\xc1c\
\x83\x89\x88h\xbcr(\xac\xfb\x0fJ\x07\xb1\x92\xa7\x1b\
\x00\xa0pl\xf0\xc4\xaa\xfeW\xa5s\x10\x11\x91k\xfc\
\xc8\xcd\xc7\xfc\x8e\x97\xe7\x1b\x00\x00\x88\x043\xb1\x9c\x1a\
\xccK\xe7 \x22\x22\xc7{\x11\xc0\x95\xd2!\xec\xe0\x8b\
\x06`\xdf\x8b^\xe9\x7f}x\xe1\x19P\x14\xe9(D\
D\xe4\x5c#\x00\xce\x8a\xebZV:\x88\x1d|\xd1\x00\
\x00\xc0Q\xdfz\xea\x9eec\x0bxl0\x11\x11\xed\
\xcc\x85^\xdb\xedoW|\xd3\x00\x00\xc0G/\xfe\xfb\
\xe9\xdb\xb2S\xb6I\xe7 \x22\x22\xc7\xb9%\xaek\xba\
t\x08;\xf9\xaa\x01\x00\x80\xdb6\x1c;/\xa1D3\
\xd29\x88\x88\xc81^\x06p\x91t\x08\xbb\xf9\xae\x01\
\xf8\xe1\xcf\x7f:\xf6t\xcf\xfeG\x18\xaa\xef\xfe\xe8D\
D\xf4A=\x00N\x89\xebZJ:\x88\xdd|Y\x05\
\xcf\xbc\xec\xbe\xe7_\x1e\xdc\xe3\x07\xe0=\x81DD~\
\x96\x03pf\x5c\xd7\xb6H\x07\x91\xe0\xcb\x06\x00\x00\x8e\
\xfe\x8f'\xbf\xb7.5\xf3e\xe9\x1cDD$\xe6\xbb\
q]{R:\x84\x14\xdf6\x00\x00\xb0\xdf\xd7_\xf9\
\xc8\x80\xd10l\xeb\xa0\xbe\xfe\x8e\x13\x11\xedZ&\x1f\
\xb4k\xa8\xfb\xe2\xba\xf6\x13\xbb\x06s\x22\xdf\x97\xa3g\
\xba\xf6[\x98U\xec\xdb$H\x0d\xe7\xa1\x98\xf0]\xcf\
\xe7\x01\x83[\x1b\x11\x91\xc7\xac\x1d\x9bj\xc70\xab\x00\
\xfc\xbb\x1d\x039\x99\xef\x1b\x80\x7f\xfb\xfe\x9d\xdb^\x1a\
X\xf2y;7\x09\x0aE\xcd9\x9a \xc3g\x19\x88\
\xc8C\xb6%[\xd0\x9e\x98`\xf50#\x00>\x13\xd7\
5{g\x7f\x1d\xc8\xf7\x0d\x00\x00\x1c\xf7\x9d\xc7\xefx\
kl\xee\x9f\xec\x1a/:-c\xca,@b\x8c\xb3\
\x00D\xe4\x0d\x06\x14\x5c\xbb\xe1\x14\x18\xd6\xdf\x9d\xfd\x85\
\xb8\xae\xbde\xf5 n\xa0\x18<(\xef]o\xfdz\
\xc9\xca\xa9\x81\xce\x85\xbb\xfa\x9ap\xd4@uc\xae\xe2\
\xb1\xf2c*\xc6\xb6\x84\x91\xad\xf0S\xbc\x1a\x00\xaak\
\x80\xa0m\xcbfDD\xe6\xeaM\xd7\xe3\xda\x0d\xa7\xe2\
\xe5\x81\xf9V\x0fuy\x5c\xd7\xae\xb6z\x10\xb7`\x03\
\xf0>\x9b\x7f3\xa7\xbf\xde\x18j\xdc\xd9\xff7\xab\x01\
\x00\x00\x18@n$\x80\xdc\x98\x8a|\xb6\xfc\xaeW\x01\
\x10\x08\x1b\x08D\x0cSf\x16\x88\xc8_\xee\x5c\xfdq\
\x8cd\xaam\x1f7\x95\x0fa\xfdX+V\x8dLC\
2\x1f\xb6z\xb8[\xe3\xba\xf6\x05\xab\x07q\x13~n\
|\x9f\xe7\xfb\xf7\x9avD\xf3\xcb}U\xf9\xa4\xe5?\
\x8dP\x80@]\x0e\x81:\x93\x1a\x0a\x22\xa22\xfc\xa5\
\xfb l\x1fk\x96\x8ea\xa5'\x00|Y:\x84\xd3\
\xf0\xf3\xe2\xfb\x9cq\xe9}\xa3/\x0f\xee\xb10\xab\x86\
\xb8\xbaND\xe4~+P\xd8\xe9\x8f\xb7M\xbf\x0f\x1b\
\x80\x1d\xf8\xd4\x7f<\xb2\xe1\x85\x81\xbd>a\xa8*\xd7\
G\x88\x88\xdck\x1b\x80\xe3\xe2\xba6$\x1d\xc4\x89\xd8\
\x00\xec\xc4\x09\xff\xf9\xc8S/\x0e\xee\xf5U;\x1f\x0f\
$\x22\x22\xd3\x8c\x008\xc1\xaf\xdb\xfc\x8e\x07\x1b\x80]\
8\xe6?\x1e\xbf\xe9\xd5\x91E\xd7\xf3\xcc\x00\x22\x22W\
\xc9\x018=\xaek\xafI\x07q26\x00\x1f\xe2\xe3\
\xdf\xfa\xdb7\xdf\x1c\x9d\xff\xb0t\x0e\x22\x22\x1a\xb7\x0b\
\xe2\xba\xf6\x88t\x08\xa7c\x030\x0e\x87^\xf2\xdc\xf1\
\xebR3\xde\x94\xceADD\x1f\xea\xc7q]\xbbI\
:\x84\x1b\xb0\x01\x18\xa7\xfd\xbe\xb1t\x8f\xed\xb9\x89\x9d\
\xd29\x88\x88h\xa7n\x8e\xeb\xda\xa5\xd2!\xdc\x82\x0d\
@\x09\x9e\xe9\xd8g\xfa\x9a\xd1\x19[\xa5s\x10\x11\xd1\
\x07\xdc\x01\xe0\xab\xd2!\xdc\x84\x0d@\x09\xce\xbb\xe6\xf6\
\xec\xcd\xab?3{i\xd7\x82v\xe9,DD\xf4\xae\
\xff\x03\xa0\xc5u\x8d\xfb\xb7\x94\x80\x0d@\x89n\xf8\xc5\
e\x99\xd7\xba\xe7/Z\xd5?\xa3O:\x0b\x11\x11!\
\x0e\xe0\x8c\xb8\xaee\xa5\x83\xb8\x0d\x1b\x802|\xf1\xbb\
\x7f\x18~\xbb\x7f\xe6\xee\xed#\x93F\xa5\xb3\x10\x11\xf9\
\xd8s\x00N\x8a\xebZJ:\x88\x1b\xb1\x01(\xd3\x89\
\x17?\xd0\xb5\xbcg\xb7%[\x86'\x8fIg!\x22\
\xf2\xa1\xa5(\xec\xf2\xc7\xf7\xe02\xb1\x01\xa8\xc0\xb1\xdf\
xd\xc3_\xdb\xf7\xdbs\xfd\xe0\xd4\x84t\x16\x22\x22\
\x1fy\x0b\xc0'\xb9\xc5oe\xd8\x00TH\xbb\xf4\xf6\
u\xf7\xae=r\xefU\xfd3\x92\xd2Y\x88\x8875\
<G\x00\x00\x090IDAT|`\x1d\x80O\xc4\
u\xadW:\x88\xdb\xb1\x010\xc1\xb7\xaf\xbea\xf5\xad\
o\x1d\xbf\xef[}\xb38\x13@Dd\x9du\x00\x8e\
\x8a\xebZ\x87t\x10/`\x03`\x92\x1f\xff\xec\x87+\
\xff\xb0\xf2\xd8\xc5\xcb{\xe7\x8cHg!\x22\xf2\xa0\xb7\
\x00\x1c\x1e\xd7\xb5M\xd2A\xbc\x82\x0d\x80\x89~\xfc\xb3\
\x1fn\xb8\xfd\xed\xd8\xfc7\xba\xe7\x0dJg!\x22\xf2\
\x90\xa5\x00>\xcaO\xfe\xe6b\x03`\xb2\x1f\xff\xecG\
\x1dw\xac\x8e\xcdY\xda\xb5\x80\xebSDD\x95{\x0e\
\xc0\xc7\xb9\xe6o>6\x00\x16\xf8\xc9\xcf\xae\xe9\xbdo\
\xed\x11\xbb\xbd\xbc}!\xcf\x0e \x22*_\x1c\xc0\xd1\
\xbc\xdb\xdf\x1al\x00,r\xcdO\x7f2t\xdb\xdb\xc7\
\xec\xf6b\xe7\xa2\xcd\xd2Y\x88\x88\x5c\xe8\xff\x00|\x8a\
\xcf\xf9[\x87\x0d\x80\x85~q\xdd\x15\x89?\xac<v\
\xee\xf3\x1d{\xac\x95\xceBD\xe4\x22w\x008\x95;\
\xfcY\x8b\x0d\x80\xc5n\xf8\xc5e\x99\xcb_\xf8\xe2\x82\
\x7ft,Y!\x9d\x85\x88\xc8\x05n\x06\xf0y\xee\xed\
o=\xc50\x0c\xe9\x0c\xbe\xf1\xdc\x8dG<\x7f\xe8\xd4\
e\x07I\xe7 \x22z\xaf\xb3\x1f\xbb\x1c\xdb\xc7\x9a\xa5\
c\x00\xc0\x8f\xe3\xbav\xa9t\x08\xbf\xe0\x0c\x80\x8d\x0e\
=\xff\xe9\x83\xe3\x9b\x0f\xb8#g\xf0\xdbND\xf4\x1e\
9\x00_a\xf1\xb7\x17+\x91\xcdb_{\xfc\xac\x07\
\xd6\x1f\xfe\xdd\xd1L\x94S/DD\xc0\x08\x0a7\xfb\
\xdd$\x1d\xc4o\xd8\x00\x088\xf9\x92\xff\xfd\xe1=k\
\x8f<e\xfbX3\xd7\xb8\x88\xc8\xcf\xb6\xa1\xb0\xc1\xcf\
#\xd2A\xfc\x88\x0d\x80\x10\xed\xd2;\xee\xbfk\xcd\xc7\
\xf7[\xd5?cT:\x0b\x11\x91\x80\x15\x00\x0e\x8a\xeb\
\xdak\xd2A\xfc\x8a\x0d\x80\xa0\x8b\xae\xb8e\xd9\xed\xab\
\x8e\x9e\xf5|\xc7\x1e\xdc\xde\x92\x88\xfc\xe4\x09\x00\x87\xc6\
um\x8bt\x10?c\x03 \xec\xaa\x1f\xff\xac\xe7\xf2\
\x17\xbe8\xf3/\x1b\x0e]j@\x91\x8eCD>\x94\
\xb7\xf7\xc6\xe4[\x01\x1c\xc7\xdd\xfd\xe4\xf11@\x07\xd1\
\x7f\xf4\xb9?\x9d9\xff\xc93#\x81\xb4t\x14\x22\xf2\
\x89D6\x82\x13\x1f\xfc1\x0c\xc3\x96\x0f \x97\xc7u\
\xedj;\x06\xa2\x0f\xc7\x19\x00\x07\xd1.\xbd\xe3\xb3\xbf\
}\xf3\x84\xef\xf4%\xeb\xd9\x95\x11\x91-\xde\xea\x9bm\
G\xf1\x1f\x01p:\x8b\xbf\xb3\xb0\x01p\x98\x0b.\xff\
\xddOn_u\xf4Q\x1b\x87Z\x93\xd2Y\x88\xc8\xdb\
\xb2\xf9\x00n^\xf1i\xab\x87Y\x05\xe0\xc0\xb8\xae\xdd\
m\xf5@T\x1a.\x018\xd4o\xae>g\xd2\xa1S\
\x97\xbf\xb6\xa4e\xddT\xe9,D\xe4=#\x99(\xae\
{\xed\x0c<\xb3uo+\x87\xb9\x0f\xc0\xbf\xc7um\
\xd8\xcaA\xa8<l\x00\x9c\xec\x7f\x9b\x94\xe7\xb6\xed\xf9\
x$\x98>\x0a\xbcC\x90\x88L0\x94\xae\xc1\x9a\xc1\
i\xf8[\xfb\xbe\xe8I4X5L\x0e\xc0w\xe3\xba\
\xf6\x13\xab\x06\xa0\xca\xb1\x01p\x81\x98\xa6\x1f\x05\xe0\xcf\
\x00&Hg!\x22\xfa\x10=\x00\xce\x8c\xeb\xda\x93\xd2\
Ah\xd7\xd8\x00\xb8DL\xd3\xa7\x03\xb8\x17\xc0\x01\xd2\
Y\x88\x88v\xe2e\x00\xa7\xf0\xf9~w\xe0M\x80.\
Q\xfc\x85:\x1c\xc0-\xd2Y\x88\x88v\xe0\x16\x00\x87\
\xb3\xf8\xbb\x07g\x00\x5c(\xa6\xe9\x1a\x80_\x03\xa8\x95\
\xceBD\xbe7\x02\xe0\xc2\xb8\xae\xe9\xd2A\xa84l\
\x00\x5c*\xa6\xe9s\x00\xdc\x0e\xe0@\xe9,D\xe4[\
/\x028+\xaek\xeb\xa4\x83P\xe9\xb8\x04\xe0R\xc5\
_\xb8\xc3\x00\xfc\x00\x85;n\x89\x88\xec\x92C\xe1\xbd\
\xe70\x16\x7f\xf7\xe2\x0c\x80\x07\xc44\xfd0\x00\xb7\x01\
\x98)\x9d\x85\x88<o\x13\x80\xb3\xe3\xba\xf6\xact\x10\
\xaa\x0cg\x00<\xa0\xf8\x8b\xb8\x17\x80;\xa4\xb3\x10\x91\
\xa7\xdd\x01`/\x16\x7fo\xe0\x0c\x80\xc7\xc44\xfd,\
\x007\x02\xa8\x97\xceBD\x9e1\x04\xe0\xfc\xb8\xae\xdd\
.\x1d\x84\xcc\xc3\x06\xc0\x83b\x9a>\x0b\x85%\x81C\
e\x93\x10\x91\x07<\x87\xc2\x94\xffF\xe9 d..\
\x01xP\xf1\x17\xf5\x08\x00\xdf\x06\x90\x90MCD.\
\x95@\xe1=\xe4\x08\x16\x7fo\xe2\x0c\x80\xc7\x15\x1f\x17\
\xbc\x09\xc0Q\xd2Y\x88\xc85\x9e\x04\xf0e\xde\xe1\xef\
ml\x00|\x22\xa6\xe9\xe7\x00\xb8\x16@\x93t\x16\x22\
r\xac~\x00\x97\xc4u\xedV\xe9 d=6\x00>\
\x12\xd3\xf4\xc9\x00~\x05\xe04\xe9,D\xe48w\x03\
\xb8(\xaek\xdb\xa5\x83\x90=\xd8\x00\xf8PL\xd3?\
\x8d\xc2\x93\x02m\xd2Y\x88H\xdcV\x14\xee\xf0\x7f@\
:\x08\xd9\x8b7\x01\xfaP\xf1\x17}\x11\x80\xff\x06\xc0\
\x0e\x90\xc8\x9f\x0c\x14\xde\x03\x16\xb1\xf8\xfb\x13g\x00|\
\xae\xb8\x8b\xe0\x8d\x00\x96Hg!\x22\xdb,G\xe1S\
?7\xf4\xf11\xce\x00\xf8\x5c\xf1\x0d`\x1f\x00\xe7\x03\
\xe8\x15\x8eCD\xd6\xeaE\xe1w}\x1f\x16\x7f\xe2\x0c\
\x00\xbd+\xa6\xe9M\x00\xae\x00p\x01\x80\xa0p\x1c\x22\
2O\x16\xc0\x0d\x00\xae\x8c\xebZ\xbft\x18r\x066\
\x00\xf4\x011M\xdf\x1d\xc0\xcf\x01\x1c#\x9d\x85\x88*\
\xf6(\x80\x8b\xe3\xba\xb6R:\x089\x0b\x1b\x00\xda\xa9\
\x98\xa6\x1f\x8fB#0_:\x0b\x11\x95l5\x0a\x85\
\xff!\xe9 \xe4L\xbc\x07\x80v\xaa\xf8\xc6\xb1\x07\x80\
K\x00\x0c\x0a\xc7!\xa2\xf1\x19D\xe1wv\x0f\x16\x7f\
\xda\x15\xce\x00\xd0\xb8\xc44}\x22\x0a\xf7\x07\x9c\x07 \
,\x1c\x87\x88>(\x0d\xe0\x16\x14\xd6\xf9\xbb\xa5\xc3\x90\
\xf3\xb1\x01\xa0\x92\xc44}\x06\x80\xcb\x00\x9c\x03\xde(\
H\xe4\x04Y\x00\xb7\x02\xf8A\x5c\xd76K\x87!\xf7\
`\x03@e\x89i\xfan\x00.\x07p6\x80\x80p\
\x1c\x22?\xca\xa1p\xec\xf7Uq][/\x1d\x86\xdc\
\x87\x0d\x00U$\xa6\xe9\x0b\x00|\x1f\xc0\xe9\xe0=%\
Dv\xc8\x03\xb8\x0b\xc0\xf7\xe3\xba\xb6J:\x0c\xb9\x17\
\x1b\x002EL\xd3\xf7\x00p%\x80\x93\x01(\xc2q\
\x88\xbc\xc8\x00p?\x80+\xe2\xba\xb6B:\x0c\xb9\x1f\
\x1b\x002UL\xd3\xf7A\xa1\x11\xf8\x94t\x16\x22\x0f\
\xf9\x0b\x0a\x85\xff5\xe9 \xe4\x1dl\x00\xc8\x12\xc5\x19\
\x81K\x00|\x0e|j\x80\xa8\x1ci\x00w\x00\xb8\x96\
\x9f\xf8\xc9\x0al\x00\xc8R1Mo\x05p\x11\x80\xaf\
\x00h\x12\x8eC\xe4\x06\xfd\x00~\x03\xe0Wq]\xeb\
\x90\x0eC\xde\xc5\x06\x80l\x11\xd3\xf4\x1a\x00\xe7\x02\xf8\
\x06\x80\xd9\xc2q\x88\x9ch\x03\x80\xeb\x01\xfc.\xaek\
\xa3\xd2a\xc8\xfb\xd8\x00\x90\xadb\x9a\x1e\x00p\x0a\x0a\
\xcb\x03\x1f\x11\x8eC\xe4\x04/\x01\xb8\x16\xc0\xbdq]\
\xcbI\x87!\xff`\x03@bb\x9a~8\x0a\x8d\xc0\
\x09\xe0^\x02\xe4/9\x00\x0f\xa2\xb0\xbe\xffw\xe90\
\xe4Ol\x00H\x5cL\xd3\xdbP\xd8Y\xf0\x5c\x00\xb3\
d\xd3\x10Yj#\x80\xdf\x01\xb85\xaek[\x85\xb3\
\x90\xcf\xb1\x01 \xc7\x88i\xba\x02 \x06\xe0\x8b\x00N\
\x04\x9f\x1e oH\x03\xf8?\x00\xbf\x05\x10\x8f\xeb\x1a\
\xdft\xc9\x11\xd8\x00\x90#\x15\x0f\x1f\xd2Ph\x06\x16\
\x08\xc7!*\xc7*\x14\x8a\xbe\xce\xc3y\xc8\x89\xd8\x00\
\x90\xe3\x15\xef\x158\x0f\xc0\xa9\x00\xa2\xc2q\x88v%\
\x01\xe0\x1e\x00\xb7pm\x9f\x9c\x8e\x0d\x00\xb9FL\xd3\
\x1b\x00|\x06\xc0\x19\x00\x8e\x02O#$g\xc8\x02x\
\x12\xc0\x9d\x00\xee\x8b\xeb\xda\xa0p\x1e\xa2qa\x03@\
\xae\x14\xd3\xf4\x16\x14\x1e'<\x03\xff\xbf\xbd\xbbg\x8d\
\x22\x8a\xe20\xfe\x100\xe9\x02j\xf0\xadRP\x04%\
\x16\x06DH\xc0j\x82~\x00\xb1\xbc\x9f\xed\xd6jm\
\xc8T\x81\x04D\xd0B\xd1\xc6\x80V\x1aC6\x814\
\xb2\x11\xb3\x16wF\x06Y\xcc\xdbnnv\xe7\xf9\xc1\
a\xeet\x87m\xce\x9f\x9d;w\xe0\x11\xbeE\xa0\xd3\
\xf5\x1bX!\x0d\xfd\x97e\x0c\x9d\xcc\xfdHGf\x00\
\xd0\xc8+B\xbcLz<\xf0\x0cX\xc0\x8f\x11i8\
z\xc0*i\xe8\xbf(c\xf8\x91\xb9\x1f\xe9D\x0c\x00\
\x1a+E\x88\xd7\x80\xa7\xa40\xf0\x10\xc3\x80N\xa6\x07\
\xbc&\x0d\xfd\xe7e\x0c\xdf2\xf7#\x0d\x8c\x01@c\
\xab\xfa\x0e\xc1\xe3\xaa\x0a\xfc\x16\x81\x0eg\x07(\x81%\
`\xc9\xf3\xf85\xae\x0c\x00j\x85\xea\x08\xe2\x07\xc0\x13\
R \x98\x03&\xb26\xa5\xb3b\x1fxK\x1a\xf8\xaf\
\x807\x1e\xc9\xab60\x00\xa8\x95\x8a\x10g\x80ER\
 X\x04.\xe5\xedH\xa7l\x13X&\x0d\xfc\xe52\
\x86\xad\xcc\xfdH\xa7\xce\x00\xa0\xd6\xabN \xbcOz\
\x9b`\x01\x98\xc7@0n6\x815\xd2&\xbe\x15\xe0\
\x9d'\xf2\xa9\xed\x0c\x00R\x1fE\x88\xb7HA`\x9e\
\x14\x0an\xe3\x86\xc2Q\xd1#\x9d\xc2\xb7J\x1a\xfak\
e\x0c\x9f\xf3\xb6$\x9d=\x06\x00\xe9\x10\xaas\x07\x9a\
\x81`\x0e\x98\xca\xda\x94j]\xd23\xfc\xe6\xc0\xf7\xbd\
|\xe9\x00\x06\x00\xe9\x18\x8a\x10'\x81;\xc0,p\xaf\
QWr\xf6\xd5\x02\x1b\xc0\xfbF}\x00>\x951\xec\
e\xedJ\x1aA\x06\x00i\x80\xaa\xcd\x85\xcd@0\x0b\
\xdc\xc5o\x18\x1c\xd5O\xe0#i\xc0\xff\x1d\xf8n\xd6\
\x93\x06\xc7\x00 \x0dY\x11\xe2\x04p\xb3\xaa\x1b\xc0\xf5\
\xeaZ\xaf/\xe4\xea-\xb3m\xe0+\xf0\xa5\xaaz\xbd\
\x0e\xac\x971\xecg\xebLj\x01\x03\x80\x94Y\x11\xe2\
4\xfd\x83\xc1U`\x06\xb8\x08Lgj\xef\xb8v\x81\
\x0e\xb0\x05|\xa7\xcf\xa0/c\xd8\xcd\xd5\x9c$\x03\x80\
4\x12\x8a\x10\xcf\x91\xfe)\xa8\x03A]\xcd\xfb\xf3\xa4\
\x8d\x89S\xc0d\xe3\xfa\xbf5\xc0^U\xdd\x03\xd6\xdd\
\xaavH\xc3\xbd\x1e\xf0\x9d\x7f\xee\xb7\xcb\x18~\x0d\xe3\
w\x9048\x7f\x00\x8b?\xe4\x12\xf9\x17\xd4N\x00\x00\
\x00\x00IEND\xaeB`\x82\
\x00\x00jB\
\x89\
PNG\x0d\x0a\x1a\x0a\x00\x00\x00\x0dIHDR\x00\
\x00\x02\x00\x00\x00\x02\x00\x08\x06\x00\x00\x00\xf4x\xd4\xfa\
\x00\x00\x00\x09pHYs\x00\x00\x0e\xc3\x00\x00\x0e\xc3\
\x01\xc7o\xa8d\x00\x00\x00\x19tEXtSof\
tware\x00www.inksca\
pe.org\x9b\xee<\x1a\x00\x00 \x00ID\
ATx\x9c\xec\xddw|[\xe5\xd5\x07\xf0\xdfs\xaf\
\xa6g,9\xcbv\x12\xc7\x96\xae\xec\x98$$&\x84\
\xb0\x12 \xec\xbd7\xb4e\x97U\xdeB)]/t\
@iY\x85\xee\xbe\xb4\xb4\x94U\xa0\x14\x08;\x09!\
\xcc\x10\x02Y\x8e\xb5\xec8\xcb\xce\xb0\x94xk\xdd\xfb\
\xbc\x7f\xd8\xa14\xcd\xb0}\x1f\xe9^\xc9\xe7\xfb\xf9\xe4\
S\xeaH\xe7\x9e(\x8a\xee\xd13\xce\xc3@\x08!\x84\
d\x8e\xac(\xca$\x00\xe5\x8c\xb1\x89\x00\xca9\xe7\x15\
\x00&\x00\x18\xcf\x18\xb3r\xceG\x01\x90\x01\x14\x01\xb0\
\x02(\x00\xd0\x07 \x06\xa0\x03@\x1c@7\x80\x1e\xce\
y\x1f\x80-\x8c\xb1\x0d\x00Z\x00\xacO\xa5R\x1b\x9a\
\x9b\x9b\xb7\x00P3\xfcg\xcb*\xcc\xe8\x04\x08!\x84\
\xe4&\x8f\xc7S$I\xd24\x00\xd3\x07~\xcd\x00P\
\x07\xc0\x99\x81\xcb'\x01l\x02\xb0\x12\xc0r\xc6\xd8\xa7\
\xaa\xaa~\x16\x0e\x87;3p\xed\xac@\x05\x00!\x84\
\x10!<\x1eO\x11\x80\xb9\xb2,\xcf\xe7\x9c\x1f\x07`\
\x0a\xccu\x9f\xd1\x00\x04\xd0_\x10|\x02\xe0\xcd@ \
\xb0\xde\xe0\x9c\x0cc\xa6\xbf\x18B\x08!\xd9\x85y\xbd\
\xdeC\x01\x9c\xca\x18;\x0e\xc0\xa1\x00,\x06\xe74T\
\x0d\x9c\xf3\xd7\x18c\x0b\x82\xc1\xe0G\x18A\xd3\x06T\
\x00\x10B\x08\x19\x12EQ\xa6\x03\xb8\x08\xc0\x85\x00&\
\x1b\x9c\x8eHQ\xc6\xd8\x9b\x9c\xf3\x17\x0a\x0b\x0b\x17\xac\
X\xb1\x22itB\xe9D\x05\x00!\x84\x90\x03\xf2\xf9\
|\x939\xe7W\xa0\xff\xc6_ct>\x19\xb0\x1d\xc0\
\x93\x9a\xa6\xfd9\x1c\x0e\xaf3:\x99t\xa0\x02\x80\x10\
B\xc8>)\x8ar$\x80[\x00\x9c\x8d\xec\x1b\xde\x17\
e\x05\x80?2\xc6\x9e\x09\x04\x02]F'#\x0a\x15\
\x00\x84\x10B\xfe\x83\xc7\xe3\xb1K\x92t!\x80o\x03\
\x98ft>&\xd2\xcd\x18\xfb\xb3$I?oll\
l3:\x19\xbd\xa8\x00 \x84\x10\x02\x00\xa8\xab\xab+\
H&\x93\xb7\xa0\xff\xc6\xef2:\x1f\xb3b\x8c\xf5j\
\x9a\xf6G\xc6\xd8\x03\xc1`p\x8b\xd1\xf9\x0c\x17\x15\x00\
\x84\x102\xc2\xd5\xd5\xd5\xd9\x92\xc9\xe4\xd7\x00\xdc\x03`\
\x9c\xc1\xe9d\x93\x04\x80\xe7dY\xfeIccc\xc8\
\xe8d\x86\x8a\x0a\x00B\x08\x19\xa1\xea\xeb\xeb\xad]]\
]\x17\x03\xb8\x1b\xb9\xb5\x9a?\xd3\x92\x8c\xb1\xdf%\x93\
\xc9\x1f577w\x18\x9d\xcc`Q\x01@\x08!#\
\x90\xcf\xe7;\x96s\xfe;\x00\x8a\xd1\xb9\xe4\x90m\x9c\
\xf3\xbbB\xa1\xd0_\xd1\xdft\xc8\xd4\xa8\x00 \x84\x90\
\x11\xa4\xae\xae\xce\x95L&\xef\x03p\x0d\xe8\x1e\x90\x16\
\x8c\xb1\xcf\x01\xdc\x12\x08\x04>4:\x97\xfd\xa1\xbf|\
B\x08\x19\x19$EQ\xae\x06\xf0s\x00%F'3\
\x02p\xc6\xd8\x13\xc9d\xf26\xb3N\x0bP\x01@\x08\
!9NQ\x94r\x00\xcf\x028\xd2\xe8\x5cF\x1a\xc6\
\xd8F\xc6\xd8\x95~\xbf\x7f\x89\xd1\xb9\xecI6:\x01\
B\x08!\xe9\xe3\xf5zk\x19c\x1f\xa0\xff\x14>\x92\
y\xc5\x9c\xf3+JKK\x0bKJJ\x96F\xa3Q\
\xd3\x9c5@#\x00\x84\x10\x92\xa3\xaa\xaa\xaa\x8aeY\
^\xce\x18\xf3\x1a\x9d\x0b\x01\x00\xac\x91$\xe9R\xbf\xdf\
\xbf\xc6\xe8D\x00*\x00\x08!$g)\x8a\xf23\x00\
\xdf3:\x8f})sI\xa8.\xb3`\xcc(\x19\xae\
B\x86\x92\x02\x09\xaeB\x09\xee\xa2\xfe\xff\xb6Y\xff\xfb\
\x16\xa5i@\xb4KC\xb4KC{\xa7\x86h\xa7\x86\
H\x17G{\x87\x8a\xe6\xad*\xb6\xb4\xab\xd0\xb8\x01\x7f\
\x98\xc1\x8b3\xc6n\x0b\x04\x02\xbf3:\x11*\x00\x08\
!$\x07UVV:l6\xdbv\x00\x85F\xe7\x22\
K\x0c\xb5\x13e\xd4TX\xa0TX\xe1)\x93\xe1)\
\xb3\xa0\xc0)\xfe\x16\xd4\x97\xe0hnS\x11\xdc\x92B\
\xb85\x85\xe0f\x15k[\x92\x88'\xcdU\x15p\xce\
\x7f_TTt\x8b\x91'\x0eR\x01@\x08!9\xa8\
\xa6\xa6\xe6DM\xd3\xde4\xea\xfa\xe5n\x19s\xa6\xd8\
0\xdbg\xc5\xa1>+\x0a\xf3$\xa3RA_\x82\xe3\
\x8bp\x12\x9f\xf8\x13\xf8x]\x02Mm\xe6\x98\x86\xe7\
\x9c/a\x8c\x9d\x1f\x0c\x06\xdb\x8d\xb8>\x15\x00\x84\x10\
\x92\x83\x14E\xb9\x0d\xc0C\x99\xbcf\xcd\x04\x0bN?\
\xcc\x81#\xebl\x980\xda\xbck\xccwth\xf8\xb0\
!\x81\xd7>\x8d\xe1\xf3p\x12\xdc\xd8\xc1\x81\xf5\xb2,\
\x9f\xd1\xd8\xd8\xb86\xd3\x17\xa6\x02\x80\x10Br\x90\xcf\
\xe7\xfb\x09\xe7\xfc\x07\xe9\xbe\x8e\xabP\xc2\xc9\xb3\xec8\
\xe30\x07\xbc\xe5\xd9wZpkT\xc3k\xcbbX\
\xb0,\x86M;\x0c\x1b\x19\xe8\xe2\x9c_\x12\x0a\x85\x16\
d\xf2\xa2T\x00\x10BH\x0e\xf2\xf9|\xdf\xe2\x9c?\
\x9c\xae\xf8sj\xad\xb8`n\x1e\x8e\x98b\x83\xc5\xbc\
_\xf6\x07\x8ds`\xf5\xfa$\x9e_\xda\x87\xb7V\xc4\
\xa1f\xbe\x91o\x12\xc0\xe5\xc1`\xf0\xb9L]\x90\x0a\
\x00B\x08\xc9A\x8a\xa2\x1c\x07`\xa1\xc8\x98\x8c\x01\xf3\
\xa6\xd9q\xd5Iy\x9821\xfb\xbe\xed\x0f\xd6\xe6v\
\x15\x7f{\xa7\x17\xaf|\x12G\x22\x95\xd1\xf9\x01\x15\xc0\
7\x82\xc1\xe0\xdf2q1*\x00\x08!$\x07\x0d\x9c\
\xf4\xb7\x0d\x02\xda\xfe\xca\x12\xc3\x09\xf5v|\xe3\xc4<\
T\x8f\xcf\x81\xaf\xfb\x83\xd4\xde\xa9\xe1\xef\x8b\xfa\xf0\xfc\
\xfb}\xe8\x8bg\xac\x10\xd0\x00\xdc\x10\x0c\x06\xff\x98\xee\
\x0b\x8d\x9c\xbfIB\x08\x19A\xda\xda\xda4\xb7\xdb-\
\x018NO\x9c\xb9S\xedx\xe4\x86\x22\x9c}\x84\x03\
\xaeB\xe3V\xf2\x1b!\xcf\xcepX\xad\x0d\xe7\x1e\xe1\
@O\x1c\xf0oJ!\x03e\x00\x03p\x9a\xcb\xe5\xda\
\x19\x8dF\x97\xa5\xf3BT\x00\x10BH\x8e\xba\xf9\xac\
q\xeb\xa2\xbd\xec\xba\xae^\xee\x18\xeas\xcb\xdd2~\
|e!\xae;5\x1f\xc5\xf9#\xeb\xc6\xbf'\x87\x8d\
\xe1\xa8\x83l8j\xaa\x1dM\xad*\xb6\xedL\xfb\x02\
\x01\xc6\x18;\xb9\xb4\xb4tW$\x12I[\x11@S\
\x00\x84\x10\x92\x83:\xde\x9c\xe3\x92-\xd2Km\x11\xed\
\xe8k\x1f\xd9\x85-\x91\xc1\xadp\xb7[\x19\xae\x98\xef\
\xc4\xd7O\xc8\x83\xc3F\xb7\x88=q\x0e,X\x16\xc3\
\xa3/\xf7 \xd2\x99\xf6B@c\x8c]\x14\x08\x04\x9e\
OGp\x1a\x01 \x84\x90\x1c\xd3\xf7\xd6\xd1\x93\x99\x8c\
\xa5\x00f\x14:\x19N\x99e\xc7\x86\xed*Z\xb6\xed\
\xbf\x08\x98;\xd5\x86\x87\xae+\xc6q3\xec\xb0\xc8t\
\xf3\xdf\x1b\xc6\x00_\x85\x05\xe7\x1c\xe1\xc4\x8e\x0e\x0d\xc1\
-\xa9\xb4^\x0e\xc0\xe9n\xb7{i$\x12\xd9\x98\x8e\
\xe0\x84\x10BrD\xe7\xe2#|R\x8a-\x04\xe3\x15\
{\xfe\xde\xaa\xe6$^[\x16\xc3\xf2P\x12\xdb\x07\x86\
\xb1\xc7\x96H8D\xb1\xe2\xb4\xd9\x0eL\x9bl\xcdx\
\xbe\xd9\xee\x8d\xe51\xdc\xfbl7zbi]\x1d\x10\
\xe5\x9c\x1f\x19\x0a\x85\x1aE\x06\xa5\x02\x80\x10BrD\
\xd7\xc2\xa3\xa60\xae\xbd\x03\xa0\xcc\xe8\x5cF\x92\xb6\xa8\
\x86\xef?\xd1\x89\x95Mim\xeb\xbfY\xd3\xb49\xe1\
px\xb3\xa8\x804\x05@\x08!9\xa0s\xf1\x11>\
I\xe3K\x00\x8c7:\x97\x91\xa6\xd0\xc9p\xdal\x07\
4\xad\x7f\x94%Mc\x01E\x92$\xcds:\x9dO\
vvv\x0a\x99w\xa0\x02\x80\x10B\xb2\x5c\xc7\x9bs\
<2\xd8{\x00\xc6\x19\x9d\xcbH%1\xe0P\x9f\x0d\
\x9er\x0b\x96\xaeI \x95\x9e\xae\xc2\xe3\xadV\xeb\xd8\
H$\xf2\xaa\x88`T\x00\x10BH\x16\xeb{\xe7\xc8\
\x89\x90\xd8{\x00\xca\x8d\xce\x85\x00\x93\xc7Y0\xcbg\
\xc5\xd25\x09\xf4%\xd22\x160\xd3\xedv7G\x22\
\x91\xd5z\x03\xd1\x1a\x00B\x08\xc9R\x91\xd7g\x17\xd9\
\xad\x96\xf7\x01L3:\x17\xd1V6%\xb1he\x1c\
\x8d\x1bS\x88vi(\xce\x97P\xe6\x96q\xd4AV\
\xcc\x9bf7\xfd\x16\xc5\xcd\xed*n\xfem\x076\x1c\
`\xe7\xc50\xf5p\xceg\xe9]\x14h\xeeW\x90\x10\
B\xc8^\xf1\xcf\xea\xad=Q\xc7k`8\xde\xe8\x5c\
D\xda\xb0M\xc5\xcf\x9e\xed\xc2g\xc1}/\xa8\x1bW\
\x22\xe3\xb6s\xf2q\xfcL{\x063\x1b\xba\xce^\x8e\
\xdb\xfe\xd0\x81/\xc2\xe2\x17\x07r\xce\xd7\xf6\xf4\xf4\xcc\
nmm\xed\x1dn\x0c\x9a\x02 \x84\x90,t\xc7y\
U\x7f\x04\xc3yF\xe7!\xd2\x8aP\x12\xd7?\xd6\x81\
\x96\xad\xfb\xff\xd6\xdc\x1d\xe3X\xf8E\xff\x89}\xb3|\
\xb6\x0ce7tvk\xff\x19\x0a+\x9b\x92h\x8b\x8a\
m\x1a\xc4\x18\x1bc\xb3\xd9FG\x22\x91a\x1f!L\
\x05\x00!\x84d\x99\xaew\x0e\xbf\x811\xf6C\xa3\xf3\
\x10i\xc36\x15\xd7?\xd6\x81\xae\xde\xc1\xdf(?\x0f\
'\xe1.\x921e\x92yO&\xb4\xca\x0c\xc7\xcd\xb0\
c\x99?\x81\x1d\x1d\xc2;\x07\xd6\x97\x94\x94|\x1e\x8d\
F\x83\xc3y\xf2\xc8n\xf0L\x08!Y\xa6\xf7\x9d#\
\x0ec`\x0f\x1b\x9d\x87h\xf7>\xdb5\xa4\x9b\xffn\
\x0f\xfd\xb3\x1b[w\xa6g\xc9\xbd(\xf9\x0e\x86_\xdf\
X\x8c\xea2\xf1\x85\x8a,\xcb\xbf\xae\xab\xab+\x18\xd6\
sE'C\x08!$=:\xdf\x9dW\x0aM[\x0c\
\x01G\xfc\x9a\xc9\xca\xa6$~\xb7`xS\xd9)\xb5\
\xbf?\xff\xe1S\xcc;\x15\x00\xf4\x1f(4\x7f\x86\x1d\
K\xd7$\xb0\xabG\xe8\xee\x80b\xce\xb9-\x12\x89\xbc\
3\xd4'\xd2\x08\x00!\x84d\x09YM\xfe\x169\xb8\
\xddo\xd1\xca\xb8\xae\xe7\xbf\xbb*\x01\x9e\x81sz\xf5\
r\x15J\xf8\xcdM\xc5\x18[\x22\xf6\xd6\xcb9\xff\x96\
\xc7\xe3\x991\xd4\xe7\x99w\xe2\x84\x10BF\x16\xa9\xb6\
\xb6v\x8a\xaa\xaa3\x0188\xe7\x11\xc6\xd8\x17\xc1`\
\xb0\x19\x00z\xde9\xfc\x1a\xceq\xbe\xc19\xa6\x85\x7f\
\x93\xbe!\xfc\xb6\xa8\x8a\x8e\x1e\x0d\xa3\x0a\xcc\xff\x9dv\
\xbcK\xc6C\xd7\x15\xe3\xea\x87v\x89\xec\x13`\x91$\
\xe9\x0f\x00\xe6\x00\x18\xf4\x8bI\x05\x00!\x84\x18\xa8\xae\
\xae\xce\x96H$na\x8c\xdd\xa4\xaa\xea\xa4\xdd?g\
\xac\x7f\x97\xb6\xa2(\xcb\x0f\xaa\xb4<\x09\xb0{\x0dK\
2\xcd\x22\x9d\xfa\xe7\xf0\xdb;9F\x0dk&<\xf3\
j'Xp\xcf\x15\x85\xb8\xf3\xf1N\x91#\x17\xb3\xbc\
^\xef\x8d\xa1P\xe8\xd1\xc1>\xc1\xfc\xe5\x12!\x84\xe4\
(EQ\xaa\x92\xc9\xe4\xa7\x8c\xb1_\x02\x98\xb4\x8f\x87\
\xcdZ\xdb\x92z\xf4\xb6?t\x14\xa4\xa9\xb3\x9c\xe1D\
\xb4\xcdM\xaa\xd9\xf5\xda\xcc\x9fa\xc7\x15\xf3\x9dBc\
2\xc6\xee\xae\xac\xac\x1c5\xd8\xc7\xd3\x22@B\x081\
@uu\xf5\x04Y\x96\x97\x02\xf0\x0d\xe6\xf1-\xdbT\
\xaclJ\xe2\xa4Yv\xc8Rn\xf4pk\x8b\xaa\xf8\
\xfb\xa2>|\xe2O\xea.\x02l\x16\x86\xaa\xf1\x16\x14\
:\xb3\xe7\xb5\x99\xa5\xd8\xb0<\x98\xc4\xd6\x9d\xc2\xb6\x07\
:-\x16K*\x12\x89\xbc;\x98\x07g\xcf+E\x08\
!\xb9\x83)\x8a\xf26\x80\xf9C}\xe2\x95\xc7;q\
\xebYY2\xd6\xbd\x0f-\xdbT\xfc\xe1\xf5\x1e\xbc\xb3\
\x22\x0eM\xe0\x17w\x89\x01G\x1dd\xc75\xa7\xe4a\
\xca\xc4\xec\x98\xe1\xde\xb6S\xc3\x85\xf7F\xd1\xd9+\xec\
\x85\xe8\xd64\xad*\x1c\x0e\xef8\xd0\x03i\x04\x80\x10\
B2\xcc\xeb\xf5\x9e\xcb\x18\xfb\xeep\x9e\xbb\xb6%\x85\
3\xe78Q\x90E\xdftw\xeb\x89q<\xfc\xcf\x1e\
\xdc\xf3\xf7n\x84\xb6\xa4\x84\x1f\x9b\xcb\x01l\xd8\xae\xe2\
\xa5\x8fb\x08\xb7\xaa\x98>\xd9j\xfa\xd7\xa9\xc0\xc9\xe0\
.\x92\xb0duBTH\x1bc\xcc\x12\x89D\xde:\
\xd0\x03\xa9\x00 \x84\x90\x0c+--\xfd+\x86\xb9\x9d\
\x8fs\xa0\xc0)\xe1\x10\xafUpV\xe9\xb5<\x98\xc4\
\xf5\x8f\xee\xc2\xa7\x81dF\xb6\xec\xad\xdf\xaa\xe2\x9f\x1f\
\xc6P\x9c\xc70e\x92\xb9_+_\x85\x05\xab\xd7'\
\xb1\xb9]\xd8T\xc0\x8c\x92\x92\x92\xbfF\xa3\xd1\xce\xfd\
=\x88\x0a\x00B\x08\xc9 EQ\x8e\x03p\x97\x9e\x18\
\x12\x03N?\xcc!(\xa3\xf4\xe2\x1c\xf8\xf3\xdb\xbd\xb8\
\xe7\xef\xdd\xe8\xee\xcb\xecB\xbd\x94\x0a\xbc\xbf6\x81\xa6\
6\x15G\xd6\xd9`\xb5\x98w4`\xa6\xc7\x8a\x7f}\
\x1cC2%$\x9cE\x92\xa4\xfc\x03\x9d\x13@\xbb\x00\
\x08!$\x83\x18c\xdf\xd1\x1bC\xe07\xc5\xb4R5\
\x8e{\x9f\xed\xc6o^\xe9\x81*r\xb2\x7f\x88\x16~\
\x11\xc7\x95\x0f\xec\xc4\xf6]\xe6}\xdd\xc6\xbbd\xdct\
z\xbe\xb0x\x9c\xf3\xaf\xd7\xd5\xd5\x8d\xdb\xdfc\xa8\x00\
 \x84\x90\x0c\xf1x<39\xe7'\xe8\x8d\x93\xca\x82\
-o\x1a\x07\xbe\xffD\x17^\xfc\xa0\xcf\xe8T\x00\x00\
\xe1V\x15\xd7<\xb2+\x1d\x07\xf2\x08s\xc1\x5c'\xa6\
U\x09[\xbchK\xa5R\xd7\xec\xef\x01T\x00\x10B\
H\x86H\x92t\xa7\x888\xe3\xdd\xe6\xff\xe8\xfe\xf9s\
]x{\x85\xbe\x16\xbf\xa2m\xda\xa1\xe2\x9b\xbf\xee\x10\
\xb9\xe2^(\x89\x01\xdf9\xbf\x10L\xd0L\x05\xe7\xfc\
\x86\xfa\xfa\xfa}.\x800\xff\xbb\x88\x10Br\x80\xa2\
(U\x00\xce\x15\x11\xabn\xa2\xb9\x17\xb5=\xbf\xb4\x0f\
/\xbc\x1f3:\x8d\xbdjjM\xe1;\xff\xd7\x01\xd5\
\xa4\x03\x01S&Zp\xcc4\xbb\xa8p\xe3\xbb\xbb\xbb\
\xcf\xdc\xd7oR\x01@\x08!\x19\xc09\xff\x1a\x04-\
\xbc6\xf3\x02\xc0u\x1bSx\xe0\x85n\xa3\xd3\xd8\xaf\
O\x03I\xfc~A\x8f\xd1i\xec\xd3\xcdg\xe6C\x16\
tw\xd64\xed\xc6}\xfd\x1e\x15\x00\x84\x10\x92~\x8c\
1v\xa9\x88@\x07W[Q3\xc1\x9cMnT\x0d\
\xf8\xe9\xd3]H\x0ah\xed\x9bn\x7fy\xbb\x17\xab\x9a\
\x93F\xa7\xb1W\x93\xc6\xca8y\x96\x98\x22\x8f16\
\xaf\xa6\xa6f\xea\xde~\x8f\x0a\x00B\x08I3\xaf\xd7\
{\x14\x80*\x11\xb1\xae\x98\x9f'\x22LZ\xfc}Q\
/\xfc\x9b\xc4\xeccK7\x8d\x03\xf7>\xdbm\xdac\
\x84\xaf;5\x0fVA\x1b\xf55M\xbbno?\xa7\
\x02\x80\x10B\xd2\x8c1v\xb9\x888\x95ce\x1c=\
\xd5&\x22\x94p]\xbd\x1a\xfe\xf2v\xaf\xd1i\x0cI\
hK\x0a\x9f\x06\x84u\xe0\x13\xaa\xdc-\x8b\x9c\xea9\
\x0f{\x99~\xa2\x02\x80\x10B\xd2\xa8\xb2\xb2\xd2\x81\xfe\
\x0f`\xdd\xae\x98\x9f\x07\xb3\x9e\x03\xf4\xf7\xc51\xd3\xae\
\xae\xdf\x9fwW\x99\xb3\x00\x00\x80\x0b\xe7\x0a;-p\
\xac\xd7\xeb=b\xcf\x1fR\x01@\x08!id\xb3\xd9\
\xce\x020\xe8#Z\xf7\xc5]$\xe1\xe4Y\xc2V\x87\
\x0b\x95Hq\xd3\xec\xf7\x1f*\xfffs\xae\x03\x00\x00\
o\xb9\x05\xd3\xab\xc4\xec\xf8\x90$\xe9\xbfv\xa0P\x01\
@\x08!\xe9u\xa1\x88 \x17\xcfs\xc2n5\xe7\xd7\
\xffwW&\x10\xed\x12\xbf\xafNb\xc0\xd8\x12\x09\xd3\
\xab\xac\xa8\x1c+\xc3\x96\x86V\xbe1s\xb5*\xf8/\
\x17\x1c-f\x1a\x80s~\x0e\xf68\x01\xd8\x9cKI\
\x09!$\x07\xcc\x9b7\xcf\xd2\xda\xdaz\x8c\xde8f\
\xef\xfd\xff\xce\xe7b\xef\xa2\x95ce\x5c4\xcf\x89S\
\x0fu \xdf\xf1\xef{\x16\xe7\xc0'\xfe$\xfe\xf1^\
/\x96\xaeM\x08Y\xc0\xe7\xb4\x9b\xb3\xa8\xdam\xfeL\
\x07\x1e\xfag\x0f\x22\x9d\xba\x0b\xac\x0a\x8f\xc7sX8\
\x1c\xfex\xf7\x0fh\x04\x80\x10B\xd2d\xcb\x96-\x87\
\x03(\xd6\x1bg\x96\xcf\x86\xd1\xc5\xe6\xfc\xb8\x8e'9\
>j\x147\x8f~\xf11N<\xf7}\x17.8\xda\
\xf9\x1f7\x7f\x00`\x0c\x98Sk\xc5\xc3\xd7\x17\xe3\xa1\
\xeb\x8aQ(\xe0\xa8_o\x99\xb9\xcf\xc4\xb3\xca\xc0Y\
s\xc4\x14\x7f{N\x03\x98\xf3\x1dE\x08!9@\x92\
$\xdd}\xff\x01\xe0\xc4zs\xce\xfd\x03@\xe3\xc6\x14\
b\x091\x8b\xff\xee\xba\xa8\x00w\x9cW0\xa8\xedo\
s\xa7\xda\xf0\xd7;JP\xa0\xb3\x088\xe6`\xf3\xbe\
\xb6\xbb\x9d:[\xd84\xc0\x19_\xfd\xffT\x00\x10B\
H\x9ap\xceO\xd2\x1b\xc3fa8\xee`sn\xfd\
\x03 \xac\x99\xceY\x87;p\xfeQC[\xf5^9\
V\xc6\xdd\x97\x0d\xbfw\xbe\xa7L\xc6\xec\x1a\xf3\xbe\xb6\
\xbbU\x8e\x95Q9V\xffH\x05c\xcc[[[;\
~\xf7\xff\xa7\x02\x80\x10B\xd2@Q\x94R\x003\xf4\
\xc69\xf2 \x1b\x0a\xf3\xcc\xfbQ\xdd\xb2M\x7f\xdb?\
\xa7\x9d\xe1\x963\x87w\x14\xee\xb1\x07\xdbq\xd9\xb1C\
o\x8ed\x91\x81\xef_\x5ch\xdam\x95{:f\xba\
\x98\x91\x0aM\xd3\xbe\xdc\x0eh\xdew\x15!\x84d1\
\xce\xf9\xf1\x10\xf0\x19k\xe6\xe1\x7f\x00\xd8\xb8C\x7f\x01\
p\xc2L;F\x15\x0c\xff\xa5\xba\xf9\xcc\xfc!\xdd \
e\x89\xe1\x9e\xcb\x0b\x85m\xb1\xcb\x84\xb9\xd3\xc4\x8cT\
h\x9av\xe4\xee\xff\xa6\x02\x80\x10B\xd2\x801v\xe4\
\x81\x1f\xb5\x7f\x12\x03\x0e\xab5\xf7\x10\xb5\x88\xed\x7f\xf5\
^}7b\x8b\x0c\xfc\xe2\xeaB\x5csr\xfe\x01\xb7\
\x0a\x8e+\x91\xf1\xfb[\x8a\x85\xf5\xda\xcf\x94\xa9\x95V\
\x8c-\xd1\x7f\xcb\xfe\xea\xfb\x92\xb6\x01\x12BHzL\
\xd7\x1b@\xa9\xb0\x08Y\xe9\x9eN\xbd1\xfd\x0b\x00+\
J\xf5\xcfo\xcb\x12\xc3\x0d\xa7\xe5\xe1\x8c9v\xbc\xfc\
Q\x0cK\xd7$\xb0a\xbb\x8ax\x92\xa3\xc0\xc90\xbd\
\xca\x8a\xf93\xec8y\x96=-\xfd\x04\xd2\x8d1\xe0\
\xa8\x83\xecx\xe1}\xdd\x0d\x97\xa6\xfb|\xbe\xc2@ \
\xd0E\x05\x00!\x84\x88'A@\x01p\x88b\xfe!\
jU@\xff\x9f\x02\xa7\xb8\xc1\xe8r\xb7\x8co\x9e\x9e\
\x8fo\x9e>\xbc5\x05fV\xef\xb1\x8a(\x00,\x9a\
\xa6\x1d\x06\xe0\x1d\x9a\x02 \x84\x10\xc1jjj<\x00\
\x0a\xf4\xc6\xa9\xf7\x9a{\xf8\x1f\x80\x90\xee\x84\xad\x91\xec\
8A\xd0h\x07M\x16\xf6\x9d\xfdP\x80\xd6\x00\x10B\
\x88p\x9a\xa6\xcd\xd4\x1bC\x96\x18fV\x9b\x7f\x906\
_\xc0T\xfa\xfa\xad\xfa\x17\x12\x8e\x04\xe5n\x19\xee\x22\
!\xeb\x00\x14\x80\x0a\x00B\x08I\x07\xdd\xc3\xff\xder\
\xd9\xd4\xdb\xffv+s\xeb/R\x16~a\xf2\x86\xfc\
&r\xd0$!E\xa1\x0f\xa0\x02\x80\x10B\xd2\xe1`\
\xbd\x01\x94r\xf3\x7f\xfb\x07\x80r\xb7\xfe\xdbH\xc3\x86\
\x14>l0\xef\xb1\xbcf2u\xb2\x90u!4\x02\
@\x08!i2Yo\x80\xcaq\xe6\xeeQ\xbf[\xed\
D1\x85\xca\xbd\xcfvag\xb7\xf8\x13\x05s\xcdA\
\x95B^\xef\x92\xea\xea\xea1T\x00\x10B\x88x\x15\
z\x03T\x8e\xcd\x8e\x11\x80\xa9\x95bv*\xb4E5\
\xdc\xf4\x9bN\xb4Ei=\xc0\xfeL\x1c#\xa60\xb4\
X,^*\x00\x08!D\xa0\xa9S\xa7\x96\x00\xd0\xbd\
\x07MD\xef\xf7L\x984VF\x99K\xcc\xad\xa4q\
c\x12\x97\xde\xbf\x0b\xef|\x1e\x87\xaa\x899`(\xd7\
\x8c\x19%\x0f\xea\xb0\xa4A\xf0eG\x89I\x08!Y\
\x22\x95J\x95\xeb\x8da\x91\xc54\xc7\xc9\x94\xb9\xd3\xec\
xf\x89\xee\xfd\xe9\x00\x80]\xdd\x1a\xee|\xbc\x13\xe3\
]2N\x99eG\xd5x\x0b\xca\xdc2\x0a\x9d\x80\xcd\
\xcaPZ$\xc1a\xcb\xbeF>\xa2H\x0c\x18\xe7\x92\
\xb1Ig\x0bf\xce\xb9\x98\xe5\x84\x84\x10B\xfai\x9a\
\xa6{\xf8\xbf\xcc-\xc3\x92=\xf7\x7f\x9cr\xa8CX\
\x01\xb0[[T\xc5\xe3o\xf5\xee\xf5\xf7J\x8b$L\
\x1e'c\xdad+fx\xac8D\xb1few\xbf\
\xe1*s\xeb/\x00\x00\x94P\x01@\x08!\x02q\xce\
'\xe8\x8d1\xba8\xbbfg\xeb&YP7\xc9\x82\
\x86\x0d\x99i\xe8\xd3\xde\xa9\xa1\xbdS\xc3\xf2`\x12x\
\x0b\xc8w0\xcc\x9dj\xc3\xb9G:1\xc3c\xfe\xee\
\x89z\x8d\x173\xe5\x22\xe0d\x01B\x08!_b\x8c\
\x8d\xd3\x1b\xa3(\x0b\xf6\xff\xef\xe9\x8a\xf9C?\x92W\
\x94\x9e\x18\xc7\xeb\xcb\xe3\xb8\xea\xe1]\xb8\xf8\xbe\x9dx\
oMn\xf7\x15\xa0\x02\x80\x10BL\x88s\xae\xfbN\
X\x94\x97}\xc3\xd9\xf3g\xd8\xe1\xab0~P9\xb0\
9\x85\xdb~\xdf\x89o<\xb4\x0bM\xad\xb9\xd9b\xb8\
P\xc0\xd9\x09\x8c1AK7\x09!\x84\xec6\xf8\x83\
\xe9\xf7\xa10\x0b\x0b\x00\xc6\x80\xdb\xcf+\x003I\xea\
+\x9b\x92\xb8\xe4\xe7;\xf1\xa77z\x90k\x1b\x0aD\
,\x82\xe4\x9c\xd3\x08\x00!\x84\x08\xa6\xbf\x000\xf9\x11\
\xc0\xfbR\xef\xb5\xe2\xac9\x02\x0e\x07\x10$\xa9\x02\xbf\
[\xd0\x8b[~\xdb\x81\xce\xde\xdc\xa9\x02\xecb\x969\
P\x01@\x08!\x82\xe9>\xc2/\x1b\xd7\x00\xecv\xfb\
y\x05\x98l\xb2.\x86\x1f\xadK\xe0\xeb\x0f\xee\xc4\xd6\
\x9d\xb9\xd1dH\xd06H\x81\x870\x13B\x08\x01\x00\
\xdd_\x81e);G\x00\x00\xc0ig\xb8\xff\xaab\
8M\xb6W\x7f\xfdV\x15W=\xb4+'\x8a\x00\x87\
M\xc8\xad;E\x05\x00!\x84\x88\xa5{\x04 \x91\xca\
\xee\xe1jO\x99\x8c\x07\xae-\x16\xd5\xb1N\x98\xb6\xa8\
\x86\x1b\x7f\xdd\x81\x8e\x9e\xec~}\x1db\xa6\x00\xa8\x00\
 \x84\x10\x91\x18c\xbao{\xc9\x1cX\xbc>\xa7\xd6\
\x8a\x9f}\xbd\xc8tE\xc0\xfa\xad*\xbe\xfb\xe7\xce\xac\
n5\x9cT\x85\xe4\xaeR\x01@\x08!\x02q\xce{\
\xf4\xc6H\xa4r\xe3T\xbc\xf93\xecx\xe4\x86b8\
\xed\xe6\x9a\x0eX\xe6O\xe0O\xaf\xef\xbd\xcb`6\xe8\
\x8e\x09)\x00h\x04\x80\x10B\x04\xeb\xd2\x1b \x95\xfd\
\xd3\xd4_\x9aSk\xc3\xd3w\x96\xa0z\xbc\xb9\x86\x02\
\x1e\x7f\xab\x17\x8d\x1b\x93F\xa71,\xbdT\x00\x10B\
\x88)u\xea\x0d\x90\xedk\x00\xf64i\xac\x8c\xbf\xde\
^\x82\xf3\x8fv\xc2,\xeb\x1bU\x0d\xb8\xf7\xd9n\xf0\
,|\xa9{\xe34\x05@\x08!f\xa4{\x04 \xdb\
\x17\xa9\xedM\x9e\x83\xe1\xae\x0b\x0b\xf0\xf8\xff\x8c\xc2\xb4\
\xc9\xe6\xe8\xd7\xdf\xb0!\x85\x85_d_\xdb\xe0\xee>\
!\xef\x8f\x0e*\x00\x08!D,\xdd#\x00\xdbv\xe6\
\xc6\x1a\x80\xbd\x99^e\xc5\x13\xb7\x8f\xc2\xc3\xd7\x17\xa3\
\xde\xab{\xc3\x84n\xbf\x7f\xad'\xebF\x01\x04\x8d\x00\
l3\xbeq3!\x84\xe4\x16\xdd#\x00\xb9\xb0W\xfd\
@\xe6N\xb5a\xeeT\x1b\x9a\xdaT\xbc\xb9<\x86E\
+\xe3h\xd9\x96\xf9?\xf7\xfa\xad*>\xf1'0\xa7\
\xd6\xf8bd\xb0\x04\x15\x88\xadT\x00\x10B\x88X\xed\
z\x03l\xcd\xe1\x11\x80=U\x8f\x97q\xe3\x19\xf9\xb8\
\xf1\x8c|\xec\xe8\xd0\xb0\xba9\x85\xc0\xe6$\xb6D4\
\xb4FT$R@g\x8f\x86\x1d\x1dZ\xda\xd6F\xbc\
\xf8~,\xab\x0a\x80\xcd\xed\xfa\x0b%\xc6\x18\x8d\x00\x10\
B\x88H\x9c\xf3\xf5L\xe7\x898}q\x8e\xae>\x9e\
\xb5g\x02\x0c\xd7\xe8b\x09\xc7\xcd\xb0\xe1\xb8\x19\xff}\
3\xe6\x1c\xd8\xbeK\xc3\xd25q\xfc\xe3\xfd\x98\xd0\x93\
\xfe>\x5c\x97@_\x9c\x9bn\xbb\xe2\xbel\xdc\xae\xbf\
\x00\xe0\x9c\xd3\x08\x00!\xd9\xac\xac\xac,\xaf\xa0\xa0`\
\x9c\xa6i\xa3,\x16\x0bc\x8c\xc5\x13\x89\xc4\xf6\xa6\xa6\
\xa6\xedF\xe76R%\x93\xc9\xf56\x9bM\x03\xa0k\
\x8d\xd5\xd6\xa8\x8a\xc2r\xfa\x88\xde\x8d1`l\x89\x84\
\xf3\x8fv\xe2\xbc\xa3\x9cxjq\x1f\x1e}\xb9[\xc8\
\x96\xc9x\x92\xe3\xa3u\x09\x1c7C\xf79Ni\xd7\
\x13\xe3\xd8\xd9\xad\x7f\x84\x88s\xbe\x95\xde]\x84d\x89\
i\xd3\xa6\xe5\xf7\xf5\xf5\xcdc\x8c\x1d\x09\xe0\x08\x00>\
\x00c\x00@\x92$hZ\xff\x87\x82,\xcbP\x14%\
\x09 \x04\xe03\x00\xcb%Iz\xcf\xef\xf7\xaf\x05\x90\
e\xcb\x9d\xb2OKKKLQ\x94V\x00\x15z\xe2\
\xac\xdf\xaa\xc2K\x05\xc0^1\x06\x5cv\x9c\x13\xb5\x13\
-\xb8\xf9\xb7\x1d\x88%\xf4\xbf\xad?oJfE\x01\
\xb0q\xbb\x98\x91\x0fY\x96\xa9\x00 \xc4\xe4XMM\
\xcd\x09\xaa\xaa^\x1e\x8b\xc5\xceb\x8c\xe5\x0f\xf2yV\
\x00S\x06~]\xa1i\x1a\x14E\xd9\x01`\x09\xe7|\
\xb1$I\xef\x06\x02\x81@\xda\xb2&\xcd\xd0Y\x004\
lH\xe1\x84z\xf3\xdf\x90\x8cT\xef\xb5\xe2\xce\x0b\x0a\
p\xcf\xdfu\xaf\xbb\xc4\xea\xe6\xech\x0a\xb4i\x87\x98\
\xf5!\x9a\xa6\x05\xa9\x00 \xc4\x9c$\x8f\xc7s\xaa$\
I?\xd24\xed\x10\xbds\xca\x03F\x038\x9f1v\
>\xe7\x1c\x8a\xa2l\x03\xb0\x14\xc0B\xc6\xd8;\x81@\
`\xbd\x88\x8b\x10\x00\xfd\x05\xc0\xd1z\x02\xac\xdb\x98\x03\
\x07\x02d\xc0\x99s\x1c\xf8\xc7\xd2\x98\xee\xae~\xcdm\
*8\xef\x1f]03A\xef\x8b\xd6`0\xd8N\x05\
\x00!&\xe3\xf3\xf9\xa6q\xce\xff\x08`v\x9a/5\
\x16\xc0\xf9\x00v\x17\x04m\x00>\x00\xb00\x95J\xbd\
\xd9\xdc\xdc\xbc1\xcd\xd7\xcfY\x8c\xb1f\xaessy\
\xe3\xa6$4\x0e\xd3t\xce3\xb3\xf3\x8er\xe0'O\
\xe9+\x00\xfa\x12\xfds\xeb\xaeBs\xb7\xc7Y%`\
\xa4\x82s\xbe\x06\xd0\xb9H\x85\x10\x22\x94\xec\xf3\xf9~\
\xca9_\x81\xf4\xdf\xfc\xf7f<\xfa\x0b\x82?X,\
\x96\x0d\x8a\xa2\xacS\x14\xe57>\x9f\xef<EQJ\
\x0d\xc8'\x9b\xad\xd6\x1b\xa07\xc6\xd1\xb2\x95F\x01\x06\
c\xbe\xa0\xb9\xfb\xed\xbb\xcc\xbd\xfd2\x96\xe0X\xb7A\
\x7f\x01 I\xd2j\x00\xa0\x11\x00BL\xa0\xa6\xa6\xc6\
\xadi\xda3\x9c\xf3\xe3\x8d\xce\xe5+j\x01\xd4r\xce\
\xbf\x09\x00\x8a\xa24\xa3\x7f\xba`\xa1\xcdf[\xb8f\
\xcd\x9a\x9d\xc6\xa6g^\x92$}\xaa\xaa\xfa\x97\xa7\xaf\
\xdb\x98B\xd5x\xfa\x98>\x90B'C\xa1\x93\xa1K\
g\x8b\xdc\xb8\xc9\x97\x01\xac\xdb\x98BR\xc0\xae\x07\xce\
\xf9Z\x80\x0a\x00B\x0c\xe7\xf3\xf9&k\x9a\xb6\x08\xc0\
d\xa3s9\x80*\x00\xd7r\xce\xaf\x8d\xc7\xe3\xaa\xa2\
(+\x00,\xd64\xed\xdd\xbc\xbc\xbc\x0fW\xaf^\xad\
\xfb\x18\xdc\x5c\xd1\xd8\xd8\xd8\xe6\xf3\xf96r\xce'\xea\
\x89\xb3<\x98\xc4i\xb3\x1d\xa2\xd22DR\x05\xd6m\
HbG\x87\x06\x06\x86\xb1%\x12\xbc\xe52\xecV\xb1\
s\x1b\xae\x22\x09]}\xfa\xee\x8ef?\x84\xe9\x8b&\
1\x15\x0a\xe7\x9cF\x00\x081Zmm\xed$UU\
\xb3\xe1\xe6\xbf'\x19\xc0\xa1\x00\x0e\x95$\xe9\xbb\xb1X\
,\xa5(\xca*\x00\x0b\x01,L$\x12\x1f\xb4\xb4\xb4\
\xc4\x8cM\xd1X\x9c\xf3e\x00t\x15\x00\x1f\xacM@\
\xd58\xe4,\x5c\x08\xb0u\xa7\x8a'\xde\xee\xc3\xab\x9f\
\xc4\xd0\xb7\xc76\xbd|\x07\xc3\x093\xed\xb8\xf6\x94|\
\x8c-\xd1?\x13\xcd9\xb0]@\xf7D\xbb9\xce(\
\xda\xa7Ub\x0a\x80\x04\xe7\xbc\x11\xa0\x02\x80\x10\xc3x\
<\x9e\xd1\xaa\xaa.\x01Pip*\x22X\x00\xd4\x0f\
\xfc\xba\xd3f\xb3\xf5)\x8a\xf2!\x80w5M{\xb7\
\xa2\xa2b\xf9\x92%KF\xda\x84\xf62\xf4\xaf\xa9\x18\
\xb6\x9d\xdd\x1a\xd6\xb6\xa8\x98^\x95]\x1f\xd5\x0b\xbf\x88\
\xe3\xc7Ou\xed\xf3\xd4\xba\x9e\x18\xc7K\x1f\xc5\xf0\xe6\
gq\xdc}y!\x8e\x9f\xa9o\x0e\x7fG\x87\xf6_\
E\xc6p\x148\xcc[h\xf5\xc59>\x0b\x09)\x00\
>\x09\x87\xc3q\x80\x0a\x00B\x0cQ__o\xed\xea\
\xeaz\x0e\xb9q\xf3\xdf\x1b'\x80\xf9\x00\xe6K\x92\x84\
\xd6\xd6\xd6\x1eEQ>f\x8c-d\x8c-\xf4\xfb\xfd\
_\x000\xf7\x8a+\xfd\x96\x89\x08\xf2\xc1\xdaxV\x15\
\x00o}\x16\xc7\xf7\x9f\xe8\x846\x88\xfbq_\x82\xe3\
\xae?w\x22\x91*\xc4\xa9\x87\x0e\x7f\xaac\xc9j1\
G\xfa\x8e-\x91\x85\xc4I\x87\xf7\xd6\xc4\x854<\x02\
\xb0h\xf7\x7fd\xcf\xbb\x8a\x90\x1c\xd2\xdd\xdd\xfd3\x00\
\xc7\x18\x9dG\x06\xe5\x03\x98\xcf9\x9f?\xb0\xe50\x0a\
\xe0=\x0c\xac!\x08\x87\xc3\x0d\x06\xe7'\x5cww\xf7\
\xe7\x05\x05\x05\x09\x00\xbaN\x99Y\xba6\x81\x1b\xcf\x18\
l\xff'cm\xda\xa1\xe2\x9e\xa7\xba\x06u\xf3\xdfM\
\xe3\xc0\xbd\xcftC)\xb7\x0c\xab\xf3a\x22\xc5\xf1\xd4\
\xe2\xbe!?oO\xaeB\x09\xf9&\x1e\x01X\xb42\
!*\xd4\xe2\xdd\xffA\xdb\x00\x09\xc90EQfq\
\xce\xff\xc7\xe8<\x0c\xe6\x02p6\x80\xc7$IZ\xab\
(\xca6EQ\xfe\xe1\xf3\xf9n\xad\xa9\xa9\xa97:\
9\x11Z[[{\xd1_\xe4\xe8\x12\xda\x92Bk4\
;\x06K\x1e}\xb9gX\xdfR\xfb\x12\x1c\xb7\xff\xa9\
\x13=\xb1\xa1?\xf7\x81\x17z\xb0i\x87\xfe\xa5\xf1\xbe\
\x0a\xf3~\x1f\xeeKp|\xd4 \xa4\x00\xe8.,,\
\xfcrd\x8a\x0a\x00B2K\x06\xf0\x7f\x03\xffK\xfe\
m\x0c\xfa\x1b\x12=\xa2i\xdag\x8a\xa2lT\x14\xe5\
\x09EQ\xae\xa8\xae\xae\x9e`tr\xc3\xc59\x7fU\
D\x9cW?1\xffz\xcaH\xa7\x86\xf7t\x0c\xc5o\
\xda\xa1\xe2\xae?w\xa2w\x08E\xc0\x93\x8bz\xf1\xc2\
\xfb\xfa\xbf\xfd\x03\xc0\xf4j\xf3\xae\x00\xfc`mB\xc8\
\x1a\x07\x00KW\xacX\xf1\xe5B\x02*\x00\x08\xc9 \
EQ.\x010\xcd\xe8<\xb2\xc0\x04\x00W\x02\xf8\xab\
,\xcb\x1b\x15EiR\x14\xe5o\x8a\xa2\x5c\xeb\xf1x\
t\xf5\xd8\xcf$I\x92\x16\x88\x88\xf3\xf2G1\xa8C\
\x19W7\xc0\xca\xa6\xa4\xee\x93\xf9>hH\xe0\xb2_\
\xec<`[\xdf\x8e\x1e\x8e\xbb\xfe\xd2\x89\x87\xff)n\
\xe7\xe9l\x9f\xae\x99\x9a\xb4z\xfbsa\x05\xe0\xe2\xaf\
\xfe\x1f\xf3\x8ey\x10\x92{d\x00\xdf7:\x89,U\
5\xf0\xebrI\x92\xfe\xa3)\x11cl\xb1\xdf\xef\x8f\
\x18\x9c\xdf^\x05\x02\x81\xf5^\xafw-c\xec =\
q\xb6\xeeT\xf1\xd1\xba$\x8e:\xc8\xbc7\xa9\x16\x01\
g\xd4\x03@\xcb6\x15\x97\xde\xbf\x0b\xf5^\x1b\xce\x9c\
cG\xed\x04\x0b\xdcE\x12z\xe2\x1c\xeb\xb7\xaaX\xf4\
E\x1co\xad\x10\xb6 \x0e\x000\xbaX\xc2\xd4\xc9\xe6\
\xbc\x1dn\xdb\xa9\xe1\xbd\xd5b\xe6\xff9\xe7\xaf\x7f\xf5\
\xff\x9b\xf3OLH\x0eR\x14\xe5\x0c\xf4\x1f\xe1K\xf4\
\xfb\xb2)\x11\xe7\x5c\xf3\xf9|+\x01,\xe2\x9c\xbf\x12\
\x0c\x06?\x82\x89v\x180\xc6\x16\x00\xd0U\x00\x00\xc0\
K\x1f\xf6\x99\xba\x00\xd0\x04\x8fP\xac\x08%\xb0\x22$\
l\xe1\xdb~\x9dx\x88\xdd\xb4g.\xfcci\x9f\xee\
\x91\x95\x01+C\xa1P\xe3W\x7f@S\x00\x84d\xce\
\x95i\x89*1HEvH\xa3\xec\x80I?\xc4\xd2\
L\xe2\x9c\xcf\xe4\x9c\xdf\x01\xe0}EQZ}>\xdf\
/kjj*\x8dN\x0c\x00$I\x12\xb2\x0e\xe0\xfd\
\xb5\x09S\xf7\xaa\x1f]\x9c\x9d\xcbZ\x18\x03\xce;\xd2\
it\x1a{\x15Kp\xfc\xf3C1k\x1c\x18c\xcf\
\xec\xf93\x1a\x01 $\x03\x06\x0e\xd39EdLK\
\xad\x1b\xf6c&\xc22\xc5\x0d\x96\xd7\xbf\x80\x89'5\
h\xdbz\x90\x0aF\x91j\x8c\x22\x15\x88\x80w\x9b\xbc\
\xc1\xb9xc9\xe7\xb7s\xceoS\x14\xe5\x05M\xd3\
\xbe\x1f\x0e\x87\x9b\x8cJ\xc6\xef\xf7\x7f\xa2(\xca&\xf4\
\xafk\x186U\x03^\xfc \x86\x1bN\xcb\x13\x94\x99\
XS'\x9bw\x11\xdd\xfe\x1c3\xcd\x8e\x89c\xccY\
\xbc\xbc\xf1Y\x1c\x1d=BFV8c\xec\x1f{\xfe\
\xd0\x9c\x7fjBr\x8c\xdb\xed>\x1d\xc0\x85\x22b1\
\xbb\x8c\xfc\xeb\x0e\x86\xf3|\x1f\xe4\xb2\x020\xeb\xbf\xff\
\x193\xb9\x7f4\xc02y\x14l\x87\x8e\x87\xe3\xc4\xc9\
\xb0\xce\x18\x0by\x5c>\x98E\x02\xef\x88\x03)\xf3~\
\x8b\x14L\x02p\x10c\xecz\xb7\xdb=\xca\xe9t\xbe\
\xdf\xd9\xd9iD7B\xeev\xbbG\x01\x98\xab7P\
`s\x0a\xe7\x1d\xe5\x14\xdeG_\x04W\xa1\x84\x0f\x1a\
\x12\xd8\xd1\x91=\xef/Yb\xb8\xff\xaaB\xd3\x1e\x01\
|\xf7\x93]\x88v\x09y=?\x0a\x04\x02\x0f\xed\xf9\
C*\x00\x08\xc9\x00\x97\xcbu\x13c\xec\x10\xbdqX\
\xbe\x15\xf9\xdf9\x14\xd6)\x83<\x9d\x971H\xa3\xec\
\xb0xJ`;\xac\x0c\x8e\x93\xab`\x99:\x1a\xd2\xe8\
<\x80\xb1\xfe\x82@5\xf7\xear\x01d\x00\x87[\xad\
\xd6sKKK\x97E\x22\x91\xd6L'0z\xf4\xe8\
\x16\xce\xf9-\xd09I\x93L\x01\xb2\x04\x1cj\xd2\x15\
\xeb\xee\x22\x09o}&\xa6+_&\x9c{\xa4\x13g\
\xce1\xe7aKK\xd7\xc4\xf1\xf4\xbbb\x86\xff\x01\xfc\
2\x12\x89|\xba\xe7\x0f\xa9\x00 $\x03\xdcn\xf7\xcf\
\x19cc\xf4\xc6\xc9\xbfv:\xac\xb5\x83\xbc\xf9\xef\x0d\
c\x90\x5c\x0eX\x14\x17l\x87\x97\xc3q\xd2dX\xa6\
\x94B*u\x02\x1c\xd0:\xe2\x18R\x1b\xb7\xecR\x0a\
\xe0\xca\xd2\xd2\xd2\x96H$\xb2:\x93\x17noo\xdf\
\xe5v\xbb\x8f\x04P\xad7V`K\x0a\xe7\x1e\xe9\x84\
\xc3f\xbeQ\x80\xca\xb1\x16l\xd8\xae!\xdcj\xfec\
\x1fJ\x8b$<xm\x91)GST\x8d\xe3;\x8f\
wa\xa7\x98o\xff\xc9d2y\xf5\xae]\xbb\xfek\
\xcf$\x15\x00\x84\xa4\x1f+--}\x00\x80\xaeIR\
\xeb\xb4\xd1p\x9c\xa3\x08Ji\x80\xc4 \x95:a\xa9\
q\xc3vd\x05\x1c'N\x86\xac\xb8 \x8dr\xf4\x17\
\x02\x1dq \xb7\xea\x01\x0b\x80\xb3KKK\xb5H$\
\xb24\x93\x17v\xbb\xdd\x09\x00\xe7\xe9\x8dc\xf6Q\x80\
Y>\x1b\x16~\x11Gg\xafy\xdf8\xb2\xc4\xf0\xe0\
\xb5E\xa8\x1ao\xceep\xaf|\x1c\xc7\xbf>\x12\xb6\
\xf7\xff\x99\xa6\xa6\xa6'\xf7\xf6\x1bT\x00\x10\x92f\x8a\
\xa2\x94\x03\xb8So\x9c\xbcK\xeb \x8dI\xf3\x020\
Y\x82<&\x0f\xd6\xbaR\xd8\x8f\x9e\x00\xfb\xfcI\xb0\
xFA*\xb2\x03\x09\x15\xbc+3\xdb\xb2\xd2\x8c\x01\
8\xc6\xe5r\xa9\xd1h4cE@III\x981\
v=\x00\xdd\x7f\x89\xfe\xcd)\x9c}\xb8\x03N\xbb\xf9\
\xbe\xbd\xda\xad\x0c\xf5\x8a\x15\xaf-\x8b\x8b\xda\xbe&\xdc\
\x8d\xa7\xe7\xe3\xb4\xd9\xe6\x1c\xfa\xefKp\xdc1\xcc\xb6\
\xc8{\xc3\x18\xbbj_\xd3^T\x00\x10\x92fn\xb7\
\xbb\x06\xc05zb0\x89\xc1y\xe5A`rf?\
\xf0\x99U\x86<\xae\x00\xd6\xa9\xa3a?f\x22\xec\xc7\
M\x82\xbb@G\xc1\x00\x00 \x00IDATe\xf2\
(\xb0\x02\x1bx<\x95\xd5;\x0c\x18c\xc7\xba\xdd\xee\
\x1d\x91Hdy&\xae\x17\x8dFU\xb7\xdb=\x16\xc0\
\xe1zc\xa5T \xd2\xc9q\xec\xc1\xfa\x8e\xd1M\x17\
w\x91\x84\x83*-x\xe7\xf3\x04T\x93\xad\x09<\xfd\
0\x07n;\xbb\x00\xcc|\xb5\x13\x00\xe0\xc9\x85}x\
w\x95\xb0B\xfb\xfd`0\xf8\xb3}\xfd&\x15\x00\x84\
\xa4\x99\xdb\xed\xae\x02\xf0\x0d=1\xa4\xd1yp\x9c8\
YPF\xc3\xc7l2\xe4\xb2\x02X\xa7\x8f\x81\xfd\xb8\
I\xb0\xcd\x9d\x08\xcb\xc4\x22\xb0<+xo\x12\xbc\xd7\
\xfcs\xbf{8\xc1\xe5r\xbd\x17\x8dF7d\xe2b\
\xa5\xa5\xa5k\x01\xdc\x04\x01[\xb0\xc3\xad)\xcc\xf4\xd8\
P\xee6\xe7\xc7xE\xa9\x8c\xea2\x19KV\x99\xa7\
\x088y\x96\x1dw_^\x08\xc9\xa4]\x7f\x22\x9d\x1a\
\xee\xfaK'\x12\xe2\xfe\x19\xdd\x16\x89D\xfc\xfb\xfaM\
s\xbes\x08\xc9!.\x97\xab\x921\xf6u=1\x98\
\xd3\x02\xfb\xf1\x95\x822\x12\x879,\x90'\x14\xc2:\
c,\xec\xc7W\xc2vD\x05\xe4\x8aB\xc0a\xe9\x9f\
.\x88\x9bt\x0c\xf8\xdfd\xc6\xd8\xc9\xe3\xc6\x8d\xfb\xcb\
\x8e\x1d;\x84-\xb9\xde\x97H$\xd2\xe5r\xb9\xca\x18\
c\xb3D\xc4[\xd5\x9c\xc49G8`\xc9\xf0\xc8\xd0\
`M\x1eg\xc1L\xaf\x15\xef\xae\x8a\x8b\xbc\xa9\x0d\xcb\
E\xf3\x9c\xf8\xc1%\x85\x90Mz\xf3\x07\x80\xff}\xb2\
\x0b\x81M\xc2^\xa8\xf5\xc1`\xf0&\xecg\x15\x0f\x15\
\x00\x84\xa4\x99\xcb\xe5r1\xc6\xae\xd3\x15$\xa9\xc1q\
r\x15L\xdb\xaft\x00\xcb\xb3B\x9eT\x04[\xfd8\
8N\x9a\x0c\xeb\xac\xf1\xb0\x94\x17\x026\x19\xbc3\x01\
$LY\x10\x14h\x9aV\x16\x89D^\xca\xc4\xc5\xc6\
\x8e\x1d\xbb\x96s~#\x04|\xfev\xf6rX$\xe0\
\x10\xc5\x9c\x0b\x02\x01`\xbcK\xc6I\x878\xd0\xb0!\
\x85m;3?\x14`\xb72\xfc\xcf\xb9\x05\xb8\xfe\xd4\
|\xd3\x0e\xfb\x03\xc0\x1b\xcbc\xf8\xbf7{\x85\xc5c\
\x8c\xdd\x13\x89D>\xde\xdfc\xa8\x00 $\xcdF\x8d\
\x1ae\x93$\xe96]A4\xfe\xef\xedzYD*\
\xb4A\x9e\x5c\x0c\xdb\xac\x81\xa6D\xf5\xe3\xfa\x9b\x12\xc9\
\x12x\xa7\xa9\x9a\x12M/--}?\x12\x89\xacO\
\xf7\x85\xda\xdb\xdb;JKK'\x03\x98!\x22\xde\x9a\
\xf5)\x1c?\xd3\x8eQ\x05\xe6lf\x03\x00\x85N\x86\
Sg;\xc0\xc0\xb0\xb6%\x95\xb1)\x81\xda\x09\x16\xfc\
\xea\x86b\xcc\x9df\xce\xb5\x12\xbbE:5\xdc\xfa\xfb\
\x0e\xc4\xc5-\xa9\xd9\xd2\xdb\xdb\xfb\xb5\x035\xbe2q\
=DH\xce\x90\x15E\xe9\x05\xa0\xebk\x9a\xed\xc8\x0a\
\xe4}c\xaa\xa0\x94\x8c\xc75\x0emS\x17R\xa1\x9d\
\xfd\xad\x8b\x1b\xda\xc1\xfb\x0c\x1d'^\x1e\x0c\x06g#\
\x03\x1b\x1f=\x1eO\xb5$I~\x08j\xc7\xae\x94[\
\xf0\xc4\xed\xa3L\xd9\x1b`O\x1b\xb6\xa9\xf8\xd5\xbf\xba\
\xf1\xde\x9a\x04x\x9a^\xe9Q\x05\x12\xae>)\x0f\x17\
\xceu\x98z\xc8\x7f\xb7\xdb\xff\xd4\x89\xc5+\xc55P\
b\x8c]\x1d\x08\x04\x1e?\xd0\xe3h\x04\x80\x90\xf4\xe3\
n\xb7\xfb\x12\x00\xa3\xf5\x04Q[\xbba\x9b5\x1e\xac\
\xc0\xbc\xc3\xbdC\xc1vw)\xac\x1a\xf5\xe5\x08A\xff\
(G\xff.9\x03\x9a\x12\x95\xbb\x5c\xae\xe5\xd1h4\
\x94\xee\x0bE\xa3\xd1\x9dn\xb7[\x010MD\xbcH\
\x97\x86\xae>\x8e#M|Z\xe0n\xa3\x0a$\x9cx\
\x88\x03s\xa7\xda\xd1\x17\xe7\xd8\xb8C\x136\x220f\
\x94\x84\xaf\x9d\x90\x87\xfb\xbeV\x84\x99^+$3\x8f\
\xf9\x0fx\xed\xd3\x18\xfe\xfc\x96\xb8\xa1\x7f\x00\x8d\xc1`\
\xf0:\x0c\xa2\x90\xa5\x02\x80\x90\x0cp\xbb\xdd\x87\x02\x98\
\xae+\x88\xc6\xa1\xae\xef\x80uNy\xc6\xb7\x03f\xc4\
\x97M\x89\x5c\xb0\x1dY\x01\xfb\x09\x93a\xa9qAv\
9\x01\x95\xf7\x17\x04i\xae\x07\x18c%\x91H\xe4\xa9\
\xf4^\xa5_II\xc9\xf2\x81\xb5!B\xee\xda\x0d\x1b\
R\x988F\x86\xb7\xdc\x9c\xcdm\xf6TZ,\xe1\xd8\
\x83\xed\xb8p\xae\x13o,\x8f\xe9\xde\xf7~\xc7y\x05\
\xb8\xf7\xebE\xa8\xf7Za\xb5d\xc7\xbf\x8f\x8d\xdbU\
\xfc\xcf\x1f:\x91\x148\xf0\xc5\x18\xbb&\x12\x894\x1e\
\xf8\x91T\x00\x10\x92\x11n\xb7{4\x80\xd3\xf5\xc6\xd1\
v\xc6\xa0m\xee\x82u\xe6\xb8\xdc,\x02\xbe\x82Y\xfa\
\x9b\x12Y\xa6\xb8a;z\x02\xec\xc7W\xc2\xe2-\x81\
Tl\x07\x92Z\xff.\x03\xf1\x05Auii\xe9\x93\
\x91Hd\x97\xf0\xc8{\x88F\xa3\x9d.\x97Kb\x8c\
\x1d+*\xe6\xc7\x8dI\xcc?\xd8\xdc\xeb\x01\xf6d\xb7\
2\xbc\xf8AL\xf7\xa9w\xd7\x9e\x92\x87\xf1\xae\xec\xb9\
\xa5\xf5\xc59\xae\x7f\xacC\xf4\x11\xcf\xcb\x82\xc1\xe0w\
\x06\xfb\xe0\xecy\x97\x10\x92\xc54M{\x03\x82nW\
\xc9\x95\xdb\xd1}\xef\xc7P7w\x89\x08\x975\x98\xd3\
\x02\xeb\xf41p^T\x8b\xc2\xbb\x8f@\xd1/\xe7\xc1\
y\xbe\x0f\xac@\xe81\xb4\x12\xe7\xfcl\x91\x01\xf7'\
\x99L>\x00@\xd8Q\xc5}q\x8e\xbb\xfe\xd2\x89X\
\xc2\xbcmx\xf7&_@G\xc3Bg\xf6\xdc\xce8\
\x07~\xf4d'\x9a\xdb\x84\xaey\xe1\x00n\xc7\x10>\
g\xb2\xa7\x5c\x22$\x8bE\xa3\xd1N\xb7\xdb}\x0a\x80\
r\x11\xf1xG\x1c\x89\xf76A\xdd\xd2\x05&K\x90\
\xdd\xce\xfe\x06\xf1#\x08sZ`\xf1\x96\xc0~\xd4\x04\
h[\xbb\xa1m\xfd\xaf\xb3N\x86\x85sn\x8fF\xa3\
\x7f\x15\x12\xec\x00v\xed\xda\x95*--m\x01p\xb1\
\xa8\x98\xed\x9d\x1aB\xad*\x8e\x9fi7\xfb\xae\xd1/\
}\xd0\x90@\xcb\xb6\xe1o\x11e\xac\xbf\xbd\xaf\xcd\x84\
\x07\xfb\xec\xcdo^\xed\xc1??\x10\xd6\xeb\x1f\x00\xc0\
9\xffK(\x14\xfa\xf5P\x9eC\x05\x00!\x19\xe2r\
\xb9d\xc6\xd8i\xc2\x02r@k\xedF\xf2\xd36\xc4\
\xdehF\xaa\xa1\x1dj{/\x18c`\xc5\xf6\x9c\x9f\
\x22\xd8\x8d\xd9dXg\x8d\x07\xdf\xde+dT\x841\
V^RR\xf2\x8bh4\x9a\x91\xa6\x05\x91H$\xe0\
v\xbb\x0f\x03\xe0\x11\x15s\xc3v\x15;:4\x1c=\
\xd5n\xea\xbd\xef\xbbE\xbb8>Z7\xfc\xf6\xb7u\
\x93,\xb8h^vl\x91}\xe5\x93\x18\x1e\xfe\xa7\x98\
b\xf5+\xb6:\x1c\x8e3\xb7o\xdf>\xa4\xaa\x82\x0a\
\x00B2d\xf4\xe8\xd1A\x00\xdf\x04 \xfe\x14\x12\x0e\
h\xd1\x18\xd4\xe0N$>\xdc\x82\xc4[\xeb\x91\xf2G\
\xa1E\xfb\xc0d\x06\xa9\xd8a\xfa&Bz0\xc6`\
9h4R_l\x13q`\x91\xcc\x18{e_\x07\
\xa8\xa4\xc3\xe8\xd1\xa3\x97s\xce\xaf\x81\xa0m\x81\x00\xe0\
\xdf\x94BJ5\xef\xa9\x81_5\xce%\xe3\xf9\xa5\xb1\
a\xef\x06\xf8\xda\xf1y\x98:Y\xe8TPZ\xbc\xb7\
&\x81\x1f<\xd1)|\xfb#\xe7\xfck\x8d\x8d\x8d\x9f\
\x0f\xf5yT\x00\x10\x92!\x91H$\xe1r\xb9\xf2\x18\
cs\xd3~1\x8dCk\xefC\xca\x1fE\xe2\xfd\xcd\
\x88\xbf\xbd\x1e\xa9`\x14|W\x02\xcc\x22\xf5\x8f\x10d\
\xc3W\xc3!`\x16\x09\x92\xdb\x89\xe4\xb26\x11\xe1>\
\x8dD\x22C\xfe@\x1d\xae\xf6\xf6\xf6Hiii\x0f\
\x80\x93D\xc6\xfd\xa2)\x89\x02\xa7\x84i&\xbf9\xe6\
;\x18zc\x1c+\x9b\x87\xde\x09\xa7b\xb4\x8c\xbb/\
7w\x8b_\x00X\x1eL\xe2\xdb\x7f\xecDR\xf0\xb8\
\x12\xe7\xfc\x85P(t\xcfp\x9eK\x05\x00!\x194\
~\xfc\xf8U\x9a\xa6]\x03 \xb3\xe3\x95*\x87\xb6\xbd\
\x17\xa9u\xedH,\xdd\x84\xc4\xc2\x0dP\xc3;\xc1\xbb\
\x92`6\x19R\xa1='\xda\x82\xc9c\xf3\x91\x5c\xd6\
\x06\xde\xa3\xbb\xa5\xda\xcaH$\xb2D@J\x83\x16\x89\
D\x96\x95\x96\x96\xce\x01P-2\xee2\x7f\x02cF\
\xc9\xa8\x99`\xee\xed\x81\xf5^\x1b>\x0f\xa7\xd06\x84\
\x99\x17\x87\x8d\xe1\xd1o\x16c\x5c\x89\xb9oe+B\
I\xdc\xfa\xbb\x0e\xc4\x92\xc2\x17g\xee\xb4X,\xa7\xb7\
\xb7\xb7w\x0f\xe7\xc9\xe6~\xd5\x08\xc91;v\xec\xe8\
s\xb9\x5c\x9dB\xd7\x02\x0cGR\x83\xb6\xb5\x07\xa95\
;\x90xw#\xe2\x8b7B\xdd\xd4\x05f\xb7@\x1e\
\xa3\xfb\xb8z\xe30@\xdb\xd2\x05uC\xa7\xdeH\xc1\
H$\xf2\xaa\x88\x94\x86\xa2\xb4\xb4t1\x80+\x01\x08\
\xfbK\xe0\x00\x96\xaeM\xc0a\x95pp\xb5yG\x02\
$\x09\x98\x7f\xb0\x1dMm*6l?p\x110\xaa\
@\xc2\xc3\xd7\x15cz\x95y\xffL\x00\xf0qc\x02\
\xb7\xfd\xbe\x13}\xe9\xd9\x99q} \x10\xf8p\xb8O\
\xa6\x02\x80\x90\x0c\x8bF\xa3\x9f\xbb\xdd\xee\xe3\x00L4\
:\x97/%Th\x9b\xbb\x90\xfc\xb8\x15\xa9\xe0NX\
j]`Ns\x7f\xb0\xee\x8b\xb6\xbd\x17\xa9\xb5\xedz\
\xc3\x04#\x91\xc8\x8b\x22\xf2\x19\x8a\x81\xd3\x02\x9b\x18c\
\x17\x8a\x8e\xbd\xcc\x9f@_\x02\x98]c3\xed\xc2@\
\xab\x85\xe1\xf8\x996\x8cs\xc9\x08mQ\xd1\xdd\xf7\xdf\
7M\xbb\x95\xe1\xec#\x1c\xb8\xff\xaa\x22T\x97\x99{\
Tc\xe1\x17q|\xf7\xf1\xaet|\xf3\x07\x80'\x82\
\xc1\xe0\x8f\xf5\x040\xe9\xdb\x80\x90\xdcV[[;I\
U\xd5\x95\x00F\x19\x9d\xcb\xde\xb0b;\x0a\xee8\x14\
rY\x81\xd1\xa9\x0cY\xe2\xdd\x8d\xe8}\xb2Ao\x98\
g\x82\xc1\xe0%\x22\xf2\x19\x0e\xaf\xd7\xfb8c\xec\x1b\
\xe9\x88}\xca,;\xee\xbe\xbc\x08\x16\x93\x7f\xfd\xe3\xbc\
\xbf\xbba\xe3\xc6$\xda;5\x14\xe5I(/\x951\
\xbb\xc6\x0ag\x16\x9cy\xf0\xcc\x92><\xf8Bw\xba\
\xbaY\xaf\xe9\xee\xee>\xac\xb5\xb5UW\x0fas\x97\
O\x84\xe4\xa8\xc6\xc6\xc6\x0d\x8a\xa2\x5c\x02\xe0U\x98p\
$\x8ew\xc4\xd1\xfb\xd8\xe7(\xf8\xd1\xe1`\xce\xec\xfa\
\x98Pw\xe9\xdf_\xcd97\xf4\x98B\x9b\xcdvk\
\x22\x918\x941v\x90\xe8\xd8\xaf/\x8f\xa3'\xd6\x89\
\x9f}\xad\x10y\x0e\xf3\xdeH\x19\x03\x0e\xaa\xb4\xe0\xa0\
\xca\xecz\xff%R\x1c?}\xba\x1b\x0b\x96\x89\xdd\xe7\
\xff\x15\x1d\xb2,\x9f\xab\xf7\xe6\x0fP'@B\x0c\x13\
\x0c\x06\xdf\x00p\xab\xd1y\xec\x8b\xba\xad\x07\xf1\x05\xc2\
\x9a\xd4e\x8c\xb6eX\xeb\xa1\xfe\x03cl\xbb\x80T\
\x86\xad\xa1\xa1\xa1[\x96\xe5\xd3\x01\xa4%\x8f\xf7\xd6\xc4\
q\xc9\xfd;\x11\xdab\xe8\xe9\x8b9\xa7\xb3\x97\xe3\xc6\
_w\xa4\xf3\xe6\xcf9\xe7W566\x0a9\xb0\x8a\
\x0a\x00B\x0c\x14\x0c\x06\x7f\xc3\x18\xbb\xcd\xe8<\xf6%\
\xbex\x03x<#\xfdp\xc4\xd08R\xc1\x9d\x22\x22\
m\x11\x11D\x0f\xbf\xdf\xdf\x02\xe0\x5c\x00\xe2\xce\x89\xfd\
\x8a\x8d\xdbU\x5c\xf9\xc0.\xbc\xfcq\xdanV#J\
\xc3\x86\x14.\xfb\xc5N\xac\x08\xe9\xde\x81\xb2?\x0f\x87\
B!akS\xa8\x00 \xc4`\x81@\xe0\x11\x00\xd7\
\x020\xdd\xd71\x1eW\x91j\xd4\xbd\xa0.c\xd4\xcd\
]\xe0\xdd\xba\x1b\x01\x811\x16\x16\x90\x8en\xc1`\xf0\
\x03\xf4\xbf7\xd2\x22\x96\xe0\xb8\xe7\xef]\xf8\xe1_\xbb\
\xd2\xb5J=\xe7\xa9\x1a\xc7\x13\xef\xf4\xe2\x1b\x0f\xee\xc4\
\xe6\x1di-\x96_+++\xbbSd@\xd3\xcd=\
\x122\x12E\x22\x91\xcf\xddn\xf7G\x00N\x04`\xaa\
\x95wrY\x01,>\x97\xd1i\x0cJrY\x9b\x88\
\x1d\x00\xd04\xed\x8eh4\xaa{/\xa1\x08\x91Hd\
\xd5@\x03\xa9#\xd2u\x8d\xd0\x96\x14\xde[\x1d\xc7\xd4\
J\x0bF\x17\xd3ma\xb06\xedPq\xdb\x1f:\xf1\
\xca\xc7\xb1t-\xf6\xdb\xed\xa3\xee\xee\xee3\xd6\xacY\
#t4\x88F\x00\x081\x89`0\xb8(\x99LN\
\x07\xf0\xba\xd1\xb9\xfc\x87>\xd3\x0dL\xecS\xaa1\x22\
\x22L[8\x1c\xde,\x22\x90(\xa1P\xe8.\x00/\
\xa5\xf3\x1aMm*\xae\xf8e\x07~\xf9|7zc\
4\x1a\xb0?\x9c\x03/}\x14\xc3E\xf7\xed\xc4\xaaa\
t/\x1c\xa2uV\xab\xf5t\x11\x8b\xfe\xf6D\x05\x00\
!&\xb2~\xfd\xfam\xc1`\xf0T\xc6\xd8\xf9\x8c\xb1\
\x8dF\xe7\x03\x00\xc8\x96]\x00\x1aG*$d\xfe\x7f\
\xa9\x88 \x82iV\xab\xf5\x22\x00\x0b\xd2y\x11U\xe3\
xfI\x1f\xce\xba'\x9a\xce\x85lY\xadqc\x12\
W?\xb2\x0b?y\xaa\x0b}\xf1\xb4\x17J[R\xa9\
\xd4\xc9\x0d\x0d\x0d\xd1t\x04\xa7\xb1\x1eBL(\x12\x89\
\xac\x1b7n\xdco9\xe7m\x00j\x01\x94\x18\x95\x8b\
\xfd\x84J\xc8\xe3L5+\xb1W\xa9\xf5\x1dH,\xda\
\xa0;\x0e\xe7\xfc\xd7\xd1ht\x85\x80\x94\x84\xda\xb1c\
\x87ZXX\xf8\x92$I\xb3\x18c\xc2N\x0e\xdc\x9b\
\xde8\xc7\xbb\xab\x12\xf0oR1\xad\xca\x8aB\xa7y\
\xb7\x0bfJ{\xa7\x86_\xfc\xa3\x1b\xf7\xff\xa3\x1bm\
\xd1\x8c\xec\x12\x8dh\x9avlSSS\xda\xd6\xa3\xd0\
\xdf*!\xe6'y\xbd\xde\x9b\x18c\x8f \xc3\xfff\
\x99\xc3\x82\xa2\x87\x8f\x05\xb3\x9b\xff\xbbB\xfc\xf5f\xf4\
\xbd\x10\xd0\x1dG\x96eE\xd46\xabt\xa8\xa8\xa8p\
\xe6\xe5\xe5\xbd\x0c\xe0\xf8L\x5c\xcf*\x03g\x1e\xee\xc4\
\xd7Opb\xbc\xcb\xfc\xef\x03\xd1\xe2I\x8e\xa7\x16\xf7\
\xe1\xf1\xb7z3\xf1\x8d\x7f\xb7vI\x92N\xf2\xfb\xfd\
i-D\xa9\x00 \xc4\xc4\xea\xea\xea\x0a\x92\xc9\xe4\x0f\
\x00\xdc\x06 \xe3\xe7\xba:N\x9a\x0c\xc7\x055\x99\xbe\
\xec\xb0\xf4<\xb8\x1c\xc9\x06\xdd\x0b\x007\x07\x83\xc1\x09\
\x22\xf2I\xa7\x81\x22\xe0U\x00\xc7e\xea\x9a\x16\x198\
\xb1\xde\x81\xebN\xc9C\xc5\xe8\xdc/\x04zb\x1c\xaf\
|\x12\xc3_\xdf\xe9\xc5\xf6]\x19\xed\x0b\xb5U\x92\xa4\
\x13\xfc~\xff\x9at_(K&\xf7\x08\x19q\x98\xcf\
\xe7\xbb$\x99L\xde\x0f\xa0\xdc\x88\x04\xe4\xb1\xf9\xb0\x9f\
\x9e\xd6\x91fqR\x1aRa!\xf3\xff\x8bE\x04I\
\xb7\xcd\x9b7\xf7\x95\x95\x95\x9dQPP\xb0\x00\xc01\
\x99\xb8fJ\x05^\xfb4\x86\xb7W\xc4p\xe6\x1c\x07\
.96\x0f\x95cs\xaf\x10h\x8bj\xf8\xfb\xa2^\
\xfc\xeb\xe3X&\xbf\xf1\xef\xd6\xc4\x18;\xde\xef\xf7\xaf\
\xcf\xc4\xc5h\x04\x80\x10\x93\xf1z\xbd\x073\xc6\x1e\x03\
p\xa4Q9d\xdbY\x00\xa9`\x14\xdd?_\xa6;\
\x0e\xe7\xfc\xeb\xa1P\xe8\x09\xfd\x19e\x86\xc7\xe3\xb13\
\xc6\x1eg\x8c]j\xc4\xf5\x0f\xae\xb6\xe2\xec\xc3\x1d\x98\
?\xd3\x9e\x15\xfd\xf9\xf7E\xd58>\x0b&\xf1\xaf\x8f\
cX\xf8y\x1c\xaa1\x8d\xa0\x1bdY>\xbe\xb1\xb1\
\xb1-S\x17\xcc\xde\xbf1BrL]]\x9d+\x91\
H\xfc\x941v-\x0c\x5c\xa0k\xf1\xb9\x90w\xf54\
Hn\xa7Q)\x0cY\xec\xe50b/\xeb\x9f\xb6\x97\
e\xb9\xb2\xb1\xb1Q\xffJ\xc2\xccb\x8a\xa2\xdc\x0d\xe0\
\x870\xe83\xbd\xc0\xc9pR\xbd\x1dg\x1e\xeeD\xdd\
\xa4\xec\x19Xn\xdc\x94\xc2\xeb\x9f\xc6\xf0\xd6gq\xb4\
w\x1az\xfc\xc3\xa7\x92$\x9d\xe2\xf7\xfb\x85\xecc\x1d\
,*\x00\x081\x9e\xa4(\xcae\x00\x1e\x000\xda\xa8\
$X\x91\x0d\x8e\xb3\x15\xd8\x8f\xaa\x00\xa4\xec\xfah\xe8\
\xbe\x7f\x19R\x01\xdd;\xa5\x9a\x82\xc1`\x96\xccy\xfc\
7EQ.\x07\xf0'\x00v#\xf3\x18[\x22\xe1\x88\
)6\x1cQg\xc3a568\xed\xe6y/%U\
\xa0\xa1%\x89O\x1a\x13x\xeb\xf386l3\xbe\xcd\
5\xe7\xfc\xa9\x9e\x9e\x9ek\xd3\xb1\xcf\xff@\xcc\xf37\
C\xc8\x08\xa4(\xca,\x00\x8f\x01\x98mX\x122\x83\
\xfd\xd8Ip\x9c\xe9\x01\xcb\xb3\x1a\x96\xc6p\xf1\xb8\x8a\
\x8e\x9b\x17\x02)\xdd\xdf\xe0\xfe\x14\x0c\x06\xd3\xd6v7\
\x13\xbc^\xef\xd1\x8c\xb1\x97\x00\x98\xa2u\xa3U\x06f\
zm8|\x8a\x15u\x93\xac\xf0UX\x90\x9f\xc1\x13\
\x08U\x8d\xa3q\xa3\x8a\xcfB\x09,\x0f$\xb1\xb2)\
i\xa6\x96\xc7)\xc6\xd8\xed\x81@\xe0WF%\x90=\
c5\x84\xe4\x90\xda\xda\xda\xf1\xaa\xaa\xde\x0f\xe02\x18\
X\x88[j\xddp^R\x0b\xb9\xbc\xd0\xa8\x14tK\
\x85w\x8a\xb8\xf9\x83s\xfe\xae\x80t\x0c\x15\x0a\x85\x96\
\xd6\xd4\xd4\xcc\xd14\xedy\x00\xd3\x8c\xce'\xa9\x02\xcb\
\xfc\x09,\xf3\xf7\x9f\xcf\xc0\x18PQ*\xa3f\x82\x05\
5\x13,P\xca-\x18\xef\x920\xbaXBa\xde\xf0\
\xfb\xd2i\x1chmW\xd1\xb4UEs[\x0aM\xad\
)\xac\xdf\xa6a\xfd\xd6\x14b\xe6\xb9\xe1\x7f\xd5vM\
\xd3.\x08\x87\xc3\xef\x19\x99\x04\x8d\x00\x10\x92A\xf5\xf5\
\xf5\xd6\xee\xee\xeeor\xce\x7f\x0c\xa0\xc8\xa8<$\x97\
\x03\x8es\x14\xd8\x0e7d\x83\x81P\xb1\x17\x83\x88\xbd\
\xa6\xfb\xd8bn\xb5Z\xcb\x1a\x1a\x1a\xb6\x8a\xc8\xc9h\
\x95\x95\x95\x0e\x9b\xcd\xf6\x0b\x007!K>\xe7\x9d6\
\x86\xd2\xe2\xfeb\xc0]$\xa1h/\x05\x81\xd3\x0et\
\xf5r\xec\xea\xd6\xb0\xab\x87\xa3\xa3GCG\x0fGg\
/\x87\x9a\xe6f\xfc\x02-WU\xf5\xdc\xa6\xa6\xa6M\
F'\x92\x15o\x0cBr\x81\xa2(\xc7\x01x\x14\xc0\
\x14\xa3r`6\x19\xf6\x93'\xc3~r\x15\x98-7\
\xb6pu\xff\xf4c\xa4\x9aw\xe9\x0d\xb3.\x18\x0c\xd6\
\x89\xc8\xc7L\xbc^\xefi\x8c\xb1?\xc3\xc0\xb5%\xe4\
K\x1a\x80_%\x12\x89\xef\xb5\xb4\xb4\x98\xa2\xcf2M\
\x01\x10\x92f\x1e\x8f\xa7Z\x92\xa4\xfb\x00\x9cod\x1e\
\xd6\xe9c\xe0\xbct\x0a\xa4\xd2\xecY\xdd\x7f <\x96\
B\xaa\xa5CD\xa8\xac\xd8\xff?T\xa1PhAu\
u\xf5A\xb2,?\x01\xe0d\xa3\xf3\x19\xc1\x9a%I\
\xba\xca\xef\xf7/1:\x91\xaf\xa2\x02\x80\x904)+\
+\xcb+((\xf8\x0e\x80;\x018\x8c\xcaC\x1a\x9b\
\x8f\xbcK\xa7\xc0rP\xa9Q)\xa4M*\x10\x85\x88\
sXsa\xfe\x7f_\x9a\x9a\x9a\xb6\x038MQ\x94\
\xdb\x00\xdc\x03 \xdf\xe0\x94F\x12\x8ds\xfeXOO\
\xcf\xf7\x8cX\xe5\x7f 4\x05@H\x1ax<\x9e\xd3\
%Iz\x14@\xa5Q90\xbb\x0c\xfbI\x93\xe18\
\xb5\x1a\xb0\xe4\xe6\xc1\x9f}\xcf\xf9\x11\x7fKw\xd34\
\x0d\xc0\xd8`0\xa8\xbb\x8f\xb0\xd9)\x8aR\x0e\xe0>\
\x00\x97\x1b\x9d\xcb\x08\xb0\x9e1vU \x100mq\
I\x05\x00!\x02\xf9|>\x9f\xa6i\xbfb\x8c\x9dh\
X\x12\x0c\xb0\x1dV\x06\xc7\x055\x90\x8a\x0d\xdd\x12\x9e\
v]w\x7f\x08uc\xa7\xde0_\x04\x83\xc1\x99\x22\
\xf2\xc9\x16>\x9f\xef$\xce\xf9c\x00\xb2\xb6\xef\x81Y\
1\xc6z5M{\xb0\xa7\xa7\xe7\xe7f\xfc\xd6\xffU\
4\x05@\x88\x00\x95\x95\x95\xa3l6\xdbw9\xe7\xb7\
1\xc62~h\xcfn\x96I\xc5p^:\x05\xb2g\
\x94Q)d\x0c\xefIB\xdd\xdc%\x22TN\xce\xff\
\xefO \x10x\xb3\xbe\xbe~\xca\xc0\x8e\x94\x9f\x02\xc8\
\x8e\x9e\xcf\xe6\xa6\x01xQ\x92\xa4;\x02\x81@Vt\
\x93\xa4\x02\x80\x10}\xd8@\x07\xb6_\x02\x18cX\x12\
\xf9V8\xce\xf4\xc2v\xecD\xb0,\xeb\xe27\x5c\xc9\
\xc6\x08\xcd\xff\xeb\xb0b\xc5\x8a$\x80_UUU\xbd\
d\xb5Z\xbf\xc79\xff:\x0c8q2\x17p\xce\xdf\
\x92$\xe9;\x81@`\xb5\xd1\xb9\x0c\xc5\xc8\xf8\xa4 \
$\x0djjj\xea9\xe7\x8fq\xce\xe7\x18\x96\x84\xc4\
`?\xaa\x02\x8es}`\x05\xd9\xd7\xc5O\x8f\xbe\xbf\
\xafC|\xb1\xee/Z)M\xd3\xdc\xe1pX\xf7<\
B\xb6\xab\xaa\xaa\x9a(\xcb\xf2]\x8c\xb1o\x80\x0a\x81\
\xc1Z\xaei\xda\x0f\xc2\xe1\xf0\xdbF'2\x1cT\x00\
\x102D555n\xce\xf9\x8f8\xe77\x010l\
u\x9d\xc5\xe7\xea\x1f\xee\xaf\xc8\xde.~zt\xfd\xe0\
}\xa8\xad\xddz\xc3|\x12\x0c\x06\x8d+\xe0L\xa8\xba\
\xbaz\x82\xc5b\xb9\x9ds~-\x0c\xdc\xbdbb\x1a\
\x80\xc5\x9a\xa6=\x1a\x0e\x87_5:\x19=h\x0a\x80\
\x90A\xaa\xaf\xaf\xb7vuu\xdd\xaci\xda\xff\xc2\xc8\
.~n'\x9c\x17\xd6\xc0z\xc88\xa3R\x00\x00\xa8\
\x1b;\x91\x5c\xb3\xa3\xff&\x9c\xd4 \xe5[!M,\
\x82u\xc6XH\xa3\xd2\xbb\xf8\x90w&\xa0\xb6\xe9\xbe\
\xf9\x03\xc0\x88\x1c\xfe\xdf\x9f\x81\x0eu\xb7z<\x9e_\
2\xc6\xae\x1d\x18\x11\xc8\xfe\x96\x91\xfa\xf51\xc6\xfe\xc6\
\x18{\xc8\xef\xf7\x07\x8dNF\x04\x1a\x01 d\x10\x14\
E\x99\x8f\xfe.~\xb5F\xe5\xc0\xac\x12l'M\x86\
\xe3\x94j0\xbbq]\xfc\xd4\xf5\x1d\xe8\xfb\x87\x7f\xdf\
\xa7\xefY$\xd8\x8f(\x87\xe3\xfc\x1a\xb0\xbc\xf4|\xc7\
H,kE\xef\x1fV\xe9\x8e\xc39?!\x14\x0a\xbd\
# \xa5\x9c5o\xde<K[[\xdb\xa9\x03#\x02\
'\xc1\xc0Q/#p\xceC\x00\xfe\xc6\x18\xfb}\xae\
m\x15\xa5\x02\x80\x90\xfd\xa8\xa9\xa9\xa9\xd44\xedA\x00\
\xe7\x18\x99\x87u\xc6\x188/\xaa\x854:\xcf\xb0\x1c\
\xb4\xce8b/\x06\x91\xf8p\xcb\xa0\x16\xdfI\xa5N\
\xe4\x7f\xeb\x10\xc8e\xe2\x17\x98\xf7>\xb1\x16\x89\xa5\xba\
[\xa9\xc7\xbb\xbb\xbb]f\xdf\xaae&\xb5\xb5\xb5\x93\
4M\xbb\x9as~\x19\x0c\xecq\x91\x01[9\xe7\xcf\
1\xc6\x9e\x0e\x06\x83\x9f\x1a\x9dL\xbaP\x01@\xc8^\
TTT8\xf3\xf2\xf2\xee\x04\xf0\x1d\x00\x86\xf5\xce\x95\
\xc6\xe5#\xef\x12\x83\xbb\xf8i\x1c\xf1\xc5\x1b\x11\xfbW\
\x08\xbc79\xa4\xa7J.\x07\x0a\x7fx8\x98\xe0~\
\x04\x9d\xdf}\x0f\xdav\xdd\xf7\xed\xa5\xc1`p\xae\x88\
|F\x22EQ\xa6\x038\x931v&\xe7<\x17\xfa\
(\xec\x02\xf0\xb2\xa6iO\x87\xc3\xe1E\x00T\xa3\x13\
J7Z\x03@\xc8\x1e\xbc^\xef9\x8c\xb1\x07ad\
\x17?\x87\x05\xf63<p\xcc\x9fdh\x17\xbf\x94?\
\x8a\xde\xa7\x1a\xa0m\x19\xde|\xbb\x16\x8d\xa1\xf7\xc9\x06\
\xe4\xdf$\xee\xfe\xa0Eb\x22n\xfe\x00\xcd\xff\xeb\x12\
\x0c\x06W\x01X\x05\xe0\xc7\x03;\x08\xced\x8c\x9d\x01\
`\x0e\xb2\xa3\xddp\x9cs\xfe1\x80\x85\x00\x16\x86B\
\xa1\xcf0\x02n\xfa_E\x05\x00!\x03jjj\x14\
M\xd3\x1e\x81\x91\x87\xa60\xc0Z?\x0e\xce\x8bj \
\xb9\x8c;\xb4G\xdb\x19C\xec\x85\x00\x12\x9f\xb4\x02:\
\xb7\xda'?\xdf\x06uC'\xe4Ib\xd6M&\xd7\
\x89\x99\x86\xe5\x9c\x8f\xb8\x06@\xe9\xd2\xdc\xdc\xbc\x11\xc0\
c\x00\x1e\x9b7o\x9ee\xf3\xe6\xcd\xd3$I:\x9c\
s~\x18c\xecp\x00\x93\x0dN\x11\x00v2\xc6V\
\x03X\x0e`QWW\xd7\xd2\x91>\xfdCS\x00d\
\xc4\xf3x<E\x92$\xfd/\x80\x9b\x01\x18\xb6\x99\xde\
\x0c]\xfcxRC\xfc\xcdf\xc4_o\x06\x8f\x8b\xfb\
2\xe48\xb9\x0a\x8e\xf3}Bb\xf5\xfei\x15\x12\x1f\
\xb7\xea\x8a\xc1\x18\xebUU\xd5\x15\x0e\x87\xe3B\x92\x22\
\xfbU[[;>\x95J\xcdd\x8c)\x9cs/c\
\xcc\x83\xfe6\xc4\x13\x01\x88^\xd1\xda\x01`#\x80\x06\
\x00\xab9\xe7\xabUU]3P\xa4\x90\xaf\xa0\x11\x00\
2\x921\xaf\xd7{%c\xec>\x00\x86\xed\xa9c\x05\
68\xceU`?\xaa\x020\xb0\x8b_\xf2\x8b\xed\xe8\
{\xb6\x11\xda\x0e\xf1_\x8aR\xe1\x9d\xe2b\xedk\xf7\
\xc1\x10p\xce?\xa4\x9b\x7f\xe6466\xb6\x01xm\
\xe0\xd7\x97\xea\xea\xeal\xa9Tj2\x80rM\xd3F\
\x01(\x96$\xa9\x98s>\x8as^\xcc\x18\x1b\x85\xfe\
ay\x15\x00\x18c\x9cs\xbek\xe0\xe9*\xe7|\x9b\
$Im\x9c\xf36M\xd3\xdab\xb1X\xeb\xe6\xcd\x9b\
\xfb2\xf8G\xcbjT\x00\x90\x11\xc9\xe7\xf3\x1d2p\
\x18\xcaaF\xe5\xc0$\x06\xdb\xbc\x89p\x9c\xed\x05\xcb\
7\xae\x8b\x9f\xb6\xb5\x07\xbdO\xafCjm\xfav8\
i\xbb\xc4\xdck\xb5\xed\xbd\xd0\xa21\x11\xa1h\xfe\xdf\
\x04\x1a\x1a\x1a\x12\x00\x02\x03\xbfH\x86Q\x01@F\x14\
\x8f\xc73Z\x92\xa4{9\xe7\xdf\xc0\x08\xef\xe2\xc7c\
)\xc4_mB\xec\x9d\x16 \xa5\xa5\xf7b\xb2\x98\x91\
\x0d\x9a\xff'D\x1c*\x00\xc8\x880o\xde<Kk\
k\xeb7\x00\xfc\x0c\x80a{\xea\xa4Qv8\xce\xf3\
\xc16\xa7\xdc\xb8\x158\x1cH\xae\xd8\x8a\xbeg\xfd\xd0\
\xa2\x99\x19-\x95\xc7\x8aY\x14\x9ej\x8c\x88\x08\xd3U\
^^\xbe\x22\x14\x0a\x89\x88EH\xd6\xa2\x02\x80\xe4<\
\x8f\xc73\xb7\xb5\xb5\xf5Q\x00\xd3\x0cKBf\xb0\x1f\
;\xa9\x7f\xb8\xdfa\xdc?;uC'\xfa\x9e^\x87\
TH\xdc\x9c\xfc`\xc8U\xc5\xfa\x83p@\x0d\x0a\xc9\
\xfb\xbd%K\x96\xa4D\x04\x22$\x9bQ\x01@r\x96\
\xa2(\xe5\x00\xee\x03p\x19\x0c\xdc\xf1b\x99R\x0a\xe7\
%\xb5i\xe9\x887X\xbc7\x85\xd8\xcb!$\x16m\
\x00\x17p\x84\xeePYj\xdd\xbac\xa8[\xba\xa0u\
\x08YK@\xf3\xff\x84\x80\x0a\x00\x92\x83\x06V\x16\xdf\
\xc09\xff\x09\x00\xc3&\xd9\xe5\xb1\xf9p\x5cT\x03\xeb\
\xf41F\xa5\x00h\x1c\x89OZ\xd1\xf7\x9c\x1f\xbc+\
aH\x0a\xcca\x81e\xb2\xfe\xad\x8d)\xbf\xfe\xd5\xff\
\x00\xcd\xff\x13\xb2\x1b\x15\x00$\xa7(\x8a2?\x99L\
>\x06\xa0\xc6\xa8\x1c\x98]\x86\xfd\xa4\xc9\xb0\x9fR\x0d\
f5\xb0\x8b_ \x8a\xbe\xa7\xd7A\xdd\xd4eX\x0e\
@\xff\x82G\x11\x8b\x00S\x8dB\x16\x00FC\xa1\xd0\
j\x11\x81\x08\xc9vT\x00\x90\x9cP[[\xebUU\
\xf5a\x00\xa7\x1a\x99\x87u\xfa\x188/\xab\x83\xe46\
\xee\x18umW\x1c\xb1\xe7\xfdB\xba\xf8\x89`\x99\xa2\
\x7f\xf8\x9fk\x5c\xc8\xfe\x7f\xc6\xd8\xbb\xe8?\xcf\x9d\x90\
\x11\x8f\x0a\x00\x92\xd5\xa6M\x9b\x96\x1f\x8b\xc5\xeePU\
\xf5\xbb\x00\xd2{\x08\xfd~H\xe3\xf3\xe1\xbcd\x0a\xac\
u\x06\x1e\xda\xa3r\xc4\xdf\xdd\x88\xd8?\x83\xe01\xf3\
\xacq\x131\xff\xafm\xec\x04\xef\xd5\xffg\xe2\x9c\xd3\
\xfc?!\x03\xa8\x00 Y\xcb\xe3\xf1\x9c\x1e\x8f\xc7\x7f\
\x8d\xfev\xa2\x86`y\x168\xceR`?v\xa2\xa1\
]\xfcR\xeb\xda\xd1\xf7t#\xd4\xd6\xe1\x1d\xda\x93.\
R\x91\x1dr\xb9\xfee\x18\xa9F1\xf3\xff\x9a\xa6Q\
\x01@\xc8\x00*\x00H\xd6\xf1z\xbd\x073\xc6\x1e\x05\
p\x14\xe7\x06\x8dqK\x0c\xb6\xd9\xe3\xe1\xb8\xb0\x06R\
\x91a\x03\x0f\xd0\xb6\xf7\xa2\xef\x85\x00\x92\x9fm5,\
\x87\xfd\x91k\x5cB\xf6_$\xc5\xcc\xffo\x0b\x87\xc3\
\x8d\x22\x02\x11\x92\x0b\xa8\x00 Yc\xea\xd4\xa9%\x89\
D\xe2n\xce\xf9\x8d\x10\x7f\x80\xc8\xa0\xc9\x93\xfb\x0f\xed\
\xb1T\x19xhO\x5c\xfd\xf7\xa1=I\xf3Ni[\
\x05\x0c\xffC\xe3P\xc3\xbb\x0e\xfc\xb8\x03`\x8c-\x82\
)VE\x10b\x0eT\x00\x90l )\x8arY<\
\x1e\x7f\x00\xc0h\xa3\x92`\xc5v8\xce\xf2\x1a\x7fh\
\xcf\xcam\xe8{j\x1d\xb4\x88\x90\x9e\xf8i%b\x01\
\xa0\xda\xbcK\xc8\x9a\x06\x9a\xff'\xe4?Q\x01@L\
MQ\x94Y\x00~\x0d\xe0P\xc3\x92\xd8\xdd\xc5\xef,\
/\x98\xd3\xb8\x7f2Z[\x0f\xfa\x9eY\x87d\x1a\x0f\
\xed\x11Ir; \x8d\xce\xd3\x1d\x87\xe6\xff\x09I\x0f\
*\x00\x88)\xd5\xd6\xd6\x8eWU\xf5~\x18\xdd\xc5\xaf\
\xd6\xdd\xdf\xc5O\xc0B\xb6\xe1\xe2\xbdI\xc4^\x0e#\
\xbeh\x03`@\x17\xbf\xe1\xb2L\x11\xb3#B\xc4\xfc\
?clc8\x1cn\x12\x90\x0e!9\x83\x0a\x00b\
*\xf5\xf5\xf5\xd6\xee\xee\xeeo\xaa\xaa\xfac\x00EF\
\xe5!\xb9\x9cp\x9c\xe3\x85\xed\xf0r\xa3R\xf8\xb2\x8b\
_\xec\x1f\x01h\x9d\xd9wt\xbd\x90\xfd\xffI\x0dj\
s\x87\xfe8\xd4\xfd\x8f\x90\xffB\x05\x001\x0dEQ\
\x8e\xeb\xea\xeaz\x14\xc0\x14\xa3r`6\x19\xf6\x93\x8d\
\xef\xe2\xa7\xb6t\xa0\xef\xa9uH5\xe9_\xfcf\x08\
\x06Xk\xf5\x8f\x00\xa8\xe1\x9d\xe0\x09U@B\xd4\xff\
\x9f\x90=Q\x01@\x0c\xe7\xf1x\xaa%I\xba\x0f\xc0\
\xf9F\xe6a\x9d>\x06\xceK\xa7@*u\x1a\x96\x03\
\xef\x88#\xf6\xaf\x10\xe2\xefo\xce\xaa\xe1\xfe=\xc9e\
\x85`E6\xddqD\xf5\xffO\xa5RK\x84\x04\x22\
$\x87P\x01@\x0c3\xd0\xc5\xef{\x00\xbe\x0d#\xbb\
\xf8\x95\x17 \xef\x92)B:\xd6\x0d\x9b\xca\x11{\xa7\
\x05\xf1W\xc2Fw\xf1k\x030^o\x10\x11\xc3\xff\
\x00\x90l\x8c\xe8\x8e\xc19\x0f577o\x14\x90\x0e\
!9\x85\x0a\x00b\x08\x8f\xc7sz,\x16{\x0c\xc0\
$\xa3r`yV8N\xad\x82\xfd\xf8J\xc0b\xe0\
\xa1=\x8d\x91\xfe.~[\x0c=\xb4'\xc1\x18\xfb=\
\x80\xc79\xe7\xab\xf4\x06\x13QL\xf1\xb8\x0au\xbd\xfe\
)\x10I\x92h\xfe\x9f\x90\xbd\xa0\x02\x80d\x94\xa2(\
5\x8c\xb1_q\xceO0,\x09\x06\xd8\x0e+\x83\xe3\
\x82\x1aH\xc5\x06v\xf1\x8b\xc6\x10{1\x80\xc4\xc7\xad\
\x86\xe50`\x01\x80[\x03\x81@sMM\xcd<\xbd\
\xdd\x15\x99\xc4`QJt'\xa5\x06\xa3\x80\xaa\x7f\x1a\
\x84\xf6\xff\x13\xb2wT\x00\x90\x8c\x98:ujI<\
\x1e\xbf\x07\xc0\x0d\x9cs\xc3\xdew\x96\xaaQp^:\
\x05\xf2\xe4b\xa3R\x00\x8f\xab\x88\xbd\xde\x84\xc4\x9b\xeb\
\x8d\xee\xe2\x17`\x8c}+\x10\x08\xbc\xb9\xfb\x07\x9a\xa6\
\x8d\xd3\x1b\x94\x8d\xc9\x03\xcb\xb3\xea\x0d#j\xfe\x9f'\
\x93\xc9%\x22\x02\x11\x92k\xa8\x00 \xe9&)\x8ar\
U<\x1e\xff\x19\x0c\xec\xe2'\x15\xdba?G\x81\xfd\
\x88rc\xbb\xf8}\xb6\x15}\xcf\xf9\xa1E\xfa\x0c\xcb\
\x01@\x17c\xec\xa7\x16\x8b\xe5\x91\x86\x86\x86\xc4\x1e\xbf\
\xa7\xfb\xce-\xa2\xf9\x0f l\xfe\xbfa\xfd\xfa\xf5\xdb\
\x04\xa4CH\xce\xa1\x02\x80\xa4\x8d\xc7\xe3\x99#I\xd2\
c\x00\xea\x0dKBf\xb0\x1f7\x09\x8e3<B\xbe\
\x95\x0e\x97\xba\xa5\x0b}O7\x22%\xe0\xa6\xa6\x03\x07\
\xf0\x14c\xec\xce@ \xb0\xd7y\x07\xce\xb9\x851}\
\x05\x12\x13p@\x13\xefMB\xdb\xd8\xa9;\x0ec\x8c\
\x86\xff\x09\xd9\x07*\x00\x88puuu\xe3\x92\xc9\xe4\
\xcf\x01\x5c\x01\xa3\xbb\xf8]:\x05rY\x81Q)\xf4\
w\xf1\xfbW\x08\xf1\xc5\x1b\x8d\xde\xd6\xf7\x05c\xec\xe6\
@ \xf0\xe1\xfe\x1e$IR\x8f\xde5\x00\xda.\xfd\
M\x8b\x92\xeb\x22\xe0b^/Z\x00H\xc8>P\x01\
@\x84\xa9\xaf\xaf\xb7vuu\xdd\x92L&\x7f\x04#\
\xbb\xf8\xb9\x1dp\x5cX\x0b\xdb!\xba\xa7\xb3\x87O\xe3\
H|\xb4\x05\xb1\x17\x82Fw\xf1\x8bp\xce\xbf\x1f\x0a\
\x85\xfe\x0f\xc0\x01;\xea0\xc6\xb6\xeb-\x00\xd4\xd6n\
\xf0\xce\x84\xae>\x00\xa9/\x84\x8c\xdakv\xbb\xfd=\
\x11\x81\x88\xb9(\x8aR\xca9?\x9a16\x9ds^\
\xcd\x18+\x06\xe00:/\x91\x18c\x1d\x9a\xa6\xed\x90\
$)\xa0\xaa\xea'\x15\x15\x15\x9f-Y\xb2D\xe8\x1e\
a*\x00\x88\x10^\xaf\xf7\xf8\x81.~5F\xe5\xc0\
l2\xec'M\x86\xfd\xe4*0\xbba\xa7\x05Cm\
\xde\x85\xde\xa7\x1b\xa16\x1b\xda\xc5O\x05\xf0\x07\xab\xd5\
\xfa\xc3\x86\x86\x86A\xaf\xa6\xd34m\xab\xee+k\x1c\
\x89\x8f\xb7\xc0~\xe2\xe4\xe1==\x1aCb\xb9\xfe4\
\x18c+\xd7\xacY\xb3Sw b\x0a\x03m\xc2/\
\xe0\x9c_\x05`.cL\x02\x00\xbdSVf\xc59\
\x07c\x0c\x9csH\x92\x84\xd6\xd6\xd6\x9d^\xaf\xf79\
Y\x96\x7f\xeb\xf7\xfb\xd7\x88\xb8\x06\x15\x00D\x97\x9a\x9a\
\x9aJM\xd3\x1e\x02p\xb6\x91yXg\x8e\x85\xf3\xa2\
ZC\xbb\xf8i\x1dq\xc4^\x0c\x22\xf1\xd1\x16\xa3\x87\
\xfb\xdf\x07ps0\x18\x1c\xf2~\xfe\xb2\xb2\xb2pk\
kk\x1f\x00]/dlA\x13lGV\x80\xe5\x0f\
}\xddE\xdfs\x8d@J\xc8\xee\x08\x1a\xfe\xcf\x11\x8a\
\xa2\x5c\xd4\xd5\xd5u\x1f\x80J\xa3s1P\x09c\xec\
zM\xd3\xaeS\x14\xe5%I\x92\xbe\xed\xf7\xfb[\xf4\
\x04\xcc\xcd\xd2\x89\xa4]YYY^AA\xc1\x9d\x00\
\xee\x80\xce\x9b\x85\x1e\xd2\xf8|8/\x99\x02k\x9d\x98\
\x93\xe7\x86E\xe3\x88/\xda\x80\xd8\xcba\xf0\xde\xa4q\
y\x00[8\xe7\xdf\x09\x85B\xcf\xa0\x7f\xc1\xdf\xb0(\
\x8a\xb2\x0c\x02\x8e_\xb6N\x1b\x8d\xfc[\xea\x87\xb4\xeb\
\x22\xfe\xd6z\xf4=\xe7\xd7{\xe9\xddN\x09\x06\x83o\
\x88\x0aF2OQ\x94R\x00\x7f\x01p\x9a\xd1\xb9\x98\
\x0dc\xac\x97s~[0\x18\xfc\xe3pc\x187N\
J\xb2\x96\xd7\xeb=\xd7n\xb7\xbf\x02\xe0L\x08\xd86\
6\x1c\xcci\x81\xf3\x5c\x05\xf9WM\x87<6\xdf\x88\
\x14\x00\x00\xa9u\x11\xf4<\xf6y\xff\xb7~\xe3\xf6\xf4\
\xc7\x01<`\xb5Z/\xf4\xfb\xfd+\xf4\x06s\xbb\xdd\
S\x00\xcc\xd1\x1bG\xdb\xd6\x0bm[/\xac\xd3F\x03\
\xf2\xfe;-r\x8d#\xfeJ\x13b/\x06\xf5^\x16\
@\xff\x87coo\xef7;;;\x0d\xed\xabL\x86\
OQ\x94\x1a\x00K!\xa0\x18\xcdQV\x00\xa7\xbb\xdd\
\xee\x8a\xa9S\xa7\xbe\xd1\xd2\xd22\xe4\x0f \x9a\x02 \
\x83\xe6\xf1x\xa6H\x92\xf4(\x80\xe3\x0cK\x82\x01\xb6\
\xc3\xcb\xe1<\xbfF\xc8a3\xc3\xa5E\xfa\xd0\xf7\x9c\
\x1f\xc9\xcf\xf4\xcfU\xeb\xf4\xba,\xcb\xdfjll\x0c\
\x89\x0a\xc8\x18[\xc09\xbfMD\xac\xc4\xb2V\xa46\
v\xc0yA\x0d\xacSG\xefu4 \xb5\xae\x1d\xb1\
\x97BBO>\xe4\x9c\xbf\xbby\xf3fC\x9b-\x90\
\xe1\xf3x<S\x00\xbc\x07\xc0\xc0\xa1\xbd\xacquk\
kk1\x80\x8b1\x88\x85\xbe_ES\x00\xe4\x80\xaa\
\xaa\xaa\x8a-\x16\xcb\xff\x02\xb8\x09\x06}\xe3\x07\x00y\
R\x11\x9c\x97N\x81\xc5\xa3\xbf\xcd\xecp\xf1\x84\x8a\xf8\
\x9b\xeb\x11\x7f\xa3\x19<.\xe4\x98\xda\xe1\x0as\xceo\
\x0b\x85B\x0bD\x07\x1e\xd8\xcd\xb1\x0d\x80\xd0\x17Z\x1a\
\x93\x07\x8b\xcf\x05yB\x11x_\x12Z{\x1f}\xf0\
~p\x00\x00 \x00IDATR\x8d\x11h\xedi\
\xb9O_\x1c\x0c\x06\x9fMG`\x92^\x03\xdb\x88\x97\
\x03\xa80:\x97l\xc2\x18{4\x10\x08\xdc:\xa4\xe7\
\xa4+\x19\x92\x13\x98\xd7\xeb\xfd\x1ac\xec>\x00c\x0d\
K\xa2\xd0\x06\xe79\x0alGU\x18\xdb\xc5\xef\x8bm\
\xe8{\xa61]7\xac\xc1\xea\x01p\xaf\xa6i\x0f\x86\
\xc3\xe1\xb4\xed/\xf4z\xbd\x0f3\xc6\xbe\x95\xae\xf8i\
\x16M$\x12\xe5---1\xa3\x13!C&)\x8a\
\xf26\x8c\x1ce\xccb\x8c\xb1\x0b\x02\x81\xc0\xf3\x83~\
|:\x93!\xd9\xcb\xe3\xf1\xcc\x1c\xe8\xe2w\xb8aI\
H\x0c\xb6\xd9\xe3\xe1\xbc\xb8\x16\xac\xc0\xc0\xe1\xfe\xed\xbd\
\xe8{z\x1d\x92\xabw\x18\x96\xc3\x80\x05\xb2,\xdf\xd4\
\xd8\xd8\xb8!\xdd\x17\xaa\xae\xae\xf6\xc8\xb2\x1c\x00`\xdc\
1\x89\xc3\xc4\x18\xfbi \x10\xf8\xa1\xd1y\x90\xa1S\
\x14\xe5\x1a\x00\xc3^\xd4F\x10\x91$\xc9\xe7\xf7\xfb\x07\
\xd5r\x94\x0a\x00\xf2\x1f\xaa\xab\xab\xc7\xc8\xb2|/\x80\
\xaf\xc3\xc0\x0f\x7f\x8b\xcf\xd5\xdf\xc5\xaf\xa2\xd0\xa8\x14\xc0\
\xfbR\x88\xbf\x1aF\xec\x9d\x16!\xa7\xd2\xe9\xb0Z\xd3\
\xb4[\xc2\xe1pF\x9b\xda\xf8|\xbe\x178\xe7\xe7f\
\xf2\x9a\x02tI\x924y\xb0\x1f\x80\xc4<\xa6M\x9b\
\x96\x1f\x8b\xc5\xd6\xc3\xc03Cr\xc4\x83\xc1`\xf0\xf6\
\xc1<0\xeb\xaa{\x92\x1e\xf3\xe6\xcd\xb3\xf8|\xbe[\
\x07\xbe\xf5]\x05\x83\xde\x1b\x92\xcb\x81\xfc\xeb\x0fF\xc1\
\x9d\xb3\x8d\xbb\xf9s \xf1\xd1\x16t~o)bo\
\xae7\xf2\xe6\xbf\x13\xc0\xcdeee\xf5\x99\xbe\xf9\x03\
\x00c\xec{\x00\x0c\xdd\xd78\x0c?\xa7\x9b\x7fv\x8a\
\xc7\xe3W\x83n\xfe\x22\x5c_WW\xe7\x1a\xcc\x03i\
\x1b \x81\xcf\xe7;\xa6\xb3\xb3\xf3e\xf4\xf7\xee7\xa6\
\x9d\xa6E\x82\xe3\x94*\xe4\xdf0\x03\xf2D\xc3\xba\x08\
C\xdd\xd0\x89\xde\xdf~\x81\xf8\xc2\x0d\x80q\x8b\xfc4\
\x00\x7f\x02pv0\x18\x5c2\x9c\xed=\x22\xb4\xb7\xb7\
G\x5c.\x97\x8b1v\x98\x11\xd7\x1f\x86\x80\xd5j\xbd\
|\xc7\x8e\x1d\x86\xae\xce$\xc3\xe3v\xbb\xff\x04\x03\xd7\
\x1a\xe5\x10\x9b\xa6i\x9b\x22\x91\xc8\xf2\x03=\x90\xa6\x00\
F0EQ\xca\x01\xdc\x07\xe02\x18yh\xcf\x94R\
8/\xa95\xf6\xd0\x9e\x9e$b\xaf\x84\x91X\xb4A\
\xd4!4\xc3\xf5\x99\xa6i7\x87\xc3\xe1O\x8cLb\
\xb7\x81\x86O\x9f\x03\xf0\x19\x9d\xcb\x01\xa4$I\x9a\xeb\
\xf7\xfb?2:\x112t\x1e\x8f\xa7N\x92\xa4\xb5F\
\xe7\x91+\x18c\xef\x05\x02\x81y\x07z\x1c\xf5\x01\x18\
\x81*++\x1dV\xab\xf5v\xc6\xd8]\x9cs1\x87\
\xb7\x0f\x8346\x1f\xce\x8bk\xfb\x1b\xc5\x18E\xe3\x88\
\xbf\xbb\x11\xb1\x97\x82\xe0\xbd\x86\xf6\x8ci\x03\xf0\xdd`\
0\xf8$tt\xf1\x13\xad\xb5\xb5\xb5WQ\x94+\xd0\
\xdf^\xd8\xb8\x95\x98\x07\xc09\xff\x1e\xdd\xfc\xb3\x97$\
I\xc7\x18\x9dC.\xe1\x9c\x1fVVV\x96\xd7\xda\xda\
\xda\xbb\xbf\xc7Q\x010\xc2x<\x9e\xd3%Iz\x04\
@\x95\xdeS\xdf\x86\x8b\xd9\xfb\x0f\xedq\x9cZ\x0dX\
\x8c[\x86\x92\x0aD\xd1\xf7\xd4:\xa8\x9b\xbb\x0c\xcb\x01\
@\x921\xf6;UU\x7f\x18\x0e\x87;\x8dLd_\
\x82\xc1\xe0\xa7^\xaf\xf7:\xc6\xd8_\x8c\xcee\x1f\x9e\
\x09\x85B\x0f\x18\x9d\x04\x19>\xc6\xd8L\xa3>\x8fr\
\x94\xbd\xb0\xb0p\x0a\x80\xcf\xf6\xf7 *\x00F\x08\x9f\
\xcf\xe7\xd34\xedW\x8c\xb1\x13\x0dK\x82\x01\xd6\xd9e\
p\x9e\xef\x83Tb\xdc\xc9\x9dZ4\x86\xd8\xf3~$\
\x96\xb5\x19\x96\x03\x000\xc6\xde\xe6\x9c\xdf\x1a\x08\x04\x84\
5\xbfO\x97P(\xf4\x84\xd7\xeb\xadb\x8c\x99m{\
\xdd\x9b\x85\x85\x85W\xc2D\xa3&d\xe88\xe7\x1e\xa3\
s\xc85\x9a\xa6yA\x05\xc0\xc86\xb0\xb5\xe6\x0e\xce\
\xf9w\x19cv\xa3\xf2\x90'\x16\xc1yI-,\xca\
\xa0\x16\xa7\xa6\x87:0\xdc\xff\xcf x\xcc\xd0\xe1\xfe\
\xcd\x00\xbe\x1f\x08\x04\xfefd\x12C\x15\x0a\x85~\xe4\
\xf3\xf9z8\xe7?7:\x97\x01\x0b\x12\x89\xc4\xf9+\
V\xac\xc8\xb6\x9d\x0ad\x0f\x9c\xf3\x92\x5c=\xd6\xd7(\
\x8c\xb1\x03~\xd8R\x01\x90\xbb\x98\xcf\xe7\xbb4\x16\x8b\
\xfd\x02\xc0x\xc3\x92\xc8\xb7\xc2y\x8e\x02\xeb\xdc\x09`\
Fv\xf1[\xb5\x1d\xb1g\xfdP\xb7\xf5\x18\x96\xc3\xc0\
\xe9]\xf7\xf7\xf6\xf6\xfe2[\xfb\xd4\x07\x02\x81\xfb\x15\
EI\x00\xf8%\x8c\xddE\xf4\x9b\xb2\xb2\xb2o-Y\
\xb2\x84\x0e\xfb\xc9\x01\x8c1\xdd'\x8a\xf2\x83/\x05\x0a\
rc\x13\x01\x0b/\x04\xb6\xae\xd6\x17\x83\xb1\x03\x9e\x92\
F\x05@\x0e\x1a\xe8\xe2\xf7(\xe7\xfc\x08\xa3r`\x12\
\x83\xf5\xe8\x0a8\xcf\xf1\x81\x15\x18v|\x80i\xba\xf8\
q\xce_H\xa5R\xdfnnn\xdehh\x22\x02\x04\
\x83\xc1\x87}>\xdfJ\xce\xf93\xc8\xfc\xb6\xadn\xc6\
\xd8\xad\x81@\xe0\xcf\xc1\xa0\x98\x93\x03\x89)\xe8\xffv\
0n\x1axI\x95\x80TL`\xeb\x1a\x11\xdb\xb2\x0e\
\x18\x82\x0a\x80\x1cRSS\xe3\xe6\x9c\xff\x8cs~\x0d\
\x8c\xec\xe2\xe7-\x81\xf3\x92)\x90'\x19\xb7\x9f\x9f\xc7\
U\xc4^\x0d#\xfev\x0b\x902\xec\x98^\x00h\x00\
pk(\x14Zdd\x12\xa2\x05\x02\x81w\xeb\xea\xea\
\x0eN&\x93\x0f\x03\xb8(C\x97]\x0c\xe0\x9a@ \
\xd0\x9c\xa1\xeb\x11\x92\xd3\xa8\x00\xc8\x0d\xb2\xa2(\xd7i\
\x9a\xf6\x13\x00\x86M\xb2K\xa3\xec\xfd\xc7\xbe\xce.3\
\xae\xab\x00\xef?\x826\xf6|\x00\xdaNC\xcf\x82\xe9\
`\x8c\xdd=~\xfc\xf8_\xe7\xea0uCC\xc3V\
\x00\x17{<\x9e\xbfH\x92t?\x80\x83\xd3t\xa9 \
\xfa\xb7H\xbe\x94\xa6\xf8\x84\x8cHT\x00d9EQ\
\x8e\x02\xf0\x18\x80\xe9\x86%a\x91`?~\x12\x1c\xa7\
{\xc0\x1c\xff\xdf\xde\x9d\xc7\xc9U\xd6\xf9\x1e\xff>\xa7\
\xaaz\xcbB\xd2`\x08!BB\xaaNu\xa7\x09\x8c\
\x13\x06\x94\x19\x87\x88\xa2\x80\x82\x8c\xa8\x08\xe8\xcc\xa8s\
\x9d;(\x01Ge\x11G\xc1\x0d\x04\x17\x16\x97\x99\xf1\
\xce\x5cG'\xc8\x80\xe0\x00Qq\xe1\x022*\x228\
2\xd0\xe9>\xa7+\x9d\x04\x92\x0e[:$\x9dt\xd7\
\xd2u\x9e\xfbGwP\xd6,\xb5<Uu>\xef\xd7\
\x8b\x17\xaft:\xcf\xf9\xd2\xa1\xbb\xbeu\x96\xdf\xe3\xee\
\x7f\xa9\xf2cc\x9aX\xb5F\x93\xe1\xa8\xb3\x0c\x92\x22\
k\xed\xb7&''?\xben\xdd\xba'\x82 p\x99\
\xa5.r\xb9\xdcO$\xfd4\x93\xc9\xbc\xd9\xf3\xbc\x8f\
Zk\xff\x5c\xd5\xa9\x80\xffe\xad\xbdzhh\xe8?\
\xb5\x97\xfb\x9c\x03\xd8=\x0a@\x93\x9a\x9e\xe2w\x95\xa6\
N\xbf\xba\x9b\xe2w\xf8\x01\xea:{\xa9\xbc\x03w{\
\xbfI\xcd\xd8\x9d%M\xdc\x12\xaat\xcfc\xae\xa7\xf8\
\xdd/\xe9\xdc\xa1\xa1\xa1\xfb]\x86p\xc4\x0e\x0d\x0d\xad\
\x96\xb4\xba\xa7\xa7gQ\x14EgI:I\xd2\xd1\xda\
\xf3\x01B\x05I\xbf\x96\xf4cI7\x84a\xc8\xa9~\
\xa0\x86(\x00M&\x9dN\xb7{\x9e\xf7aI\x97H\
r6;\xd7\x9b\xd7\xa5\xcew\xf5*\xf5G\xf3\x5cE\
\x90\x8d\xac\x8a?\x7fl\xea\xb1\xbe\x1dN\x9f\x04{\xd2\
\x18sq\x10\x04\xdf\xd2\xd4\x1c\xffX\x1b\x1c\x1c\x5c/\
\xe9\xf3\x92>\xbf`\xc1\x82\xae\x193f\x1ce\x8c\xf1\
%\xa5%\xcd5\xc6\xcc\x94$k\xed\xa8\xa4QIk\
%\x0d\x8c\x8f\x8f?\xd2\xacOG\x00\xcd\x88\x02\xd0D\
|\xdf\x7f\x83\xa4k$-u\x95a\xd7\x14\xbf\xf6\x93\
\x97\xc8\xa4\xdcM\xf1+\xaf\xdb6u\xba\x7f\xf8\x19g\
\x19$MJ\xfaW\xcf\xf3>\xce\x0et/nz\x14\
\xe9\xcf\xa7\xff\x01\xd0@(\x00M \x9dN/\xf1<\
\xefrI\xefp\x99#u\xe4<u\x9e\xbdT\xde\x01\
\x15?\xb2\xbb\xcf\xec\xb6\x82&n\x1cT\xf1\xbe\x11\xa7\
\xb3\xdf\xac\xb5w'\x12\x89\x95\x83\x83\x83\x0f\xbbK\x01\
\x00\xfb\x8e\x02\xd0\xc0\xa6wb\xbb@\xd2\x85r\xb5M\
\xaf$o\xfe\x0cu\x9d\xb5T\xc9\xc3\x0fp\x15\xe1\xf7\
S\xfc\xbe\x1f\xcaN8\xbd\xa9~\x93\xa4\x8f\x0f\x0d\x0d\
5\xd5\x14?\x00x>\x0a@\x83\x9a\xde\xb4\xe7:I\
\x87\xba\xca`\xbaR\xeax\xf3aj?a\x91\xdbM\
{\xd6l\xd1\xc4w\x07T\xde\xe4t\xd3\x9e\xa21\xe6\
\x1f\x93\xc9\xe4%\xfd\xfd\xfd;\x5c\x06\x01\x80j\xa0\x00\
4\x18\xdf\xf7{\x8c1\xd7Xk\xdf\xe8,\x84\x91\xda\
^\xbd@\x1dg\xf4\xc8\x9b\xedl\xfb\x00E\xa3\x13\xca\
\xdf\x1c\xaa\xf8\xab\x11g\x19\xa6\xad\x96t\x1e\x03h\x00\
\xb4\x12\x0a@\x83X\xb4h\xd1\x9c\xf6\xf6\xf6\xcb\xac\xb5\
\xe7Xk\x9d\xfd\xbd$\x16\xed7\xb5iOz\xae\xab\
\x08\xb2\x85\xb2\x0aw\x0c\xab\xf0\xc3a\xd9\x92\xbb\x9b\xea\
\xad\xb5C\xc6\x98\xf3\xc30\xfc\xa1\xb3\x10\x00P#\x14\
\x00\xf7<\xdf\xf7\xdf-\xe9*k\xad\xb3g\xea\xcc\xcc\
\x94:N\xcd\xa8\xfd\xf8C$\x97\x9b\xf6\xfc\xee\x09M\
\x5c?\xa0\xe8i\xa7O\x83\xed\x94\xf4Ek\xed\xe5C\
CC\x05\x97A\x00\xa0V(\x00\x0ee\xb3\xd9\xa3\xac\
\xb5\xd7Iz\xb5\xb3\x10\x9eQ\xfb\xeb\x0fU\xc7[\xd3\
2]\x0e7\xedy|\xa7\xc6\xaf_\xa3\xc9G\x9ev\
\x96AS\xcf\x15|\xaf\x5c.\x7fd\xed\xda\xb5\x8f\xb9\
\x0c\x02\x00\xb5F\x01p\xa0\xaf\xafo~\xa9T\xba\xcc\
Z\xfb7r\xb9iOO\xb7\xba\xce\xee\x93w\xb0\xb3\
yB\xb2\xe3%\xe5\x7f0\xac\xc2O\xd7\xbb\xde\xb4\xe7\
\xbf%\xad\x0c\xc3\xf0\xbf\x5c\x86\x00\x80z\xa1\x00\xd4\xd1\
\xf2\xe5\xcbS;v\xec8\xa7T*}Z\x92\xb3\xad\
\xf2\xbc\xee\x0eu\xbc\xcdW\xdb\xb1\x07\xbb\x8a0\xb5i\
\xcf\xaf6Mm\xda\xb3\xcd\xe9Y\xf6Qc\xcc\xa7\x83\
 \xf8\xaa\x987\x0f F(\x00u\x92\xcdf\x8f\x1f\
\x1b\x1b\xbbVR\x9f\xab\x0c\xa6-\xa1\xb6\xd7\x1f\xaa\x8e\
S\xd32\xed\x09W1T\xde\xb0}j\x8a_n\xab\
\xb3\x0c\x9a\x1a\xd9\xbbJ\xd2\xdf\x07A\xe0\xf4\xba\x03\x00\
\xb8@\x01\xa8\xb1t:\xbd\xd0\xf3\xbc\xcf[k\xdf\xe3\
2GCL\xf1\xdbQR\xfe\xf6\x9c\x0awn\x90\xdc\
n\xda\xf3sM\x9d\xee\x7f\xc8e\x08\x00p\x89\x02P\
#\x0b\x17.\xec\xec\xea\xea\xbaP\xae\xa7\xf8\x1d8C\
]g\xf5*\xb9\xec\x15\xae\x22H\x91U\xe1\xff=\xaa\
\xfc\x7f\x0e\xc9\x8e;\xdd\xb4gD\xd2\xc5a\x18~G\
N\x07\x09\x03\x80{\x14\x80\x1a\x98\x9e\xe2w\xad\xa4E\
\xceB\xb4%\xd4q\xd2bu\xbcy\x89\xdb)~\x83\
\xa3\x1a_\xd5\xafh\x93\xd3\xe1y%c\xcc7$}\
\x22\x08\x02\xa7\xe3\x04\x01\xa0QP\x00\xaa(\x9b\xcdf\
\xad\xb5WK:\xd1Y\x88\xe9)~\x9dg\xf4\xca\xcc\
\xde\xd3m\xd8\xab/\x1a\xcd+\x7fs\xd0\x08S\xfc~\
f\xad]\x19\x86\xe1\x80\xeb \x00\xd0H(\x00U\xb0\
h\xd1\xa29mmm\x17Yk?,\xc9\xd9\xabn\
\xf2\xd0\xfd\xd4y\xf6R%\xd2s\x5cE\x90-\x96U\
\xbcs\x83\xf2\xb7\xe5d\x0bNo\xaa\xcfYk?<\
44\xb4\xdae\x08\x00hT\x14\x80\xca\x18\xdf\xf7\xdf\
#\xe9JI\x07:\x0b1#\xa5\x8e\xb7f\xd4v\xfc\
!21\x9f\xe2g\x8c\x19\xb7\xd6^U,\x16\xafX\
\xbf~}\xdeY\x10\x00hp\x14\x80}\xd4\xd3\xd3\xb3\
<\x8a\xa2k%\x1d\xeb,\x84g\xd4\xfe\xda\x85\xea8\
\xdd\x97\x99\xe9\xf0t\xff\x13;5~\xfd\x80&\x1f~\
\xcaY\x86i\xab=\xcf\xfb\xd0\xc0\xc0\xc0\x06\xd7A\x00\
\xa0\xd1Q\x00\xf6ROO\xcf\xfe\xd6\xdaOFQ\xf4\
AI\xce\x1e\xa6Of\xbb\xa7N\xf7/\x9c\xe5*\x82\
T,+\xff\xa3a\xe5\x7f0\xecz\x8a\xdfC\x92\xce\
\x0d\xc3\xf0^\x97!\x00\xa0\x99P\x00\xf6\xd0\x8a\x15+\
\x92###\xef\x8b\xa2\xe8\xf3\x92\xf6w\x95\xc3\x9b\xdb\
\xa1\x8e\xd3}\xb5\xbd\xe6`\xc9\xd5\xd9\xfe\xe9)~\x13\
7\x0e\xcan/:\x0a!I\xdaj\x8c\xb9\x8c)~\
\x00\xb0\xf7(\x00{\xa0\xa7\xa7g\xc5\xc8\xc8\xc8\xb5\x92\
\x969\x0b\x91\xf4\xd4\xfe\xbaC\xd4\xf1\x17\x19\x99\x0ew\
\x7fm\x93\x1b\xb6ib\xd5\x80\xca\x0d0\xc5\xaf\x5c.\
\x7ft\xed\xda\xb5O\xba\x0c\x02\x00\xcd\x8a\x02\xf02|\
\xdf?X\xd2\xe5Q\x14\xb9\x9f\xe2wV\xaf\xbcWt\
9\xcb`w\x96\x94\xbf-\xa7\xe2\x9d\x1bd\xddN\xf1\
\xfb\x8d\xb5\xf6\xdc\xa1\xa1\xa1_\xbb\x0c\x01\x00\xcd\x8e\x02\
\xf0\x22\xfa\xfa\xfa\xda&''\xff\xceZ\xfbYI\xce\
\xb6\xca\xf3\xe6u\xa9\xf3\xcc^\xa5\x8e\x9c\xe7*\x82\x14\
Y\x15\xef\x1b\xd1\xc4\x0d\x83\xb2;\x9c\x9e\xee\xdf,\xe9\
\xd20\x0c\xff\x8f\xa6\xce\x00\x00\x00*@\x01x\x9et\
:}J\xa9T\xbaZ\xd2a\xceB4\xca\x14\xbf`\
T\x13\xab\xd6\xa8\xbc\xd1\xe9\xf0\xbc\x921\xe6\x1b\xe5r\
\xf9\x1fr\xb9\xdcv\x97A\x00\xa0\x95P\x00\xa6\xf5\xf6\
\xf6f\xca\xe5\xf2\xd5\x92Nv\x99#u\xe4<u\xbe\
{\xa9\xbc\xfd\xddm\xda\x13=SP\xfe\xa6A\x15\xef\
\x1bq=1\xff\xce(\x8a\xce\xcb\xe5r\xfdNS\x00\
@\x0b\x8a}\x018\xe2\x88#f\xe4\xf3\xf9\x8f\x95\xcb\
\xe5\x8b$\xb5\xbb\xca\x918d\xb6:\xcf^\xaadf\
\xae\xab\x08R\xd9\xaap\xd7\xa3\xca\xdf\x12\xca\xe6'\xdd\
\xe5\x90\x1e\x93\xf4\x890\x0c\xbf\xed2\x04\x00\xb4\xb28\
\x17\x00\x93\xcdf\xdf\x9e\xcf\xe7\xbf$\xe9\x95\xceBt\
%\xd5q\x9a\xef|\x8a\xdf\xe4\x9a\xa75\xbej\x8d\xa2\
\xcd;\x9de`\x8a\x1f\x00\xd4O,\x0b@:\x9d~\
\x95\xe7y\xd7Yk\xff\xd4Y\x08\xcf\xa8\xed\x98\x83\xd4\
\xf9\xae^\x99Y\xee\xa6\xf8\x95\x9f\xd8\xa9\xfc\x0d\x83*\
=\xe4\xfci\xba\xd5\xc6\x98s\x83 X\xef:\x08\x00\
\xc4A\xac\x0a@___\xf7\xe4\xe4\xe4\xa7\xac\xb5N\
\xa7\xf8%\x0e\x9b\xa3\xae\xb3z\x958\xcc\xe1\xa6=\x85\
\xb2\x0aw4\xc4\x14\xbf\xc0\xf3\xbc\xf3\x06\x07\x07\x7f\xec\
2\x04\x00\xc4M\x5c\x0a\x80\xe7\xfb\xfe\xbbK\xa5\xd2\x97\
$\x1d\xe0,\xc4\x9cvu\xbc=\xebv\x8a\x9f\xa67\
\xedY5\xa0h\x8b\xbbM{$=c\x8c\xb9\x22\x99\
L~\xa5\xbf\xbf\xdf\xe9\xf3\x85\x00\x10G-_\x002\
\x99\xcc\x9f\x1bc\xae\x95t\xa4\xb3\x10\x09\xa3\xf6\xe3\x0f\
U\xc7i\x19\x99Nw_\xf2\xf2\xa3\xdb5q\xfd\x80\
&\xc3Qg\x194\xf5\x5c\xc1\xbf\x97J\xa5\x8f\xad[\
\xb7\xee\x09\x97A\x00 \xceZ\xb6\x00d\xb3\xd9\x05\xd6\
\xda+$\xbd[\x0e\xdfo'\x97\x1e\xa0\xce\xb3z\x95\
X\xe0l\x9e\x90\xec\xf8\xa4\xf2\xb7\x0e5\xc2\x14\xbf\x07\
\xa3(:7\x97\xcb\xfd\xcae\x08\x00@\x0b\x16\x80\xe5\
\xcb\x97\xa7v\xec\xd8q\x8e\xb5\xf63\x92\x9cm\x95\xe7\
\xcd\xebR\xe7\xdb\xb3J\x1d5\xdfU\x84\xdfO\xf1\xfb\
\x8fA\xd91\xa7g\xd9\xb7\x18c>\x13\x04\xc1ub\
\x8a\x1f\x004\x84\x96*\x00\xbe\xef\xbfall\xecZ\
I\xbd\xae2\x98\xf6\x84\xdaO\x5c\xac\xf6\x93\x97\xc8\xa4\
\xdcM\xf1+\xaf\xdb\xa6\xf1UkT\x1e~\xc6Y\x06\
I\x93\xc6\x98\xaf\x97J\xa5O\x0e\x0f\x0fos\x19\x04\
\x00\xf0\x5c-Q\x00\x96,Y\x92N$\x12_\x91\xf4\
\x16\x979\xa6\xa6\xf8\xf5\xc9\xdb\xbf\xc3Y\x06\xbb\xad\xa0\
\x89\x1b\x1bb\x8a\xdf]\x89Db\xe5\xc0\xc0\xc0#N\
S\x00\x00^TS\x17\x80\x05\x0b\x16t\xcd\x9c9\xf3\
\x02I\x17Jr\xf6\xaa\xeb\x1d4C\x9dg.U\xea\
pg\x0f\x18\xfc~\x8a\xdf\xf7C\xd9\x09\xa7S\xfc6\
J\xba\x84)~\x00\xd0\xd8\x9a\xb6\x00\xa4\xd3\xe9S<\
\xcf\xbbN\xd2\xa1\xae2\x98\xae\x94:N\xcb\xa8\xfd\xf8\
C$\xa7S\xfc\xb6h\xe2\xfa5*\x8f\xecp\x96A\
\xd2\x84\xa4kS\xa9\xd4g\xfb\xfb\xfb\x9d\x06\x01\xaa!\
\x9b\xcdf%\x9d\x18E\xd1\x9f\x19cz%-\x90\xb4\
\x9f$w\xd7\xf6\xaa\xaf(i\xbb\xa4\x0d\x92\xfa\x8d1\
\xf7$\x93\xc9\x1f\xf6\xf7\xf7?\xee8\x17\xea\xa0\xe9\x0a\
\x80\xef\xfb=\x92\xae\x95t\x82\xb3\x10\xd3S\xfc:\xce\
\xe8\x917\xdb\xd9\xf6\x01\x8a\x9e\x1c\xd7\xc4\xf7\x02\x95\x1e\
p\xfe\xbd\xba\xda\x18\xb32\x08\x82u\xae\x83\x00\x15J\
d2\x99w\x1ac\xce\xb7\xd6\x1e-I\xc68\x1c\xda\
Q{m\x9a\x9a\x8dr\x80\xa4\xe5\xd6\xda\xbf,\x95J\
\x93\xbe\xef\xdfa\xad\xbdjhh\xe8\xe7\x8e\xf3\xa1\x86\
\x9a\xa6\x00,[\xb6ln\xb1X\xbc\xd4Z{\x8e\x1c\
\xe6N,\xdaoj\xd3\x9e%\xee\xa7\xf8\x15~8,\
[rzS}(\xe9\xfc0\x0c\x7f\xe42\x04P\x0d\
\xd33C\xbe.\xa9\xcfu\x16\xc7\x92\x92\xdeb\x8cy\
\x8b\xef\xfbw\x94\xcb\xe5s\xd7\xae]\x9bs\x1d\x0a\xd5\
\xd7\x0c\x05\xc0\xf3}\xff\xdd\x85B\xe1*I\xf3\x5c\x85\
0\xb3\xdb\xd4\xf1\x17\xbe\xda_\xbb\xd0\xe9\xe9\xfe\xa9)\
~k\x14mq\xbaW\xceNI_\x8c\xa2\xe8\xf2\x5c\
.Wp\x19\x04\xa8\xd4\x8a\x15+\x92###\x9f\xd1\
\xd4\xbdD-\xfdv\x7f\x1f\x9c\x98H$~\xe7\xfb\xfe\
9\xdc\xd7\xd3z\x1a\xba\x00\xf8\xbe\xff'\x92\xae\x93t\
\x8c\xb3\x10\x0d2\xc5/\xda\xbcS\x13\xdf]\xa3\xd2#\
O;\xcb\xa0\xe9)~\xa9T\xea\x02\xae\x11\xa2\x15\xa4\
\xd3\xe9\xf6\xcd\x9b7\xaf\x92t\xba\xeb,\x0dl\x86\xa4\
\x7f\xf3}\x7fi\x18\x86\x17\xcb\xf5\xf3E\xa8\x9a\x86,\
\x00\xbd\xbd\xbd\x07\x95\xcb\xe5K%\xfd\x8d\x1c\xdep\x93\
\xec\xdd\x7fj\x8a\xdf\xc1\xce\xe6\x09\xc9\x8e\x97\x94\xbf5\
\xa7\xc2\x9d\x1b$\x87S\xfc\x8c1\xbf\x95\xb42\x08\x82\
_8\x0b\x01T\xd1\xf2\xe5\xcbSccc\xb7Xk\
Ov\x9d\xa5I\x5c\xe8\xfb~\x14\x86\xe1\xc7]\x07A\
u4T\x01\xd85\xc5\xaf\x5c.\x7fZ\xd2lW9\
\xbc\xee\x0eu\xbc\xcdW\xdb\xb1\x07\xbb\x8a Y\xa9\xf8\
\xabM\xca\xdf\x18(\xda\xee\xf4,\xfb\xa81\xe6\xd3A\
\x10|UR\xd9e\x10\xa0\x9a\xb6o\xdf~\xad1\x86\
\x17\xff\xbdsq6\x9b\xcd\x05A\xf0\xaf\xae\x83\xa0r\
\x0dS\x00\xb2\xd9\xec\xf1\xd3S\xfc\x9c\xdd\x80c\xda\x12\
j?i\xb1\xdaO:L\xa6\xcd\xd9n\xc1*\xaf\xdf\
\xa6\x89Uk4\xb9\xd6\xe9\x14\xbfH\xd2*I\x7f\x1f\
\x04\x81\xd3\xeb\x0e@\xb5e\xb3\xd9\xb7[k\xff\xb7\xeb\
\x1cM\xea:\xdf\xf7\x7f\x19\x86\xe1\xa0\xeb \xa8\x8c\xf3\
\x02\xb0d\xc9\x92W&\x12\x89\xcfYk\xdf\xe32G\
\xea\xc8y\xea<{\xa9\xbc\x03:\x9de\xb0;J\xca\
\xdf\xde\x10\xa7\xfb\xef\xd1\xd4\xe9\xfe\xffq\x16\x02\xa8\x91\
t:=\xdbZ{\x8d\xeb\x1c\xcd\xcaZ\xdb%\xe9k\
\x92^\xef:\x0b*\xe3\xac\x00,\x5c\xb8\xb0\xb3\xab\xab\
\xebB\xb9\x9e\xe27\x7f\x86\xba\xceZ\xaad#L\xf1\
\xfb\xcf!\xd9\xf1\x92\xbb\x1c\xd2\x88\xa4\x8b\x83 \xf8\x8e\
\xb8\xd1\x07-*\x91H\x9cg\xad]\xe0:G\x93;\
\xbe\xa7\xa7\xe7M\x83\x83\x83?v\x1d\x04\xfb\xceI\x01\
\x98\x9e\xe2w\xad\xa4E.\x8e/\xfd~\xd3\x9e\x8e7\
/\x91\x92\xee\x06{M\x0e\x8ej|U\xbf\xa2MN\
\x87\xe7\x95\x8c1\xdf\x90\xf4\x89 \x08\xc6\x5c\x06\x01j\
)\x9dN\xb7[kW\xba\xce\xd1\x0a\xa2(\xba@\x12\
\x05\xa0\x89\xd5\xb5\x00d\xb3\xd9l\x14E\xd7\x18c\xde\
T\xcf\xe3>\x87\x91\xda^\xbd@\x1d\xef\xec\x91\xb7\x9f\
\xc3)~\xa3y\xe5o\x0eT\xfc\xd5\x88\xb3\x0c\xd3~\
&\xe9\xdc \x08\xb8\x9e\x87\x96\x97H$N\xb1\xd6:\
<\xdd\xd7R^\x97\xcdf\x173\x01\xb4y\xd5\xa5\x00\
,Z\xb4hN[[\xdbE\xd6\xda\x0f\x1bc\xda\xea\
q\xcc\x17\x93<tj\x8a_\x22\xedp\x8a_\xb1\xac\
\xe2\x9d\x1b\x94\xbf-'[pzS}\xceZ{\xfe\
\xd0\xd0\xd0\x0f\x5c\x86\x00\xea\xc9Z\xfbV\xd7\x19Z\x88\
\x89\xa2\xe8-\x9a\x9a\xd5\x82&T\xeb\x02`|\xdf\x7f\
\x8f\xa4+%\x1dX\xe3c\xbdt\x88\x99)u\x9c\x9a\
Q\xdb\xf1\x87\xc8\xb8\x9e\xe2w\xfd\x80\xa2\xa7'\x9ce\
0\xc6\x8c[k\xafb\x8a\x1f\xe2\xc8\x18\xf3\xe7\xd6r\
{K\xb5x\x9ew\x9c(\x00M\xabf\x05\xa0\xa7\xa7\
g\xb9\xb5\xf6:k\xedkju\x8c\xdd\xf2\x8c\xda_\
\xbbP\x1d\xa7gef\xa6\x9c\xc5\x88\x9e\xd8\xa9\xf1U\
k4\xe9v\x8a\x9f$\xad.\x95J\x1f\x1c\x1e\x1e~\
\xd4u\x10\xa0\xde\xa6\xef\xfe?\xc4u\x8eVb\xad=\
\xdcu\x06\xec\xbb\xaa\x17\x80\x9e\x9e\x9e\xfd\xad\xb5\x9f\x8c\
\xa2\xe8Cr9\xc5/\xdb=u\xba\x7f\xa1\xbb)~\
*\x96\x95\xff\xd1\xb0\xf2?\x18\x96&\x9dn\xda\xf3;\
I+\xc30\xbc\xd7e\x08\xc0%\xcf\xf3\x16\xbb\xce\xd0\
\x82\xf8\x9a6\xb1\xaa\x15\x80\x15+V$7o\xde\xfc\
\xc1(\x8a.\xd3\xd4\x9e\xd9Nxs;\xd4qz\x83\
L\xf1\xbb)P\xb4\xcd\xe9Y\xf6\xad\xc6\x98\xcb\x98\xe2\
\x07Hr8]\xb4\x85\xb5-\x5c\xb8\xb0s\xe3\xc6\x8d\
\xee\xaekb\x9fU\xa5\x00d\xb3\xd9\xd7\x8d\x8c\x8c\x5c\
#iY5\xd6\xdb'IO\xed\xaf;D\x1do\xf3\
e\xda\xddM\xf1\x9b\xdc05\xc5\xaf\x9cs?\xc5/\
\x8a\xa2\x8f\xe4r\xb9\xa7\x5c\x06\x01\x1aH\xc5\x8f\xfd\xf8\
\x07'\xf5\xcd\x0f\xbb\xbb\x89\xb8\xda\x8e\xfbh\xe5\x97%\
\xe7\xce\x9d\xdbA\x01hN\x15\x15\x00\xdf\xf7\x0f\x96t\
yCL\xf1;\xabW\xde+\xba\x9ce\xb0;K\xca\
\xdf\x96S\xf1\xce\x0d\xb2\x0e\xa7\xf8I\xfa\x8d\xa4\x0f\x85\
ax\xbf\xcb\x10@+Jx\xd2\xacNv\x0cFk\
\xd8\xa7\x02\xb0p\xe1\xc2\xce\x193f\xac\xb4\xd6~B\
\xd2\xcc*g\xdac\xde\xbc.u\x9e\xb5T\xa9#^\
\xe1*\x82\x14Y\x15\xee\xdd\xa8\xfc\xcd\xa1\xec\x8e\xa2\xbb\
\x1c\xd2fI\x17\x85a\xc8\x14?\x00\xc0n\xedu\x01\
\xc8f\xb3\xa7Zk\xaf\xb6\xd6:\xbb\xf9\xc3t$\xd5\
~jZ\x1d',\x92\x12\xee\xdax\x83L\xf1+J\
\xfaJ*\x95\xfal\x7f\x7f\xbf\xd3 \x00\x80\xe6\xb1\xc7\
\x05`\xd9\xb2es\x0b\x85\xc2\x15\xd6\xda\x0f\xd42\xd0\
\xcb2Rj\xf9|u\xbe\xabG^\xb7\xbbM{\xa2\
\xady\xe5\xbf\x17\xa8x\xdf\x88\xeb\xf7\xdawFQ\xb4\
2\x97\xcb\xadq\x9a\x02\x00\xd0t\xf6\xa8\x00\xa4\xd3\xe9\
\xd7\x14\x0a\x85\x9b%\x1dT\xe3</\xa9!\xa6\xf8\x95\
\x22\x15\xee\x18V\xe1\x87\xc3\xae\xa7\xf8\xad\x8d\xa2\xe8\xc3\
\xb9\x5c\xeev\x97!\x00\x00\xcdk\xb7\x05`z\x92\xdf\
7U\x85;h\xf7\x85\x99\xd9\xa6\x8e\xd3}\xb5\xbfv\
\xa1\xe4r\x8a\xdf\x7f?\xa9\x89\x1b\x06\x14=5\xee,\
\x83\xa4\x9d\xd6\xda\xcbK\xa5\xd2\x97\xd6\xaf_\x9fw\x19\
\x04\x00\xd0\xdc^\xb6\x00d\xb3\xd9\xf7[k\xffY.\
\x06\xfaxFm\xc7\x1c\xa4\xce3{ef:\xdb>\
@\xd1\x93\xe3\x9a\xb8~\x8dJ\xff\xe3\xfci\xba\xd5\x89\
D\xe2C\x03\x03\x03\x1b\x5c\x07\x01\x004\xbf\x97,\x00\
\x99L\xe6\xbd\xd6\xdaoJ\xaa\xfb\xdb\xeeF\x98\xe2g\
\xf3\x93*\xdc\xbeV\xf9\x9f\xaew=\xc5\xefa\xcf\xf3\
V\x0e\x0e\x0e\xde\xed2\x04j\xceK\xa7\xd3\x8b=\xcf\
\xf3\xad\xb5s\x8c1\x0eGXV\x9f\xb5v\xcc\x18\xf3\
L\x14Ea.\x97[\xa7\xa9Y\x15\x00\x1cz\xd1\x02\
\xd0\xd3\xd3sl\x14E\xdfP\x9d_\xfc\xbd9\xed\xea\
x{Vm\xaf9\xd8A\xed\x98f\xa5\xd2\x83\x8fk\
\xe2\x86AE\xa3Ng[<c\x8c\xb9\xf4\xa0\x83\x0e\
\xfa\xda\xddw\xdf=\xe92\x08jc\xd1\xa2E\x1d\xed\
\xed\xed\xa7Zk\xcf\x90\xb4BR\xb7$\x19\xd3z\xcf\
\x99\xef\xfao\xf2<O\xbe\xef\x8f\x1ac\xee\x92tC\
\xb9\x5c\xbe\x9dM\xa9\x007^P\x00\xfa\xfa\xfa\xe6\x97\
J\xa5\xef\xab\x9e\xd7\xfc\x93\x9e:\xde\xb4X\x1d\xa7,\
\x91\xda\x5cO\xf1\x1bP9\xb7\xd5Y\x06M\xbd3\xfa\
\x97(\x8a.\xc9\xe5rO\x05A\xe02\x0bj`\xd1\
\xa2E\x1d\xa9T\xeaC\xc6\x98\x8fXk\xe7\xbb\xce\xe3\
@\xb7\xb5\xf6tI\xa7{\x9e\xb7\xd9\xf7\xfd/FQ\
\xf45\x8a\x00P_/(\x00\xa5R\xe9k\x92\xe6\xd5\
-\xc0\xd2\x03\xd4yV\xaf\x12\x0b\x9c\xcd\x13\x92\x1d\x9f\
T\xfe\xd6\xa1F\x98\xe2\xf7@\x14E\xe7\xe6r\xb9\xfb\
\x5c\x86@\xed\xf8\xbe\xffZk\xed\xbf\x18c2\xae\xb3\
4\x88\x83$}\xc9\xf3\xbc\xbf\xcdf\xb3\xef\x0b\x82\xe0\
\x17\xae\x03\x01q\xf1\x9c\x02\xe0\xfb\xfe\x19\x92\xdeV\x8f\
\x03{\xf3\xba\xd4yf\xafRG\xd6\xadk\xbc\x80\x8d\
\xacJ\xf7<\xa6\x89[B\xd9\x9d%g9$=\xae\
\xa9)~\xdf\x96\xeb\xc9\x02\xa8\x99L&\xf31I\x9f\
7\xc6\xd4l\x1b\xee&\xe6[k\xef\xf6}\xff\x820\
\x0c\xbf\xe2:\x0c\x10\x07\xcf\xfe Z\xbe|yjl\
l\xecs\xb5>\xa0iO\xa8\xfd\xc4\xc5j?y\x89\
L\xca\xd9n\xc1*\x0f?\xa3\xf1\xeb\x07T\x1ev\xba\
iO\xc9\x18\xf3\x8dR\xa9\xf4\xc9\xe1\xe1\xe1m.\x83\
\xa0\xb6|\xdf\xff\xa2\xa4\x8f\xb8\xce\xd1\xe0\x92\x92\xbe\x9c\
\xcdf\x17\x04A\xf01\xd7a\x80V\xf7l\x01\x18\x1b\
\x1b\xfb\x80\xa4%5;\x92\x91\xda\x8e^\xa0\x8ewf\
\xe5\xcd\xed\xa8\xd9av'\xda\x9aW\xfe\xc6@\xc5\xfb\
\x9dO\xf1\xfb\xa9\xb5\xf6\xbc0\x0c\x07\x9c\xa6@\xcd\xf9\
\xbe\xffI\xf1\xe2\xbf\xc7\xac\xb5\x1f\xcdd2\xdb\x86\x86\
\x86>\xeb:\x0b\xd0\xcav\x15\x00#ie\xad\x0e\xe2\
\x1d4cj\xd3\x9e\xbe\x03ju\x88\xdd+[\x15\xee\
zT\xf9[B\xd9\xbc\xd3\x9b\xea7J\xbad\xfat\
?Z\x9c\xef\xfb'K\xba\xd4u\x8efc\x8c\xf9t\
6\x9b}8\x08\x82[]g\x01ZUR\x92zz\
z\xde\x18E\x91_\xed\xc5\xcd\x8c\x94:\xdf\xe6+u\
\xdc+e\x5cN\xf1{\xe8IM|w@\xd1\x93N\
\xa7\xf8MH\xfa\xc2\xf8\xf8\xf8\x95\xec\x9d\x1d\x0f}}\
}\xdd\xa5R\xe9[r\xf7Pk33\xd6\xda\x7f^\
\xb6l\xd9\xcf\x1f~\xf8a\xa7\x8f\xe5\x00\xad*)I\
Q\x14\xbd\xbb\xaa\xabNO\xf1\xeb8\xa3G\xdel'\
\x13\x84%MO\xf1\xfb^\xa0\xd2\x03\x8f;\xcb0m\
\xb51fe\x10\x04\xeb\x5c\x07A\xfd\x94J\xa5\xcfH\
r\xb8Wu\xd3\x9bW(\x14.S\x0d\xcfN\x02q\
\x96\x5c\xb1bErdd\xe4\xa4j-\x98x\xe5,\
u\xbeo\x99\x92\x87\xeeW\xad%\xf7^\xb1\xac\xfc\xed\
k\x95\xff\xf1:\xd7S\xfc\xd6H:/\x0c\xc3\x9f\xb9\
\x0c\x81\xfa\xf3}\xff`I\xefw\x9d\xa3\x05|\xc0\xf7\
\xfd/\x84a\xb8\xc9u\x10\xa0\xd5$7n\xdc\xf8'\
\x9e\xe7\xed_\x8d\xc5R\x7f4O3\xcey\x95\x94t\
tw\xbf\x95\x8a\xf7oV\xfe\xa6AE\xa3N\xf7\xca\
\xd9&\xe9\xb2Y\xb3f}\xf5\xc1\x07\x1ft\xfa|!\
\x9c\xf9\x80\x1cm\xa0\xd5b\xda%\xfd\x8d\xa4\xcb\x5c\x07\
\x01ZM2\x91H\x1cmm\xe5\xb7\xc3'\x16\xef\xe7\
\xf4\xc5\xbf\xbcqL\x13\xab\xd6h2\x18ur\xfci\
V\xd2\xbf\x95J\xa5\x8b\xd6\xad[\xf7\x84\xcb p\xae\
\xba\x97\xd5b\xccZ{\xb6(\x00@\xd5%\xad\xb5G\
U\xba\x88\xf1\x8c\xba\xde\xbb\xcc\xc9\x8b\xbf\x1d\x9fT\xfe\
\x96P\xc5\xbb\x1fu=\xc5\xef7\xd6\xdas\x87\x86\x86\
~\xed2\x04\xdc[\xb2dIZ\xd2a\xaes\xb4\x0a\
cL&\x9b\xcd.\xe6\x1e\x1a\xa0\xba\x92\xc6\x98%\x95\
\x9e\x01H\xbe\xea\xc0\xfa\xef\xdc\x17Y\x15\xef\x1bQ\xfe\
\xc6@\xd1v\xa7#\xc4G\x8d1\x9f\x0e\x82\xe0\xab\x92\
\xca.\x83\xa01$\x12\x89\xd7\xb8\xce\xd0\x82\x8e\x95D\
\x01\x00\xaa()\xe9\xe0J\x17I\x1dU\xdf\xfdL\xca\
\xb9g\xa6N\xf7op:<o\xd2\x18\xf3\xf5B\xa1\
\xf0\xa9\xf5\xeb\xd7;\x1d'\x88\xc6b\x8c\xc9V\xe3\xb2\
\x1a~/\x8a\xa2\xac\xeb\x0c@\xabIZk+\xbe\x01\
0\xb9hv5\xb2\xec\x96\xddV\xd0\xc4\x8d\x83*\xde\
\xe7|\x8a\xdf]\x89Db\xe5\xc0\xc0\xc0#NS\xa0\
!\xc5t\x87\xbf\x9a2\xc6\xf05\x05\xaa,)\xa9\xe2\
\xfdw\xcd\xac\x1a\xdf\xec\x5c\xb6\xca\xfft\xbd\x0a\xb7\xe5\
\x9cN\xf13\xc6<*\xe9\xa3A\x10\xdc\xe4,\x04\x9a\
A\xc5[[.Q\x87\xe6\xab\xad\x1aY\x9c{\x5cE\
\xadU\xc5O\xe5\xd4\xf9\x1a#\xd0\xfa\x92\x92*\xbes\
\xcf\xe6K2]\xb5\xd9\xe0l\xf2\x91\xa75\xfe\xdd5\
\x8a6\xef\xac\xc9\xfa{(o\x8c\xf9\xe2\xd8\xd8\xd8\xe5\
###N\xc7\x09\xa2)T\xfc=u\xa2\xba\xf5&\
3\xb7\x1aY\x9c\xfb\xb1\xdd\xaa\xafi\xa4\xd2e*~\
\xa3\x02\xe0\xb9\x92\x92F%Utz\xad\xbcy\xa7\xbc\
\xee\xce\xea$\x9a\x16\x8d\xe6\x95\xbf9P\xf1W\x15\xff\
\xe0\xa8\xd4jI\xe7\x05A0\xec:\x08\x00\x00\xd5\x92\
\x94\xf4\xa4*,\x00\x93\x8f<]\xb5\x8d~l\xa1\xac\
\xfc\x0f\xd7\xaax\xc7:\xd9\x92\xd3)~\x811\xe6\xfc\
 \x08\xeep\x19\x02\x00\x80Z\xf0\xac\xb5\xeb+]\xa4\
\xf8\x8bM\xb2\x13\x95_\x9b/=\xf0\xb8\xc6>q\xaf\
\x0a\xb7\xafu\xf9\xe2?f\xad\xbd \x95J\x1d\xc1\x8b\
?\x00\xa0U%%=$\xe9\xd4J\x16\xb1;\x8a\xca\
\x7f?T\xe7YK\xf7\xe9\xcf\x977\x8di\xe2\xfa\x01\
M\x0el\xa9$F\xa5\xac\xa4U\x89D\xe2\x82\x81\x81\
\x81\xcd.\x83\x00\x00PkIc\xcco\xab\xb1P\xe1\
\xce\x0dJ\x1c2[m\x7f\xb6p\x8f\xff\x8c\x1d/)\
\x7fkN\x85;7H\x0e\xa7\xf8M\x7f\x0dV\x06A\
\xf0\x0bg!\x00\x00\xa8\xa3\xe4\xe4\xe4\xe4]\xc9d\xb2\
$)U\xd1JV\x1a\xff\xd6#\x8a\xb6L\xa8\xe3\x94\
\xb4\xe4\xbd\xcc\x16\xe8\x91U\xf1\x97\x9b\x94\xff^\xe8z\
\x8a\xdf\x16k\xed%a\x18~S\x92\xd3\x1b\x0e\x00\x00\
\xa8\xa7\xe4\xf0\xf0\xf0\xb6L&\xf3\x0bc\xcc\x8a\x8aW\
\x8b\xac\xf2\xb7\xe6T\xbc\x7f\xb3:\xde\xb4X\xa9?>\
Pf\xe6\xef\x9fe\xb6\xdb\x8b*\xfd\xee\x09\x15~\xb2\
^\xe5\x91\x1d\x15\x1f\xae\x02eI\xff\x94J\xa5\xfe\xa1\
\xbf\xbf\xdf\xe9\xeeA\x00\x00\xb8\x90\x94$c\xccw%\
\xad\xa8\xd6\xa2\xd1\xe6\x9d\x1a\xff\xd6#\xd2\xb7\x1e\x917\
\xbb]\xeaHH\x93\x91\xeb-zw\xb9W\xd2\xb9a\
\x18>\xe4:\x08\x00\x00\xae$%)\x95J]_*\
\x95\xae\x92T\xf5\x99\xbe\xd1\xf6\x82\xb4\xbd\xda\xab\xee\x93\
\x11I\x17\x87a\xf8\x1d\xb9\x1e$\x0c\x00\x80c\x9e$\
\xf5\xf7\xf7\xef\x90\xf4o\x8e\xb3\xd4JA\xd2\x15\xa9T\
*\x1b\x86\xe1\xb7\xc5\x8b?\x00\x00zv~o\x22\x91\
\xb8\xbc\x5c.\xbfO\xd2\x0c\x87y\xaa\xedgQ\x14\x9d\
\x97\xcb\xe5\xd6\xb8\x0e\x02\x00@#yvf\xf9\xf4\xb3\
\xef\xd78\xccRM9k\xed)a\x18\x9e\xc0\x8b?\
\x00\x00/\xf4\x9cMKv\xec\xd8\xf19I9GY\
*f\x8c\x19\x97tY\xb1X\x5c644\xb4\xdau\
\x1e\x00\x00\x1a\xd5s\x0a\xc0\xc8\xc8\xc8\xb81\xe6\x03j\
\xbeg\xe2\xad\xa4\x1b\xca\xe5r6\x0c\xc3K\xd7\xaf_\
\xdf\x10\x8f\x1b\x00\x00\xd0\xa8^\xb0mi\x10\x04w\x19\
c.u\x90e_\x0dFQtb\x18\x86g\xe6r\
\xb9\x8d\xae\xc3\x00\x00\xd0\x0c^t\xdf\xf2 \x08>k\
\x8c\xb9\xb9\xdea\xf6\xd2VM=\xcf\x7fx.\x97\xfb\
\x89\xeb0\x00\x004\x93\x17-\x00\x92l2\x99<K\
R#^G\x8f$}\xa7\x5c.\xf7\x84a\xf8UM\
M\xf5\x03\x00\x00{\xe1\xa5\x0a\x80\xfa\xfb\xfb\x8b\xc5b\
\xf1\x1dj\xac\x12\xf0K\xcf\xf3\x8e\x0e\xc3\xf0/\xd7\xae\
]\xfb\xa4\xeb0\x00\x004\xab\x97,\x00\x92\xb4~\xfd\
\xfa|\x18\x86\xa7I\xfaB\x9d\xf2\xbc\x94\xcd\x92\xfe6\
\x0c\xc3\xd7\x0e\x0e\x0e>\xe88\x0b\x00\x00M\xefe\x0b\
\xc0\xb4r\x18\x86\x17I:S\xd2\x96\x1a\xe7y\xbe\x92\
1\xe6\x8bQ\x14\xf5\x84a\xf8\xcfj\xbe\xa7\x13\x00\x00\
hH{R\x00$Ia\x18\xde\x90J\xa5\x0e\x97t\
\xa3\xea3N\xf7G\x92\x8e\x08\x82\xe0c\xb9\x5c\xae1\
v\x13\x00\x00\xa0E\xecq\x01\x90\xa4\xfe\xfe\xfe\xc7\xc3\
0<\xc3Z\xfb\x1aIw\xd6(\xd3\xbd\xd6\xda\xe3\xc2\
0<9\x0c\xc3\xc1\x1a\x1d\x03\x00\x80XK\xee\xfeS\
^hhh\xe8\xd7\x92\xde\xd0\xdb\xdb{x\xb9\x5c\xfe\
;I\xef\x90\xf4\x8a\x0arl\x93tS\x14E\xdf\xc8\
\xe5r\xbf\xad`\x1d\x00\x00\xb0\x07\xf6\xa9\x00\xec20\
0\xf0\x88\xa4\x0fJZ\xe9\xfb\xfe\xb1\xc6\x987Zk\
\x8f\x92\xb4\x5c/_\x08\xb6J\xfa\xad\xa4\x07\x8c1?\
\x999s\xe6\xbd\x0f>\xf8`\xa9\x92,\x00\x00`\xcf\
UT\x00\xfe@9\x0c\xc3{%\xdd\xbb\xeb\x03\x0b\x16\
,\xe8\x9a5k\xd6+\x8d13w},\x8a\xa2\x9d\
Q\x14\x8dpM\xdf\x8d\xde\xde\xdeC\xcb\xe5\xf2q\x92\
\x96J:T\xd2~\x92RnSU\x8f1&\xb2\xd6\
n\xb3\xd6n\x924h\xad\xfd\xaf\x5c.\xd7\xef:\x17\
\x004\xa2j\x15\x80\x17\x18\x19\x19\x19\x97\x14\xd4j}\
\xec\x99t:=\xdb\xf3\xbc\xf7K\xfa\xebr\xb9|\x84\
\xeb<\xb5d\xed\xd4\xbd\xa9\xc6\x98g\xff\x9d\xcdf\x1f\
\x95\xf4\x1dI_\x0f\x82`\xc4]:\x00h,{u\
\x13 \x9a\xc7\xf2\xe5\xcbS\xd9l\xf6\x02\xcf\xf3\xd6K\
\xfa\xb2\xa4\x96~\xf1\x7f)\xd6\xdaC\xac\xb5\x97Xk\
\x873\x99\xcc\xd5\x87\x1dv\xd8~\xae3\x01@#\xa0\
\x00\xb4\xa0L&\xd3;66\xf6\x80\xb5\xf6\x0b\x92\xe6\
\xba\xce\xd3 \xda\x8d1\xe7%\x93\xc9\x01\xdf\xf7_\xef\
:\x0c\x00\xb8F\x01h1\xd9l\xf6Dc\xcc\xfd\x8a\
\xe9;\xfe=p\x90\xa4\x9fd2\x99\x95\xae\x83\x00\x80\
K\x14\x80\x16\x92N\xa7O\xb1\xd6\xb3\xb3\xe7.\x00\x00\
\x09\xabIDAT\xde&i\xe6n?9\xde<c\
\xcc5\xbe\xef_\xec:\x08\x00\xb8B\x01h\x11\x99L\
\xe6\x18\xcf\xf3\xfeC-tW\x7f\x1d|\xce\xf7\xfd\xbf\
r\x1d\x02\x00\x5c\xa0\x00\xb4\x80E\x8b\x16\xcd1\xc6\xfc\
\x87\xa4N\xd7Y\x9a\x8c1\xc6|\xbd\xb7\xb7\xf7p\xd7\
A\x00\xa0\xde(\x00-\xa0\xbd\xbd\xfd\x0aM=\xd7\x8f\
\xbdd\xad\xed*\x97\xcb\xff*\xbe\x17\x00\xc4\x0c?\xf4\
\x9a\x5c:\x9d\xee\xb3\xd6\xfe/\xd79\x9a\xdc\x9fd2\
\x993\x5c\x87\x00\x80z\xa2\x0049\xcf\xf3.\x14\x7f\
\x8f\xd5\xf0q\xd7\x01\x00\xa0\x9ex\xe1hb\xd3Cm\
\xde\xee:G+0\xc6\x1c\x9eN\xa7_\xed:\x07\x00\
\xd4\x0b\x05\xa0\x89%\x93\xc9S\xc5\x8d\x7fU\xe3y\xde\
;\x5cg\x00\x80z\xa1\x004\xb7\xe3]\x07h1L\
\x08\x04\x10\x1b\x14\x80\xe6\xf6\xc7\xae\x03\xb4\x98\xbe\xbe\xbe\
\xbe6\xd7!\x00\xa0\x1e(\x00M\xcc\x18\x93v\x9d\xa1\
\xc5$\xcb\xe5\xf2\x22\xd7!\x00\xa0\x1e(\x00M*\x9d\
N\xb7[k\xbb\x5c\xe7h5\x93\x93\x93\xdd\xae3\x00\
@=$]\x07\xc0\xbe\x99\x9c\x9c\xeclk\xab\xfcl\
\xf5\x8cs^U\x854\x8da\xe2\xa6@\xd1S\xe3\x15\
\xad\xe1y\xde\x8c*\xc5\x01\x80\x86F\x01hR\xb3f\
\xcd2\x85B\xa1\xe2uRG\xcd\xafB\x9a\xc6\x90\xff\
\xc1\xdaj,c\xaa\xb1\x08\x004:.\x01\x00\x00\x10\
C\x14\x00\x00\x00b\x88\x02\x00\x00@\x0cQ\x00\x00\x00\
\x88!\x0a\x00\x00\x001D\x01\x00\x00 \x86(\x00\x00\
\x00\xc4\x10\x05\x00\x00\x80\x18\xa2\x00\x00\x00\x10C\x14\x00\
\x00\x00b\x88\x02\x00\x00@\x0cQ\x00\x00\x00\x88!\x0a\
\x00\x00\x001D\x01\x00\x00 \x86(\x00\x00\x00\xc4\x10\
\x05\x00\x00\x80\x18\xa2\x00\x00\x00\x10C\x14\x00\x00\x00b\
\x88\x02\x00\x00@\x0cQ\x00\x00\x00\x88!\x0a\x00\x00\x00\
1D\x01\x00\x00 \x86(\x00\x00\x00\xc4\x10\x05\x00\x00\
\x80\x18\xa2\x00\x00\x00\x10C\x14\x00\x00\x00b\x88\x02\x00\
\x00@\x0cQ\x00\x00\x00\x88!\x0a\x00\x00\x001D\x01\
\x00\x00 \x86(\x00\x00\x00\xc4\x10\x05\x00\x00\x80\x18\xa2\
\x00\x00\x00\x10C\x14\x00\x00\x00b\x88\x02\x00\x00@\x0c\
Q\x00\x00\x00\x88!\x0a\x00\x00\x001D\x01\x00\x00 \
\x86(\x00\x00\x00\xc4\x10\x05\x00\x00\x80\x18\xa2\x00\x00\x00\
\x10C\xc9*\xafg\xd2\xe9\xf41\x89D\xe2\x04k\xed\
1\x92z$\xed/iN\x95\x8f\xe3\xda\x84\xa4\xed\x92\
r\x92\x1e2\xc6\xdc\x9dL&\x7f\xd4\xdf\xdf\xbf\xc3q\
.\x00\x00\xf6HU\x0a\xc0\x11G\x1c1#\x9f\xcf\x7f\
@\xd29\x92\xd2\xd6\xdaj,\xdb\xc8:\xa7\xff9P\
\xd2\x9fZk\xcf)\x95J;\xb3\xd9\xec\x8d\xd6\xda+\
\xc30\x1ct\x9c\x0f\x00\x80\x97U\xf1%\x00\xdf\xf7\xdf\
\x93\xcf\xe7\xd7J\xfa\xb2\xa4t\xe5\x91\x9a\xd6\x0ck\xed\
{%\xf5g\xb3\xd9\x7f\xec\xeb\xeb\xebv\x1d\x08\x00\x80\
\x97\xb2\xcf\x05\xe0\xb0\xc3\x0e\xdb\xcf\xf7\xfd\x9b%}[\
S\xef\x841\xc5\xb3\xd6\xfem\xa9Tz\xc8\xf7\xfd?\
s\x1d\x06\x00\x80\x17\xb3O\x05\xa0\xaf\xafo~2\x99\
\xbcG\xd2\xdb\xaa\x9c\xa7\x95,\x94tg&\x939\xd3\
u\x10\x00\x00\x9eo\xaf\x0b\x80\xef\xfb\x07\x94J\xa5\xbb\
$\x1dY\x83<\xad\xa6\xcd\x18\xf3\xef\xd9l\xf6\x9d\xae\
\x83\x00\x00\xf0\x87\xf6\xaa\x00,_\xbe<%\xe9VM\
\xdd\xdd\x8f=\xe3Yk\xbf\xed\xfb\xfe\xd1\xae\x83\x00\x00\
\xb0\xcb^\x15\x80\xb1\xb1\xb1\xcb$\x1d[\xa3,\xad\xac\
]\xd2\x0d}}}3]\x07\x01\x00@\xda\x8b\x02\xd0\
\xdb\xdb{\xb8\xa4\x8f\xd60K\xab[<99\xf9)\
\xd7!\x00\x00\x90\xf6\xa2\x00\x94\xcb\xe5\xcfHJ\xd50\
K\xcb\xb3\xd6\x9e\xeb\xfb\xfe\xc1\xaes\x00\x00\xb0G\x05\
 \x9b\xcdf%\xbd\xb5\xc6Y\xe2\xa0\xdd\x18s\x9e\xeb\
\x10\x00\x00\xecQ\x01\xb0\xd6\xfe\x95$S\xe3,\xb1`\
\xad\xfd\xcb\x15+VT{\x043\x00\x00{eO/\
\x01\x9cV\xd3\x14\xf1r\xe0\xe3\x8f?\xce\x13\x01\x00\x00\
\xa7v[\x00\x96,Y2O<\xf6WUQ\x14\xad\
p\x9d\x01\x00\x10o\xbb-\x00\xc9d\xb2O\x9c\xfe\xaf\
*cL\x9f\xeb\x0c\x00\x80x\xdb\x93K\x00\x8bk\x9e\
\x22~\xf8\x9a\x02\x00\x9c\xda\x93\x020\xbb\xe6)b\xc6\
Z\xbb\x9f\xeb\x0c\x00\x80x\xdb\x93\xbb\xd1\xdb+=\x88\
]\xbcBZ\xfe\xd7\x95.\xd3\x18\xb6n\x90\xb9\xb3\xe2\
y>\x1d\xd5\x88\x02\x00\xc0\xbe\xaa\xcf\xe3h\x89\x94l\
jF]\x0eUk&\xc5k7\x00\xa0\xf9\xed\xd3v\
\xc0\x00\x00\xa0\xb9Q\x00\x00\x00\x88!\x0a\x00\x00\x001\
D\x01\x00\x00 \x86(\x00\x00\x00\xc4\x10\x05\x00\x00\x80\
\x18\xa2\x00\x00\x00\x10C\x14\x00\x00\x00b\x88\x02\x00\x00\
@\x0cQ\x00\x00\x00\x88!\x0a\x00\x00\x001D\x01\x00\
\x00 \x86(\x00\x00\x00\xc4\x10\x05\x00\x00\x80\x18\xa2\x00\
\x00\x00\x10C\x14\x00\x00\x00b\x88\x02\x00\x00@\x0cQ\
\x00\x00\x00\x88!\x0a\x00\x00\x001D\x01\x00\x00 \x86\
(\x00\x00\x00\xc4\x10\x05\x00\x00\x80\x18\xa2\x00\x00\x00\x10\
C\x14\x00\x00\x00b\x88\x02\x00\x00@\x0cQ\x00\x00\x00\
\x88!\x0a\x00\x00\x001D\x01\x00\x00 \x86(\x00\x00\
\x00\xc4\x10\x05\x00\x00\x80\x18\xa2\x00\x00\x00\x10C\x14\x00\
\x00\x00b\x88\x02\x00\x00@\x0cQ\x00\x00\x00\x88!\x0a\
\x00\x00\x001D\x01\x00\x00 \x86(\x00\x00\x00\xc4\x10\
\x05\x00\x00\x80\x18\xa2\x00\x00\x00\x10C\x14\x00\x00\x00b\
\x88\x02\x00\x00@\x0cQ\x00\x00\x00\x88!\x0a\x00\x00\x00\
1D\x01\x00\x00 \x86(\x00\x00\x00\xc4\x10\x05\x00\x00\
\x80\x18\xa2\x00\x00\x00\x10C\x14\x00\x00\x00b\x88\x02\x00\
\x00@\x0cQ\x00\x00\x00\x88!\x0a\x00\x00\x001D\x01\
\x00\x00 \x86(\x00\x00\x00\xc4\x10\x05\x00\x00\x80\x18\xa2\
\x00\x00\x00\x10C\x14\x00\x00\x00b\x88\x02\x00\x00@\x0c\
%\xebr\x94\xfc6\x99\xad\xc3u9T\xcdm\xdbT\
\x8dU\xda{zz\x96W\xb2@\xb1X\x9c]\x8d \
\xe5\x0d\xdb\xab\xb1Lc(E\x15/a\x8c\xc9\xf4\xf4\
\xf4l\xadd\x8d(\x8a\xe6V\x9a\xe3)S\xd2Z\xe5\
+]\xa6!<eJ\x92\xadx\x99\xb9\x95~\xcfX\
k3\xd6V\x16$_\xb2\x1axl\xb2\xa25ZM\
\xb1X\xfc\xa3\x9e\x9e\x9e\x8a~\x90DQ\xd4^q\x90\
m\x9bd*^\xa4A\xe4\xb7\xd5\xe50\xbb\xfdze\
\xb3\xd9\x0b\xad\xb5W\xd4#\x0c\x00\x00\xa8\x9c1\xe6\xa2\
 \x08\xbe\xf0r\x9f\xc3%\x00\x00\x00b\xe8e\x0b@\
:\x9d\xee\xb3\xd6\xbe\xab^a\x00\x00@\xe5\xac\xb5\xef\
J\xa7\xd3}/\xf79\x89\x97\xfa\x8dl6{\x9e1\
\xe6&I\x0b\xab\x9e\x0c\x00\x00\xd4\xd2|c\xcc\xfb\xbb\
\xbb\xbb\xb7\x8d\x8e\x8e\xde\xffb\x9f\xf0b\x05\xc0\xcbf\
\xb3W[k?\xa5z\xdd$\x08\x00\x00\xaa-i\x8c\
9\xa9\xbb\xbb{\xce\xe8\xe8\xe8O\xf5\xbc\xdbq_P\
\x002\x99\xcc\x97%\x9dW\xaft\x00\x00\xa0v\x8c1\
\xaf\xde\x7f\xff\xfdgn\xd9\xb2\xe5'\x7f\xf8\xf1\xe7\x14\
\x00\xdf\xf7\xcf1\xc6|\xa6\xbe\xd1\x00\x00@\x8d\x1d\xdb\
\xdd\xdd\xfd\xc4\xe8\xe8\xe8\x03\xbb>\xf0\xecc\x80\xd9l\
6k\xad\xfdoI\x9dN\xa2\x01\x00\x80Z\xcaGQ\
\xb4<\x97\xcb\xad\x91\x9e\xfb\x14\xc0?\x89\x17\x7f\x00\x00\
ZU\x871\xe6k\xbb~\xe1IR&\x939\xc1Z\
{\x9c\xbbL\x00\x00\xa0\xd6\x8c1+\xb2\xd9\xec\xeb\xa4\
\xe9\x02`\x8c\xb9\xc0m$\x00\x00P\x0f\xd6\xda\x0b$\
\xc9\xf4\xf5\xf5\xcd/\x95J\x1b\xf523\x01\x00\x00@\
\xcb(\x97J\xa5\x83\xbdb\xb1x\x9ax\xf1\x07\x00 \
.\x12\xa9T\xeaT\xcf\x18\xf3j\xd7I\x00\x00@]\
\x1d\xe3Iz\x95\xeb\x14\x00\x00\xa0\xae\xfe\xd8\x934\xdf\
u\x0a\x00\x00PW\xf3\x93\x92\xe6T\xba\xca\xfe\xf3\x0e\
\x92\xe7\xb1\xb30\x00\x00\xb5\x16E\x91\xb6<\xb9\xb9\xd2\
e\xba\x93\x92\xda*]\xe5\x1f\xae\xfdwu\xcd\x9cU\
\xe92\x00\x00`7\xc6w\x8c\xe9\xfcw\xbd\xbe\xd2e\
\xday\xdb\x0e\x00@\x0cQ\x00\x00\x00\x88!\x0a\x00\x00\
\x001D\x01\x00\x00 \x86(\x00\x00\x00\xc4\x10\x05\x00\
\x00\x80\x18\xa2\x00\x00\x00\x10C\x14\x00\x00\x00b\x88\x02\
\x00\x00@\x0cQ\x00\x00\x00\x88!\x0a\x00\x00\x001D\
\x01\x00\x00 \x86(\x00\x00\x00\xc4\x10\x05\x00\x00\x80\x18\
\xa2\x00\x00\x00\x10C\xc9j,2\xbes\xac\x1a\xcb\x00\
\x00\x80\xdd\xa8\xd6k\xae\xf1}\xbf \xa9\xad*\xab\x01\
\x00\x80f\x90\xf7$ms\x9d\x02\x00\x00\xd4\xd56O\
\xd2z\xd7)\x00\x00@]\xad\xf3\xac\xb5\x0f\xbbN\x01\
\x00\x00\xea\xea\x11\xcf\x18s\x8f\xeb\x14\x00\x00\xa0~\x8c\
1w{\xa9Tj\xb5\xa4\x82\xeb0\x00\x00\xa0.\x8a\
\xc6\x98;\xbc\xfe\xfe\xfeQc\xccj\xd7i\x00\x00@\
\xedYko\x1b\x1c\x1c\xdc\xe2M\xff\xe2J\xd7\x81\x00\
\x00@\xed\x19c\xae\x94\xa6'\x01\x86ax\xbf\xa4[\
\x9c&\x02\x00\x00\xb5vS\x18\x86\xbf\x91\xfe`\x14p\
\xb9\x5c>_\xd23\xce\x22\x01\x00\x80Z\xda\x1aE\xd1\
\xdf\xef\xfa\xc5\xb3\x05`\xed\xda\xb5\x8fYk\xdf/\xc9\
:\x89\x05\x00\x00j\xc5\x1ac\xde\x9b\xcb\xe56\xee\xfa\
@\xe2\x0f\x7fwttt\xa0\xbb\xbb{\xdc\x18sB\
\xfd\xb3\x01\x00\x80\x1a\xf9X\x18\x86\xff\xf7\x0f?\x90x\
\xfeg\x8c\x8e\x8e\xfe\xf2\x80\x03\x0exF\xd2\x1b%\x99\
z%\x03\x00\x00Ug\x8d1\x17\x87ax\xd5\xf3\x7f\
\xe3\x05\x05@\x92\xb6l\xd9\xf2\xeb\xee\xee\xeeG\x8c1\
o\x92\xd4Q\xf3x\x00\x00\xa0\xda\xb6\x1ac\xce\x0c\x82\
\xe0_^\xec7_\xb4\x00HS\x97\x03\xe6\xcc\x99s\
\xbd\xe7y\x87J\xea\xadY<\x00\x00Pm7EQ\
t\xda\xd0\xd0\xd0o^\xea\x13\xf6\xe8\x14\xbf\xef\xfbG\
\x1bc.\xb0\xd6\x9e\x22\xb6\x0e\x06\x00\xa0\x11\x15\xac\xb5\
\xb7\x1bc\xae\xdc\xf5\xa8\xdf\xcb\xd9\xabk\xfc===\
\xfb[kO\xb2\xd6\x1e'i\x99\xa4\xc5\x92f\x8b\xcb\
\x04\x00\x00\xd4S^\xd2vI\xeb$\xfd\x8f1\xe6\x9e\
d2\xf9\xa3\xfe\xfe\xfe\xd1=]\xe0\xff\x03)\x9a\x10\
\x04\xb5\xa8i&\x00\x00\x00\x00IEND\xaeB`\
\x82\
\x00\x00k\xcd\
\x89\
PNG\x0d\x0a\x1a\x0a\x00\x00\x00\x0dIHDR\x00\
\x00\x02\x00\x00\x00\x02\x00\x08\x06\x00\x00\x00\xf4x\xd4\xfa\
\x00\x00\x00\x09pHYs\x00\x00\x0e\xc3\x00\x00\x0e\xc3\
\x01\xc7o\xa8d\x00\x00\x00\x19tEXtSof\
tware\x00www.inksca\
pe.org\x9b\xee<\x1a\x00\x00 \x00ID\
ATx\x9c\xec\xddy\x9cT\xd5\x99?\xfe\xcfs\xef\
\xad\xbd\xbbz\x85n\xa0\xd9\x17E\x10\x17 j\x5cp\
\xc3\xb8\xa1\xa24\xae8:\x89h\x165fsf\x92\
\xf9\x0d3\xf3\x9b%N2&1\x93\x19\x93\x18\x90M\
\x03\xc9$\xd1d2\x89\x89 fb0*n\xb8\xb1\
\xc8\xd6\xac\xdd\xf4\xde]u\xab\xea\x9e\xef\x1fU\xd56\
\xd0twU\x9ds\x97\xaa\xe7\xfdz\xe5\x15\x81\xaes\
\x0e\xc5\xad\xfa<\xf7\xdcs\xcf%0\xc6\x5cm\xe9\xe3\
\xc2\xd7\x11\xed\x19\x91\xb2|#\x85\xb0Fj\x82*\x85\
F\x95\x04Q%\x04*\x05D%@\x15\x04D\x00\x0a\
\x03\x22\x02\xc0ov\xb5\xd7\xf4\xb6\x1d\x0e\xc6\xda\x8fF\
\xe3m\xcdZ\xac\xa3YO\xc5b\x94J%u+\x19\
\xa7T<\x86T\xd2\x04\x00h\xba!\x8c@H\x90/\
 t\xddH\xe8\x81\xa0\x15,\xafI\x04\xa3\xd5]\x81\
\xaa\xda\xeepM]\xcc\x1f\xa9:\x0c\x886\x08\xd1N\
\xa4\xb5Y\xf4\xd1\x7f\x13Ym\x10z{\x8a\xac6-\
\x91j92.th\xe3%\x94t\xf6\x9dc\x8c\x0d\
\x86\x9c\x1e\x00c\xa5\xacq\x9d\x18a\xa5\x12\x0dZ\xd2\
\x1a\x0b`\x9c\x005h@\x83 \x1a\x03\x88\x91\x10b\
\x04\x88F\x0c\xd9\x90\x10\xe8=z\x08\x1d\xfb?D\xc7\
\xfe\x1d\xe8:\xb8\x07\xc9x\xaf\xd4\xb1\x1a\x81\x10\xca\xea\
\xc7#:f\x12\xa2\xa3'!T5\x12\xa0\x93~\x85\
X\x00\x0e\x01\xd8\x0f\x81\xfdDb\xbf\x00\xed\x07Q\x13\
\xc1:\x90\x22\xda\xa7\x19\xfe\x03\xeb\x17\xd3\x11\xa9\x83d\
\x8c\x0d\x1b\x17\x00\x8c)\xd4\xb8N\xe8\x88\xc5\xc6\x81h\
\x0a\x916\x19\xc0\x14Ab2\x04\xa6\x00\x98\x0c \x94\
o\xdb\x22\x95B\xfb\xdemh\xd9\xf1&:\xf6\xefD\
\xb2\xb7[\xda\xb8\x87\xc3\x08E\x10\x1d3\x095\x93g\
\xa1b\xecT\x90\xa6\xe7\xd3L'\x80m\x99\xffm'\
\xd06\xa1\xd1\x07\x06\x8cmO\xddF\xcdR\x07\xcc\x18\
;\x06\x17\x00\x8cI\xd0\xb8N\xe8V\x22>I\x134\
\x93\x04\xa6\x0b\xc2\x0c\x08L\x07a:\x80\xa0\xcc\xbez\
\x8f\x1eF\xcb\xf6\xd7q\xe4\xfd\xd7l\x0f\xfd\x931\x02\
!TM\x9a\x89\xda\xa9g\xa0\xac~\xbc\xacf\xdb\xf0\
Qq\xf0\x0ei\xe2M\x8d\xac\xd7\x9f\xbe5\xbcWV\
\x07\x8c\x952.\x00\x18\xcb\xd1\xd2\xc7\x85\xaf\xa5\xdc\x9c\
F)\x9a\x0d\xc2l\x825\x1b\xa0\xb3\x00\x84U\xf5)\
\x84\x85\xa3;\xde\xc6\x81\xd77\xa1\xf7\xe8!U\xddH\
\x11\xaa\xa9\xc7\xa83/D\xf5\xa4\x99 \xd2Tt\xd1\
\x0e\x88\xb7\x05\xb4W\x89\xb0\x15D\xefD\xe2\xc6++\
\xee\xa6\x98\x8a\xce\x18+V\x5c\x0006\x88\xc6uB\
\x87i\x9e&\x04\x9dC\xb0\xce\x05\xd1\xc7\x00L\x07`\
\xd8\xd1\xbf\xb0R8\xba\xe3M\xec\xdf\xb2\x09\xb16o\
\xcd\x88\x07\xca\xabPw\xfay\x181}.4]\xf9\
\xdbeB`\xab l!\xa2?j)\xf1\xc7\x1f/\
\xf1\xbf\x07\x22\xa1\xbac\xc6\x06u\xf12c\x02b\x17\
\x90\xb0\xa6Y\x02\xdd>\x0d/l\xdf\xf8\xc8>\xa7\x87\
\x05p\x01\xc0\xd81n_-\xa2\x09\x8a_`\x81\xce\
'A\xe7\x01b\x0e\x80r\xdb\x07\x22\x04Z\xb6\xbf\x8e\
}\x7f\xfe=\xcc\xaev\xdb\xbb\x97\xc9_V\x81\x86\xb9\
\xf3Q3e\xd6`\x8b\x06Uh\x01\xf0\x12\x80\xff#\
\xd2\xfe(|\xc6\x9f\xd7/&\xb9+#\x19\x1b\xc4\xf8\
\x8b\x1e\xfe8A\xac\x0005\xfb{\x02Hj\x10\x8f\
\xeb\x91\xd8\x17\xb7\xff\xfa\xb1\xb8s\xa3\xe3\x02\x80\x95\xb8\
\x85O\x8a\x1a\xdd0/\x80E\xf3\x88\xc4E\x00\xce\x04\
\x90\xd7j6Yb\xed-\xd8\xfd\x87g\xd1\xd1\xb4\xc3\
\xc9aHW>j\x02\xc6\x9f\xbf\x00\xa1\xea\x91N\x0d\
!\x01\xe0U!\xe8%\x22\xf1b\x22\xe1\xdf\xf0\xf3\xbb\
\xa9\xcd\xa9\xc1\xb0\xe26\xf1\xa2/_!@\xbf\xc0\xc9\
\xd7\x00=\x97L$\xae\xdf\xf7\xd2\xa3\x8e\x15\xa5\x5c\x00\
\xb0\x92\xd2\xb8N\x84\x10\x8f_\x00\xa2\xf9\x00\xe6\x038\
\x03.\xf9\x1cX\xc9\x04\x0e\xbc\xf1\x22\x0e\xbc\xbe\x09\x22\
\x95rz8J\x90\xa6c\xe4is\xd10\xf7rh\
\xbe\x80\xd3\xc3I\x01\xf83\x80\xdfB\xd3\x9e;2\xca\
\xf8\x13\xef]\xc0d\x18F\xf8g9Z\x04\xb8\xe2\x8b\
\x8f1\x95n^e\x9e\x91\x22\xf1\x09\x02\xcd\x07\xc4\x05\
\x90\xbc*_\x86\x9e\xe6\x03\xd8\xfe\xfb\x1f#\xde\xde\xe2\
\xf4Pl\x11\xac\xa8\xc1\xe4\xcboF\xb8f\x94\xd3C\
\xe9\xaf\x03\xc0\x06\x01\xfa\xad \xeb\xb9\x9f\xde\x1e\xdc\xe6\
\xf4\x80\x98\xf7\xe4\x10\xfeY\x8e\x15\x01\x5c\x00\xb0\xa2s\
\xd7r\x11\xec\xf2\xc5/\xd1\x80k\x05\xe8Z\x00\xe3\x9c\
\x1e\xd3`Z\xb6m\xc1\xae\x17\x9f\x85\x95L8=\x14\
[i\xba\x81\x86s\xae@\xdd\xcc\xf3\x9c\x1e\xca\xc9|\
( ~\x03\xe0g\xe4\x0fl\x5c\xbf\x98L\xa7\x07\xc4\
\xdc-\x8f\xf0\xcfr\xa4\x08\xe0\x02\x80\x15\x85\x85O\x8a\
\x1a\x9f\x9e\xb8^@\x5c\x07\xe0r\x00\x11\xa7\xc74\x14\
+\x11\xc7\xae\x17\x7f\x81\x96\xedo9=\x14GUM\
<\x0d\x13\xe7\xdd\x00\xdd\x9f\xf7\x9eHvh#\x81_\
\x09\xc2\xcf\x83\x96\xff\xd7\xab\xee$wl\xc0\xc0\x5c\xa3\
\x80\xf0\xcf\xb2\xbd\x08\xe0\x02\x80y\xd6\xadkEm\x22\
\x95\xb8\x9aH4\x02\xf8\x04\x00\x9f\xd3c:\x19\x9f\x0e\
\xf83\xff\xf3\xe9\x84do'\xfe\xf4\xd3'\xd1~\xf8\
\xa0\xd3Cs\x85\xb2\x9a\x91\x98}\xc3_\x80BQ\x98\
I a9=\xa2A\xc5\x00\xfa\x03\x84\xf5KCO\
>\xfd\xd4me\xee\xde\x98\x81)'!\xfc\xb3l-\
\x02\xb8\x00`\x9er\xeb\xda\xae\xba\x84e,&\x81\xc5\
 \xfa8\x00%;\xcd\xe4K\xa3l\xc8\xa7\xff?`\
\x10\xfc\xfa\xb1w\xbfu\xb5\x1d\xc5\xa6\xa7W\xa0\xab\xed\
\xa8s\x03u\xa1p\xb4\x12\xf3n\xbe\x0b\xe55\xb5\x10\
\x00\x92) \x9eB\xba H\x09\xc4S\x84\x94\xe5\xba\
\xdb\xfa\x93 \xdaD\x02\xeb\x85\xdf\xb7n\xfdb\xe2\x7f\
\xd4\x12#1\xfc\xb3l+\x02\xb8\x00`\xae\xd7\xb8N\
\x84D\xc2\xbc\x96\x04\xee\x84\x8b\xce\xf45\x02\x82> \
\xa0\x03\x01\x03\xf0\xeb\x04}\x88r\xa4\xf5`\x136\xad\
[\x89x\x0f\xcf \x0f\xc4\x1f\x0a\xe3\xc2Ew\xa0f\
\xcc\xc0\xcb6R\x16`\xa6\x04\xe2I \x9e\x04bI\
\xc0E5A\x0a\xa0\x0dB`U\xbc\xc7\xf7\x93g\xef\
\xa5\x1e\xa7\x07\xc4\xd4R\x10\xfeY\xb6\x14\x01\x5c\x000\
W\xbax\x830j\x9b\xe2W\x02\xb4\x84\x80\x05(\xe0\
\xa19\xb2\xf84 \x90\x0d|\x1f!\x90\xe3n\x01\xcd\
{wa\xd3\xfa\x95H\x9a\xf6\xad%\xd3\x0d\x03U\xf5\
c\x10\xad\x1d\x89\xf2\xea\x1aDkF \x1c\xad\x84\xee\
\xf3\xc3\x1f\x0c\xc2\xf0\xf9\x01\x00\xc9\x84\x093\x16C*\
a\xa2\xbb\xbd\x0d\x9dG\x8f\xa0\xf3h\x0b:\x9a\x0f\xe3\
\xe8\x81&X)\xfb\xee\x8e3\xfc~\x5c\xb4\xf8/P\
\xdb0\xbcg\x0a$\xacL1\x90H\x17\x06\xa6;\xee\
\xa0l\x13\x10\xeb5\xd2W\xaf\xbb\xcdx\x91w$,\
>\x0a\xc3?Ky\x11\xc0\x05\x00s\x95\x9bW\xc6\xa7\
\x0b\x0dw\x09`\x09\x00\xc7\xee\x11#d\xa6\xf0}\x84\
\xa0\x91>\xd3\xd7\x0b\xf8\xb4\xb4\x1f>\x88\xe7\xd7<\x81\
\x84\xe4G\xf4\x0e\xa4\xb2\xae\x1e\xa3'\x9f\x8a\x11\xe3&\
\xa2\xb6a\x1ct\xa3\xb0\x09\x93T2\x81\xe6}{p\
x\xf7\x87\xd8\xbf\xe3=[\xd6-\xf8\x83!\x5cr\xfb\
\xa7P1\xa2.\xe7\xd7\x0a\x01\xc4\x93\x02\xbdI \x96\
$\xc4\x93\x02\xc2\xd9\xf8\xdd-\x08k\xf4\x14V\xff\xf8\
\xce\xc0\xbb\x8e\x8e\x84IaC\xf8g)-\x02\xb8\x00\
`\x8e\xbb\xee\x09Q\x1e\x0c$n\x11\x10w\x03p\xec\
\x9e0\x9f\x96\x0e\xfa\x90\x8f\x10\xf2\xa5\xa7\xf8e\xe8n\
k\xc5\xf3\xab\xbf\x8f\xde\xaeN9\x0d\x0e \x18)\xc7\
\xf8\xd3fa\xc2\xe9g\xa1bd\xbd\xb2~\x00\xa0\xed\
\xd0A\xec~{\x0bv\xbf\xf3&b\xdd\xea\xfeN\xa1\
\xb2(.\xbbs)\xc2\xd1\xca\x82\xda\x11\x00\xe2\x09\x81\
\x9e\x04\xa5g\x09\x1c\x9d!\x10/\x0a\xa2\xc7\xbb[\xfc\
?\xf9\xf5\x03\xe4\xe86\xb0,?6\x86\x7f\x96\xb2\x22\
\x80\x0b\x00\xe6\x98\x9b\xd6\xc6O\xa5\x14\xee\x22\xc2R\x00\
Uv\xf7OH\x9f\xe1\x87}\x02a\x1f\xc1\xa7`\x03\
\xe0xO7\x9e_\xf3\x03t\xb6\xa8y\x90O\xa4\xb2\
\x0a\xd3\xe6\x9c\x87Ig~\x0c\xbaa\xcb\xf3\x89\xfa\x88\
T\x0a\xbb\xdf}\x13\xef\xbe\xf4\x82\xb2\xbf_YU5\
.]\xb2\x14\xc1p\x99\xb46\x93)\xa07\x09\xf4&\
\x04z\x12pjv\xa0\x0dB\xac\x03\xd1\xb7\xd7\xdf\x11\
x\xc7\x91\x11\xb0\x93\xea\xbc\xe2\x8a\x99dYc\x88\xa8\
%\x5cY\xb9\x85\xd6\xafO\x01\x8e\x84\x7f\x96\x92\x22\x80\
\x0b\x00f\xab\xc6u\xc2/\x12\xe6\xf5$h) .\
\xb7\xbb\xff\xecY~\xd8\x0f\x84\x0cR\xfal\x1a\x91J\
a\xc3\xda'\xd0\xdc\xb4Gz\xdb\x91\xca*\x9c~\xd1\
|\x8c\x9d\xae\xec\x91\xbb\xc3&\x84\x85=\xef\xbe\x8d\xb7\
6\xfe\x16=\x1d\xf2\xb7\xd6\x1f1v\x02\xe6\xdd\xfa\x97\
\xd04\xf9\x7fO\x81\xf4]\x06\xdd&\x9c\x9a\x1d\x10\x00\
\xfd^\x90\xf8~u\x97\xff\xe7\xdf\xbf\x97Jk7(\
\x97\xe9\xb8\xfc\xf2\x0b4\xa2\xff\x040\xb3\xdfo\xef\x13\
B|q\x96yV\x9bC\xe1\x9f%\xbd\x08\xe0\x02\x80\
\xd9\xe2\x96\xa7\xbaG\xa7R\xc6g \xc4R\x10\x8d\xb0\
\xb3\xef\x80\x0eD\xfc@\xc4O0l|\xcc\xcf\x1b\x1b\
\xfe\x17\xefo\xfe\x83\xd46I\xd71\xe5\xac\x8f\xe1\xf4\
\x8b\xe6\xc3\xf0\xfb\xa5\xb6]\xa8T2\x81\xf7\xfe\xf4\x22\
\xde}i\x93\xf4E\x83\xd3\xcf\xbb\x18\xa7\xcfS_/\
&,\xa0\xc7\x14\xe82\xd3\x85\x81\xcd\xf6\x03\xf8\xa1\xae\
'\x1f\x7f\xfa\xd6\xc8~\xdb{/q\xddW\x5cq\x83\
\x10\xe2\xc7\x00\x06\xfa`\x89o%G\xa5~\x98\xaa\xb7\
w\x9a\xedDR\x8b\x00.\x00\x98R7\xaf2\xcf\xb6\
`\xdd\x0b\xa2;ac\xe5\xec\xd7\xd3g\xf9e~5\
S\xfbC\xd9\xbf\xfd}\xfc\xe1\xa7\xab\xa5\xce/W\x8f\
n\xc09\xd7,ByM\xad\xb46U\xe8hi\xc6\
\xcb\xbf\x5c\x8f\xa3\x07\x9a\xa4\xb5ID\xb8\xb0\xf1N\xd4\
O\x9a:\xf4\x0fK\x92\xcc\x14\x03\xddf\xfavC\x1b\
\x99\x04\xfc\x22e\xd1#?\xbd\xd3\xff\x8a\xad=\x97\xa8\
\xee\xcb/\xbfF\x10\xfd\x14\xc0\xa0O\xa8z,9\x0a\
\x8f\xa7\xd4\xae\xb1\x19\x06iE\x00\x17\x00L\xbae\xcb\
\x84\xb6u\x8ay#\x80\x87\x00|\xdc\xae~\xb3\xa1\x1f\
\xf1\xa77\xdfqJog\x07~\xf3\xa3\xff\x80\xd9+\
\xe9^\x7f\x22L\x9d}.\xce\xb8\xe4Jh\xba\xa3O\
*\x1e6\xcb\xb2\xf0\xf6\xa6\xdf\xe1\xbd\xcd/J+\x82\
\x02\xe1\x08\xae\xf8\xcb\xcf\x22T\x16\x95\xd2^.\x92)\
\xa0'!\xd0\x15\x87\x9d\x97\x09\x04\x80\xdf\x12\x89o\xac\
\xbb=\xf8;\xdbz-1\xc3\x0d\xff\xacb*\x02\xb8\
\x00`\xd24\xae\x13~\x11O\xdcB$\xfe\x1a\xc0\xa9\
v\xf4\xe9\xd3\x80\xb2\x00!\xe2\x87#g\xfa\x03\xd9\xf8\
\xf4\x0a\x1c\xde\xb5]J[\x86\xdf\x8fs\x16,\xc6\x98\
\xa9\xb6\xbc\x9d\xd25}\xf0\x0e6?\xfb\x13$\x13r\
\xf6>\xa8\x9f8\x0d\x17\xdd|\xa7\x94\xb6\xf2\x95H\x01\
]&\xd0\x15\x17H\xda\xb7e\xf1\x1bB\xd0\xbfW\xf7\
\xf8\x9e\xe2u\x02\xf2\xe4\x1a\xfeY\xc5R\x04p\x01\xc0\
\x0av\xfbj\x11\x8d\xc3\xbc\x8f\x80\xcf\xc3\x86{\xf7\x09\
\xe93\xfdh\x00\x08\xfa\xdcu\x08\xefy\xe7M\xfc\xe9\
\x99uR\xda\x1ajW<\xaf8z\xa0\x09/\xae\x97\
\xb7\xfb\xe1\xc7\x17\xde\x8a\x86SfHi\xabP\xf1\x14\
\xd0\x19K\xcf\x0c\xd8t3\xc1^\x01\xf1\xed\x00\x02?\
Xs\x07u\xd8\xd3eq\xca7\xfc\xb3\x8a\xa1\x08p\
\xd7\xb7'\xf3\x94\xc6u\xa2\x9aL\xf3!\x01\xdc\x0f\xa0\
Bu\x7f>\x1d(\x0f\xa4\xcf\xf8\x0b\xd9\x94G\x95\xa4\
\x19\xc7\xaf\xbf\xffm\xf4v\x15\xfe\xbd\xdc\x7f_\xfcb\
\xd0\xd1\xd2\x8cM?^\x8e\x9e\x8e\xf6\x82\xdb\x0a\x95G\
q\xd5=\x9fw\xd5\x22HK\xa4\xef$\xe8\x88\x09\xbb\
v\x22<\x0a\xe0\xdf\xe3q\xffw\x9e\xf9$\xa9\xdb\x8c\
\xa1H\x15\x1a\xfeY^/\x02\x5c\xf85\xca\xdcn\xe1\
\x93\xa2\xc6\xa7\x99\xf7\x0b\xc2\x83\x00\x0a\xdb\xa5e\x08D\
@\xd8\xe7\xce\xb3\xfd\xe3m\xf9\xdd\xff`\xdb+\x7f,\
\xb8\x9dPy9.\xbd})\x22\x95\xb6o\x8d\xa0\x94\
\xcc\x0d\x91N9\xf7B\x9cq\xf1'$\x8cJ\xbe\xbe\
Y\x01\xd3\x96=\x06\x8e\x92\xc0c\x22\xe0\x7ft\xfdb\
*\xbc\xba*\x01\xb2\xc2?\xcb%E\xc03\xbb6\x85\
\x17\x02\xcbr\xba(\xe5\xeeoT\xe6*\xb7\xae\x15\xb5\
\xa9\x94\xf99A\xf8<\x14\x9f\xf1\xfbu\xa0<H(\
\xf3\xcb\xdb\x91O\xa5\xf6#\x87\xf1\xdb\xe5\xdf\x85\xb0\x0a\
\xbb(\xec\x0b\x84p\xe9\xed\x9fT\xbe\x9b\x9fS\xda\x0e\
\x1d\xc4\x86\xb5?D\x22\x1e+\xa8\x1d\xd2u\x5c\xf9\x97\
\xf7\xbbz\x86\xc4\x12@W\x1c\xe84\x85\x1d\xb7\x14\xb6\
\x90\xc0w\xb9\x10\x18\x9c\xec\xf0\xcfrC\x11@\x10\x7f\
\xf1\xe1\xa6\x7f[\x99\xcbk\x5c\xf5(U\xe6N\x8d\xeb\
D\xd9\xe25\xf1\x87\x93\x96\xb9]\x10\xfe\x0e\x0a\xc3?\
\xe8#\xd4\x95\x03c*\x08\xd1\x807\xc2\x1f\x00\xde}\
ic\xc1\xe1\xaf\xe9:.\x5ct{\xd1\x86?\x90~\
N\xc1\xf97\xdd\x0e*\xf0n\x06\x91J\xe1\x9d?n\
\x942&U4\x02\xa2A`L\x940:\x9a^\xa8\
\xaaP\x8d \xfc\x1dLs\xc7\xe2U\xf1e\xb7\xaf\x16\
\xf6\xdf*\xe1r\xaa\xc2\x1f\x00\xee7\x0e\xe0^]\xfd\
32\x06#\x04\xee\xce\xf55\x5c\x00\xb0\x93j\x5c'\
B\x8bV\xc7\xbe\x08\xd3\xdc%\x04\xfe\x15\x8a\x82\x9f\x00\
\x94\x05\xd2\xa1?\xaa\x1c\x08\xbb|\xaa\xffx]mG\
\xb1\xf7\xbd\xb7\x0bn\xe7\x8cK\xaeD\xed\xd8\x09\x85\x0f\
\xc8\xe5F\x8e\x9b\x88Y\xf3\xe6\x17\xdc\xce\x9ew\xdeD\
W\xebQ\x09#R/`\x00#\xcb\x08\x0d\x15\x84h\
\x90TN\xbd\xd6\x08\xc2\xdf\x99\x22\xbe\xbdqU\xec\x0b\
W}GH\x0f;/R\x19\xfeY\x8e\x17\x01D\xd3\
r}\x09\x17\x00\xec\x04\x17o\x10\xc6\xe2\xd5\xe6=0\
\xcd\x0f\x08\xf4\x0d\x005*\xfaI\x9f!\x11\xc6V\x12\
FD\x9c\xbdw\xbf\x10\xef\xfe\xf1\x85\x82\xcf\xfeGM\
9\x15Sg\x9f+iD\xeew\xca\xdc\xf31f\xda\
\xf4\x82\xda\x10\xc2\xc2\xfb/\xbf(iD\xf6\xf0\xe9@\
M\x18\x18[\x09T\x86\x14\xcep\x11\x8d\x00\xd17\xcb\
\xaa\xcdw\x17\xad\x89\xdf\x02!\xbcUUKdG\xf8\
g9[\x04\x88\x9cW\x1fs\x01\xc0\x8e\xb1xM\xec\
\xf2\x11M\xe6k\x02\xe2\xfb\x00\x1aT\xf4\xe1\xd3\xb2_\
\x82\x84\x9a0\xa0{\xf8(\xec\xedh\xc7\xee\xad\xaf\x17\
\xd4F(Z\x81s\xae\xbd\x09J\x1fL\xe06D\x98\
{\xd5\xc2\x827\xf5\xf9\xf0\xcd-\xe8\xed\xf4\xde\xddp\
\xbaF\xa8\x0a\x11\xc6U\x12F\x94)-~'\x92\xc0\
S\x8dk\xcd\x97\x1b\xd7&\xe6)\xeb\xc5\xa5\xec\x0c\xff\
,\xa7\x8a\x00\x01\xcay\xb3(\x0f\x7f\xf52\x99\x1aW\
\xc7Ok\x5c\x15\xff\x95\x10\xf4\x1c\x80\xd3U\xf4\xe17\
\x80\xba2BCez\x1a\xd4+\xd7\xf7\x07\xb3}\xcb\
\xcb\xb0R\x85\xdd\xf7u\xd6e\xd7\xc0\x1f\x0cI\x1a\x91\
w\xf8Ca\x9cy\xf9\xd5\x05\xb5a\xa5\x92\xd8\xb1\xe5\
eI#\xb2\x1f\x11P\xe6O_\xfe\x1a\xa9\xb2\x10\x10\
\x98\x03\xcb\xda\xd8\xb8\xda|\xee\xe6\x95\xf1\x99C\xbf\xc0\
\xfb\x9c\x08\xff,\x07\x8a\x80v\xdd\xa2\x7f\xcb\xf5E\x5c\
\x00\x94\xb8\xc6'{\xc64\xae\x8e/\x07\xf0\x16\x08\x85\
}\x1b\x9f\x84OO_\xff\x1c\x13%\x84\xdds\xebv\
\xc1\x84\x10\xd8U\xe0\xd9\x7f\xfd\xa4\xa9h8\xe54I\
#\xf2\x9e\xb1\xa7\xce\xc4\xa8I9_\xba<\xc6\xae\xb7\
_\x87p\xe8\x99\xbe2E2\x85@]9\x14\xce\x08\
\x88\xcb-\x0d\xaf-Zm~\xb7q\x9d\xb0\xf5\xa1\x5c\
vr2\xfc\xb3l,\x02b\x9af-\xda\xf9\x87\xaf\
\xe7\xfc\xd8Q.\x00J\xd4U\xdf\x11\x81\xc6\xd5\xf1\xbf\
\x82\xae\xbf\x0f\xe0.(8\x16\xfc:0\x22\xb3\xf0I\
\xf1\x0ahG\x1c\xde\xbd\x13\xbd\x05ll\xa3\xe9:\xce\
\xbeb\x81\xc4\x11y\xd3\x99\x97_S\xd0]\x01=\x1d\
m8\xb2w\x97\xbc\x019,\xec\xa3\xbe\x19\x01E\xdb\
[\xfb\x08\xe2\xb30\xcd\xed\x8bV\xc7\xbe\xb8\xf4q\xe1\
S\xd2\x8bC\xdc\x10\xfeY6\x14\x01q!h\xd1\xce\
\x8d\xdf\xc8\xebY\x11\x5c\x00\x94\xa0E\xab{/+\xab\
6_\x03\xf0/\x00\x22\xb2\xdb74\xa06B\x18]\
\x91\xbe\x8f\xbfX\x15z\xed\x7f\xc2\xcc\xb3PVY-\
i4\xdeU^]\x83\xf13\xce(\xa8\x8d\xddo\x17\
\xf6o\xe1F\x11?\xd0\x90-\x04\xd4|SG\x09\xf4\
\x8d\xd62\xf3\xed\xc5kb\xea\x9f\xb5l\x037\x85\x7f\
\x96\xc2\x22 .\x04\xdd\xb4\xfb\xc5\xaf\xff*\xdf\x06\xb8\
\x00(!7?\x1d\x9b\xbcxu|\x1dA\xfb\x1d\x00\
\xe9\xf3\xcezfq_C\x05\xa1<P\xdc\xbbL%\
\x13&\xf6\xbd\xbf5\xef\xd7\x13i8\xf5\xdc\x8b$\x8e\
\xc8\xdb\xa6\x9f;\x0fD\xf9\x7f\x1d\xed}\x7f+\x92\x89\
\xe2|FN\xb6\x10\x18\xa1\xaa\x10\x10\x98&\x04=\xb7\
xu|\xdd\xadk\xbb\xea\x14\xf4`\x0bW\x85?\x11\
\xf4`\x10Fy9|\xd1(\x1e\x8a\xb6\xe3\xe1\xc0\x01\
\x99=\x14\x1c\xfe\x00\x17\x00%a\xe9\xe3\xc2\xb7xU\
\xfco\xac$\xbd-\x80F\xd9\xed\xeb\x04\xd4D\xd2\xab\
\xfa\xa3A*\x89\xc5\xecGv\xefD\xd2\xcc\xff\x09w\
\xe3\xa6\xcfDY\x15\x9f\xfdg\x95W\xd7\xa0\xe1\xd4\xfc\
\x1f\xf0\x93\x8c\xc7pd\xef\x87\x12G\xe42\xfd\x16\x0b\
\xd6\x84\xd5\xdc>(\x80\xc6\xa4\xe5{\xafqU\xecs\
\x8d\xeb\x84\xa7n\xcauS\xf8\x93a\xc0_Y\x09#\
\x12\x81\xee\xf7C\xf3\xf9\xa0\x87B\xf8T\xb5\x89\xff*\
k\x92\xd1\x85\x94\xf0\x07\xb8\x00(z\x8dk\xcc3[\
#\xe6K\x82\xf0O\x00\x82R\x1b\xcf\xdc\xc7\xdfPI\
\x88\x06\x94nn\xe2:\x87w\x17\x166\x93\xcf>G\
\xd2H\x8a\xc7\x94\x02\xdf\x93#\x05\xfe\x9bx\x01\xf5\xdb\
;\xa3B\xcd\x86B\x95 z\x0c\xa6\xf9J\xe3\xda\xc4\
y\xf2\x9b\x97\xcfm\xe1\xef+/\x07i\x03D+\x11\
.\x8b\xa6\xb0<ZP\x11 -\xfc\x01.\x00\x8a\xd6\
\x82\xc7E\xb8q\x8d\xf9M\x08\xf1\x0a\x80\xd9\xb2\xdb\x0f\
\xfa\xd2\xab\xfaU\x9d\x8d\xb8\xdd\xa1\xdd;\xf3~m\xa4\
\xb2\x0a\xb5\x1e\x7f\xc4\xaf\x0a#\x1a\xc6\xa3\xac\x80\x07 \
\x15\xf2o\xe25\x1a\x01\xd5a`L\xa5\xb2\x05\xb6g\
\xc2\xb2\xfe\xd0\xb8*\xf6x\xe3:\xa1\xfcI\x9f\xf9\xf2\
L\xf8\xf7sAY\xdeE\x80\xd4\xf0\x07\x8a\xfb2m\
\xc9Z\xbc&q\x91\x80\xf5\x03\x08\x14v\x7f\xd5\x00|\
:P\x1d\x02\xc2\xfe\xe2:tN\xc3\x0b\xb8P\xacA\
\x03\xde\x81\x1fy=Z{pd\x00\x81*@\x0b\x03\
\x9a\xa7fW\x8b\x8e\x89 \xf6Y\x93\xb1\xc9\x5c\x80w\
S\xd2kcG\xc4\x12\x02\xcd=@B\xcd\xa3\x88\x0f\
\x92\xc0\xa7\xd7-\x09\xfc\x5cI\xeby\xea\xbe\xe2\x8a\x1b\
\x84\x10\xeb\x008~\x17\xc3p\xc3\xbf\xbf\x8d\xdd>\xdc\
\xd3>j\xb8?.=\xfc\x01.\x00\x8a\xca\x0d\xcbE\
\xa5\xcf\x88\x7f\x1dD\xf7@\xf2\xbf\xadF\xe9\xadK\x15\
\xefc\xee\x88\xab\xf0\x18.\x16+\xd4u\xa0\x07\x80`\
=@\x1c\xfcn\xf3|\xe2F\xfc\xc6\xbc\xd5\xe9aH\
!\x90~\xfa`k\x8f@J\xc1\xb6\x08\x04\xac\xd75\
\xffg\x9e\xba\x8d\x9a\xe5\xb7\x9e\x1b\xaf\x87\x7f\xd6\x0f;\
\xcb\xf1\xf5\xce!g\xbdb\x04q\xfd\x87\x9b\xfe\xed\xb7\
y\x0dp\x10|\x09\xa0H,^\x1b[\xe0\xf3\x99o\
\x83h)$\x86?\x01(\x0f\x00\x0d\xea\xae9:\xea\
4\xbc\xa06\xfcA@\xb0\x8e\xc3\xdf\xa5.\xf5\xfd7\
\xa6\x1b\xaf:=\x0c)\xfa\x7fVU\x14\xea\xe9E\x82\
\x89\xb7\x17\xaf\x8a\xdf$\xb9\xe9\x9c\x14K\xf8\x03\xc0\xa7\
\xca;\xf1\x99\xb2A\xf7\x12Q\x16\xfe\x00\xcf\x00x^\
\xe3\x93=c\xa0\xeb\xff\x05\xe0Z\xd9m\x07\x8c\xf4\xfd\
\xfc^}H\xcfp\xdc+\x96b\x12\x14\x06\x80Q\x06\
\x04G\xaak\x9f\x15lGj&\xbe\x1f\xfb;\xa7\x87\
!\x9d\x99\x04\x9a{\x04\xe2I\xf9m\x93\xc0\xd3\xba\xee\
\xbf\xdf\xee\xd9\x00/^\xf3\x1f\x8eG;*\xf0\xbd\xae\
\x13\x96Z(\x0d\x7f\x80g\x00<\xadqu|!t\
\xfd\x0dH\x0e\x7fBz\x81\xd1\xe8hq\x87?\x004\
\xe0]\xb5\x1d\xe8\x8e\x7fO\xb1!4h;\x9c\x1e\x82\
\x12~#\xfd\x19\xae\x8d\xc8\x7f\xee\x86 \xdc\x92\xb4\x12\
[\x17\xad2\xef\x94\xdb\xf2\xc9\x15k\xf8\x03\xc0C\xd1\
\xf6\xe3g\x02\x94\x87?\x00\x18*\x1bgj4\xae\x13\
!a&\xfe\x15\x10\x0f\xc8n;h\x00\xb5\xeav\x1e\
s\x1d?z\x14\xf7\xc0\x93ln\x17 \x05\x8b>]\
\xa4<\x00\x84\x0cBs\x0f\xd0\x9b\x90\xb98@\x8c$\
\xc2\x93\x8d\xab\xe3\x0b|\xe4_\xba\xf6vj\x95\xd8\xf8\
1\x8a9\xfc\xb3\x1e\x8a\xa6\x0b\x80\xefuU\xd8\x12\xfe\
\x00\xcf\x00x\xceM+\xcd9H\x98\xaf\x93\xe4\xf0\xd7\
(=\xdd?*Z:\xe1\xcfX\xa90t\xa0\xbe<\
\xfdP.\x05\xb7\xed.J\x08\xf3\xf5E\xab\x12\x17J\
o\x19.\x0c\xffhTz\xf8g=\x14m\xc7\x8a\xda\
#\xcb\xed\x08\x7f\x80\x0b\x00\xef\x10\x82\x1aW\xc5\x1e\xd4\
4\xf1\x7f\xb2o\xefKo5\x9a>S`\x8c\x15\xaf\
\xecg\xbdL\xfeg}\x1c\x91\xf5\xfc\xa2U\xf1\x7f\x95\
\xf9p!W\x86\xbf\xe2\xadN\xcf\xf7\xf7.\x8d\xdfz\
k\xfe\xdbb\xe6\x80\x0b\x00\x0fh\x5c\xd9;\xaequ\
|\x03\x88\xbe\x05@\xda\xb6\x1f\xba\x06\xd4\x95\xa5\x1f6\
\xa2\x97\xe2n>\x8c\x95 ]#\x8c\x88\x10\xea\xcb\xd3\
\x0f\xee\x92\xc8 \xc2\xc3\xad\x11\xf3\xc5\x9b\xd6\xc4&\x15\
\xdaX)\x86\x7f\x86\xae\x0b\xf1i;:\xe2\x02\xc0\xe5\
\x1aW\xc7\x17A\xd3\xb6\x80h\x9e\xccv\xcb\x02\xe9\x07\
\x8c\x84\x8b\xf8i}\x8c\xb1\x93\x0b\xf9\xd2\x8f\xeaV0\
\x1bp\x8e&h\xcb\xa25\xf1\xdb\xf3m\xa0\x84\xc3\x1f\
\x00 \x803\xed\xe8\x87O\xfb$y\xe9C1\x01\xba\
\xf55\x02\xae\x020\x0a6\xbe\xb7\x1a\x01\x95A \xe2\
'\xe8\x1a\xff\xa3\xe6b\xe4\xa6\xc2\x1eC{\x22\x81d\
w\x07\x92=\x1dH\x99\xbd\x10\xa9\xf4=X\xe4\x0bA\
\x0fV\xc2\x88\xd6\xc3\x88\x8e\x02\x0ax\xf2]Q\x13\x16\
\x92\x1d\x07\x90\xec8\x88T\xac\x0d\x22\x91^\xa0\xa7\xfa\
\xfd;|\xf6\xcf\xa4\xb6\xc7\xf2\xa7\xbf\xba\x19\x81G\xfe\
\x11\xe4\x82\xa7;:\x11\xfe\x19\x1b}O?}\x89\xea\
N\xf8.\x00\x09^\xda+\xce!a\xfd\x1a@\xfe\x1b\
\x99\xe7\xc9\xd0\x80Qe\x04\xa3\xc8o\xd7\xf3\x82dw\
;\xe2\xad\x07a%O|J\xa0\x88w\xc1\x8aw!\
\xd1\xbe\x0f\x9a?\x82@\xfd\x8ct\x90\xb1>\xc9\xf6\xfd\
\x88\x1fz\x07\x96\xd9}\xc2\x9f\xf1\xfbW\x1a8\xfc\xfb\
\xfc\xd1\x8eN\xf84\xa4@\xaf\xec\x17a\x12\xd6O\xe0\
@\xf8\x03\xe9U\xbd\x1c\xfeN\x13\x88\xb7\x1e@\xef\x91\
=\x03\x86\xff\xf1,\xb3\x1b\xbd{^F\xfc\xe0V@\
(\xd8\xb3\xd5s\x04\xe2\x07\xb7\xa2w\xef\x9f\x07\x0c\xff\
\xe3\xf1\xfbW\x9c8\xfc\xfbt\x18\xc0\x7f\xd8\xd1\x11\x17\
\x00\x05J%R\x8b\x0048\xd1w\xd0\x00\x02\x1c\xfe\
\x8e\x8b\xb7\x1e\x84\xd9\x9e\xfb\x86hf\xf3v\xc4\x0f)\
\xde\x88\xc8\x03\xe2\x07\xdf\x81\xd9\xbc=\xe7\xd7\xf1\xfbW\
<8\xfc\xfb$\x08\xb8\x8d\x9e~z\xbf\x1d\x9dq\x01\
P0\x9a\xe3T\xcf~\x83\xaf\xf6;-\xd9\xdd\x9eW\
\xf8g\x99\xcd\xdb\x90\xec8 qD\xde\x92l\xdf\x9f\
W\xf8g\x95\xfa\xfbW\x0c\x5c\x17\xfe\xe5\xe5\xce\x85?\
\xd1b\xe3\xe9\xa7\xa5>\xf1o0\x5c\x00\x14H\x10\x22\
N\xf5\xcd\xffxN\x13\x88\xb7\x1d,\xb8\x95\xf8\xc1\xb7\
\x01aI\x18\x8f\xc7\x08\x0b\xf1C\xef\x14\xdcL\xc9\xbe\
\x7fE\xc0\x95\xe1\xafh\x93\x9f!\xa4\xc3\xff\xa9\xa7l\
}\xe42g\x08cyJvw\xc0J\x0c}\xcd\x7f\
(\x96\xd9\x83dg\xe1\x85\x84\xd7$;\x0e\x0c\xeb\x9a\
\xffPJ\xf5\xfd\xf3:\x0e\xff>\x8e\x84?\xc0\x05\x00\
cyK\xf4tHk\xab\x14\xa7\xb1\x13\x9d\xf2\xfe\xce\
\xa5\xf8\xfey\x19\x87\x7f\x1f\xc7\xc2\x1f\xe0\x02\x80\xb1\xbc\
Yqy\x0f\x91I\xf5\xb6Ik\xcb+\xac\x1ey\x7f\
\xe7R|\xff\xbc\x8a\xc3\xbf\x8f\xa3\xe1\x0fp\x01\xc0X\
\xde\x84%\xef\x0bL$b\xd2\xda\xf2\x0a\x91\x8c\xcbk\
\xab\x04\xdf?/\xe2\xf0\xef\xe3x\xf8\x03\x5c\x000\xe6\
\x0e|CGa\xf8\xfds=\x0e\xff>\xae\x08\x7f\x80\
\x0b\x00\xc6\xf2F\xba\xb4\x87\x9e\x81\x8c\xa0\xb4\xb6\xbc\x82\
|\xf2\xfe\xce\xa5\xf8\xfey\x09\x87\x7f\x1f\xd7\x84?\xc0\
\x05\x00cy\xd3\xfd!ym\x85*\xa5\xb5\xe5\x15z\
P\xde\xdf\xb9\x14\xdf?\xaf\xe0\xf0\xef\xe3\xaa\xf0\x07\xb8\
\x00`,oF8*\xaf\xad\xf2\xd2\xdb\xd7\xde\x88\xd6\
\xcbk\xab\x04\xdf?/\xe0\xf0\xef\xe3\xba\xf0\x07\xb8\x00\
`,oF8\x0a\xcdW\xf8\xf3\x945\x7fDj\x18\
z\x85\x11\x1d\x05\xcd_\xf8>Z\xa5\xfa\xfe\xb9\x1d\x87\
\x7f\x1fW\x86?\xc0\x05\x00c\xf9#B\xa0\xaa\xf03\
\xcf@\xfd\xcc\xd2|<0i\x08\xd4\xcf(\xb8\x99\x92\
}\xff\x5c\x8c\xc3\xbf\x8fk\xc3\x1f\xe0\x02\x80\xb1\x82\x18\
\xe1(\xfc\xd1\xda\xbc_\xef\xaf\x9dZ\xd2g\xafFt\
\x14\xfc\xb5S\xf2~}\xa9\xbf\x7fn\xc4\xe1\xdf\xc7\xd5\
\xe1\x0f\x00\x86\xd3\x03\x18\xaeI\x17\xfc\xf5\xb4\x14\xa5\xbe\
F\x84+\x00\xd49=\x9e\xac\x0d/\xbc\x82K\xe69\
\xf6< \xe6\x02\x81\xeaQ\x00\x11\xcc\xf6#9\xbd\xce\
_;\x15\x81\xba\xe9\x8aF\xe5\x1d\x81\xba\xd3\x00\x02\xcc\
#\xb9=\x14\x88\xdf?\xf7\xe1\xf0\xef\xe3\xfa\xf0\x07<\
R\x00\x8c\xbf\xe8\xaf.M!\xf5\x0b\x02\xca\x9c\x1e\x0b\
c\x03\x09T\xd5C\x0f\x84\x11o=0\xe4\xf3\x014\
\x7f\x04\x81\xfa\x99|\xe6\x9aE\x84@\xdd\x0c\xe8\xa1j\
\xc4\x0fn\x1d\xf2\xf9\x00\xfc\xfe\xb9\x13\x87\x7f\x1fO\x84\
?\xe0\x81\x02`\xdc\x05\x7fUE\xb0\xd6\x81\xc3\x9f\xb9\
\x9c\x11\x8e\xc2\x08\x95#\xd9\xdb\x81dO\x07R\xf1^\
\x88T\x12\x00\x81|A\xe8\xa1J\x18\xe5\xa3\xd2\xc1\xc5\
\xd7\xacO`DG\xc1(\xafC\xb2\xf3 \x92\x1d\x07\
\x90\xeam\xeb\xdb\xe1\x8f\xdf?w\xe3\xf0\xef\xe3\x99\xf0\
\x07<P\x00h\xba\xb5\x04\x025N\x8f\x83\xb1a!\
\x82\x11\xae\x80\x11\xaeH\xff:P\x0b\xf8\xe4\xdd.X\
\xf4H\x83\x11\x1d\x0d#:\xda\xe9\x91\xb0a\xe2\xf0\xef\
\xe3\xa9\xf0\x07<\xb0\x08PX\xe0\x0b\xec\x8c1\xe6B\
\x1c\xfe}<\x17\xfe\x80\x07\x0a\x00\x22\x14~\xa30c\
\x8c1\xa98\xfc\xfbx2\xfc\x01\x0f\x14\x00\x8c1\xc6\
\xdc\x85\xc3\xbf\x8fg\xc3\x1f\xe0\x02\x801\xc6X\x0e8\
\xfc\xfbx:\xfc\x01.\x00X\x89\x13ZXq\x0f\x96\
\xe2\xf6Y\xa1\xd4\x1f\x03\xc5\x83\xc3\xbf\x8f\xe7\xc3\x1f\xe0\
\x02\x80\x95\xb8D\xb4\xf0\xadh\x07e\xc5\xd5\xb6\xcf\x0a\
\x96\x88\xe4\xbf\x13a)\xe1\xf0\xefS\x14\xe1\x0fp\x01\
\xc0J\x5co\xc3\x12\xb5\x1d$z\x00+\xa9\xb6\x0fV\
\x90\x9e\xba\x05N\x0f\xc1\xf58\xfc\xfb\x14M\xf8\x03\x5c\
\x00\xb0\x12\x17\xaf\x9e\x87\xee\xb1\x9fR\xd8\x83\x00b\x07\
\x01\xc1\x97\x02\xdc\xa8\xbb~1\xcc(\xdfi<\x18\x0e\
\xff>E\x15\xfe\x80\x076\x02bL\xb5\xee\x89\xf7#\
Y1\x0b\xa1}\xab\xe1\xebx\x1bd\xf5\xc8\xed\xc02\
\x81\x9e}\x80\xbf\x120\xc2\x00\xf1\xc7\xceIB\x0b\x22\
\x11\x99\x86\x9e\xba\x05\x1c\xfeC\xe0\xf0\xefSt\xe1\x0f\
p\x01\xc0\x18\x80\xf4L@\xbcz\xde\x90?\xf7\x835\
\xcf\xe1\x87k\x7fo\xc3\x88X\xbe>u\xdbe\xb8\xe7\
\xf6\xf9N\x0f\xc3\xf38\xfc\xfb\x14e\xf8\x03|\x09\x80\
1\xc6\xd8q8\xfc\xfb\x14m\xf8\x03\x5c\x000\xc6\x18\
\xeb\x87\xc3\xbfOQ\x87?\xc0\x05\x00c\x8c\xb1\x0c\x0e\
\xff>E\x1f\xfe\x00\x17\x00\x8c1\xc6\xc0\xe1\xdfOI\
\x84?\xc0\x05\x00c\x8c\x95<\x0e\xff>%\x13\xfe\x00\
\x17\x00\x8c\xe5$\x1c\x0a8=\x046\x84\xb2p\xd0\xe9\
!x\x0a\x87\x7f\x9f\x92\x0a\x7f\x80\x0b\x00\xc6r2\xaa\
\xae\xca\xe9!\xb0!\x8c\xaa\xe7\x7f\xa3\xe1\xe2\xf0\xefS\
r\xe1\x0fp\x01\xc0XN\xe6\x9e9\x05\x86\xa1;=\
\x0cv\x12\x86O\xc7\x9c3xo\xff\xe1\xe0\xf0OK\
\x01V)\x86?\xc0\x05\x00c9)\x8f\x84\xb0`>\
\xef\x1e\xe7V7\x5c\xf11\xbe\x040\x0c\x1c\xfeiI\
\x01\xdc\xdf:B\x9b\xbaol\x83\xed\x9d\xbb\x00\x17\x00\
\x8c\xe5\xe8\xbe%W\xa0~$O3\xbb\xcd\xa8\x91U\
Xz\xc7\xe5N\x0f\xc3\xf58\xfc\xd3\x92\x02x\xa0m\
\x04\x9e\xeb\x0dA\x10\xbe5q\xde\xc3%\xf7T(.\
\x00\x18\xcbQeE\x04\x8f.\xbb\x8b\x8b\x00\x17\x195\
\xb2\x0a\x8f\xfe\xfd]\xa8\x88F\x9c\x1e\x8a\xabq\xf8\xa7\
\xf5\x0f\xff\x0c]\x08\xb1f\xe2\x85_\x9ae\xfb`\x1c\
\xc4\x05\x00cy\x984\xbe\x0e+\xbf\xfd9\xdcx\xf5\
\xb90|\xbc&\xc0)\x86O\xc7MW\x9f\x8b'\xbf\
\xfd9L\x1cW\xe7\xf4p\x5c\x8d\xc3?m\x80\xf0\xcf\
*\x17\xd0\x9e\x99x\xd9\xdf\x94\xcc\x81\xc4\x0f\x03b,\
O\x15\xd1\x08\x1e\xfe\xec\x0d\xf8\xec\xddW\xe2\xcf\xafo\
\xc7\xc1C\xad8\xda\xd6\xed\xf4\xb0JBue\x04\xf5\
uU\x98{\xe6\x14\xbe\xe6?\x0c\x1c\xfei\x83\x84\x7f\
\x1aa\xbcH\xa4~1\xe1\xe2e\x17\xef\xda\xb8,f\
\xef\xe8\xec\xc7\x05\x00c\x05*\x0b\x07q\xc9\xc7g:\
=\x0c\xc6\x06\xc4\xe1\x9f6d\xf8\xf7\x11\xe7\x88T\xcf\
\xf7\x01\xdci\xc7\xb8\x9c\xc4\x97\x00\x18c\xacHq\xf8\
\xa7\x0d?\xfc\xd3\x88\xb0d\xfc\xbc\xaf|F\xf1\xb0\x1c\
\xc7\x05\x00c\x8c\x15!\x0e\xff\xb4\x5c\xc3?\x8b\x04\xbe\
5\xf1\xa2\x87/R4,W\xe0\x02\x801\xc6\x8a\x0c\
\x87\x7fZ\xbe\xe1\x9f\xe1\x13\x10\xeb\x1a.}h\x8c\xec\
q\xb9\x05\x17\x00\x8c1VD8\xfc\xd3\x0a\x0c\xff\xac\
:#\xe9\xfb\xc9\x94\xab\xee/\xca\x87\x80p\x01\xc0\x18\
cE\x82\xc3?MR\xf8g\x9d\x9b\xec\x0e}KF\
Cn\xc3\x05\x00c\x8c\x15\x01\x0e\xff\xb4\x14Hf\xf8\
g\xdd7q\xdeW\x96\xc8l\xd0\x0d\xb8\x00`\x8c1\
\x8f\xe3\xf0\xcf\xd0u\xfcp\xd4\x1c\xd9\xe1\x0f\x00\x10\x02\
\xff9\xfe\xa2\xafL\x97\xde\xb0\x83\xb8\x00`\x8c1\x0f\
\xe3\xf0\xcf\xd0ut\xdd\xf7 ^\x8f\xd4\xab\xea!\x02\
`]\xc3y\x0f\xc9\xaf.\x1c\xc2\x05\x00c\x8cy\x14\
\x87\x7fF&\xfc\xcd3\xd5>\xa9\x93\x80\x99\x86\xcfx\
Ti'6\xe2\x02\x801\xc6<\x88\xc3?\xc3\xa6\xf0\
\xff\x08\xdd;\xfe\xa2\xaf\xdcnSgJq\x01\xc0\x18\
c\x1e\xc3\xe1\x9fa{\xf8\xf7\xf9\xaf\x89\xe7\x7f\xe5\x14\
\xbb;\x95\x8d\x0b\x00\xc6\x18\xf3\x10\x0e\xff\x0c\xe7\xc2\x1f\
\x04\x94\x09\x1dkg\xccX\xe6\xb7\xbds\x89\xb8\x00`\
\x8c1\x8f\xe0\xf0\xcfp0\xfc\xfb9\xbb\xbb\xb6g\x99\
\x93\x03(\x14\x17\x00\x8c1\xe6\x01\x1c\xfe\x19\xee\x08\xff\
4\x81\x87'\x5c\xf8\xe5yN\x0f#_\x5c\x000\xc6\
\x98\xcbq\xf8g\xb8)\xfc\xd34\x10-\x9fr\xce\xfd\
Q\xa7\x07\x92\x0f.\x00\x18c\xcc\xc58\xfc3\xdc\x17\
\xfeY\x13\x93~on\x15\xcc\x05\x00c\x8c\xb9\x14\x87\
\x7f\x86{\xc3?\x8dp\xf7\xc4y_ntz\x18\xb9\
\xe2\x02\x801\xc6\x5c\x88\xc3?\xc3\xed\xe1\x9fa\x09\xfa\
\xde\xf8\x0b\xfff\x94\xd3\xe3\xc8\x05\x17\x00\x8c1\xe62\
\x1c\xfe\x19\x1e\x09\x7f\x00 \xa0\x96(\xf9_N\x8f#\
\x17\x86\xd3\x03(6\x1d\xc9}h5?DW\xf20\
\x12\xa2\x07B\xa4N\xfa\xb3I\xd1\x03\xd3\xea@B\xf4\
B\x88$\x04\xc4I\x7f6\xa0\x95#\xa2\xd7\xc2\xaf\x95\
A\xd7| h\x08\xc6\x08\xc1.\x15\x7f\x8b\xfc\xf9\xf5\
 \x02Z\x18\x95\xfez\xd4\x05'C\xd7|N\x0f\x89\
1O\xe1\xf0\xcf\xf0P\xf8\xf7s\xdd\x84\x0b\x1f\xbee\
\xd7\x8b_\x7f\xda\xe9\x81\x0c\x07\x17\x00\x12t$\xf7a\
G\xf7s\xd8\xdb\xf3't&\xf7KkW#\x03!\
=\x8c\x80\x1eD\xd2jA\xb7\xb5KZ\xdbv0(\
\x80q\x91\x19\x98T>\x1b\x93\xca\xe7\x80@N\x0f\x89\
1W\xe3\xf0\xcf\xf0f\xf8\x03\x00\x04\x89\xc7&\x7f\xfc\
K\xcf\xef\xf8\xe37\x0e;=\x96\xa1p\x01P\x00\x7f\
$\x89\xf6\x9a\xff\xc5/\x0f\xbe2\xe8\x99~\xae\x08\x1a\
\xc2F\x19BF\xc4\xd3\xa1\x99\x14q\xec\xecz\x0d;\
\xbb^Ce\xcb/1\xa7f\x01&\x97{\xef\x03\xcd\
\x98\x1d8\xfc3<\x1c\xfe@\xfaR@\xca\xa0G\x01\
\xb8\xfey\x01\xae_\x03\xe0\x8fT\x8ctz\x0c\x03\xa9\
;\xa5\x13\x97}\xe9\x03tWl\x96\x1a\xfe>\xcd\x8f\
\xea\xc0H\x84\x8d2O\x87\xff\xf1\xda\xcc\x03\xf8\xdd\x81\
\xefc\xc3\xc1\xe5HY\xce\x7f\xc11\xe6&\x1c\xfe\x19\
\x1e\x0f\xff\x8f\xd0m\x13.\xfc\xca\x0dN\x8fb(\xae\
.\x00\x96\xac\x14\x91pM\xddYN\x8f\xe3x\x93/\
l\xc6\xdc\xbf\xd8\x0d#hIm7\xa8\x87Q\xe9\xaf\
\x85F\xae\xfeg)\xc8\x07\x1d/\xe1\x99}\xdfDo\
\xb2\xc3\xe9\xa10\xe6\x0a\x1c\xfe\x19E\x13\xfei\x9a\xcf\
X>\xee\x82\xbf\xaarz\x1c\x83qu\xd2\xc4\xb5\xc4\
\xdf\x93nD\x9c\x1eG\x7f\xe3\xe6\xb4\xe2\xb4\xab\x0f\x82\
$\x9f\x9c\x07\xf4\x10\xca|\x95r\x1bu\xa9\xc3\xb1\x9d\
\xf8\x9f\xae\xd3\x05\x87\x00\x00 \x00IDAT\xa6o\
#)\xe2N\x0f\x851Gq\xf8g\x14Y\xf8\x03\x80\
\x95LVV\x8c\x1d\xff\x9c\xd3\xe3\x18\x8ck\x0b\x80\x9b\
W\x9bs\x05\xc4\xe7\x9d\x1eG\x7f\xd5\x13zp\xfa\xf5\
\xf2\x16\xf9e\x19\xe4C\xb9QYD\x13\xfeCk\x8e\
\xef\xc5\xf3\x07\x96\x03\x83\xdc\xf9\xc0X1\xe3\xf0\xcf(\
\xc2\xf0\xcfJvw\xcdn\x5c\x9bp\xed\xb3\x02\x5cY\
\x00\x5c\xbcA\x18\x96\x10\x8f\x03\xd0\x9d\x1eK\x96\xe1\xb3\
0\xe7\xb6=\xd0\x0c\xb9\x81E D}U \xd9S\
\x0a\x1e\xf0a\xd7kx\xbf\xe3%\xa7\x87\xc1\x98\xed8\
\xfc3\x8a8\xfc\xfbX\xd6w\x97>.\x5cy?\xb4\
+\x0b\x80\x91\xfb\xcc\xaf\x80\xe0\xaak\xff\x93.lA\
\xa0<)\xbd\xdd\xa0\x1e\x86\xae\x95\xee\xcd\x18\x7fn\xfe\
9\x92\x96\xe9\xf40\x18\xb3\x0d\x87\x7fF)\x84\x7f\xda\
\xcc\xd6p\xfc3N\x0fb \xae+\x00n~:6\
Y\x10\xfe\xd6\xe9q\xf4\xe7\x0f\xa70\xf9\xa2#\xd2\xdb\
%\x10\xc2\xber\xe9\xedzIw\xb2\x0d\xef\xb4\xbf\xe0\
\xf40\x18\xb3\x05\x87\x7fF\xe9\x84\x7f\x1a\xd1?\xdc\xb8\
\xaa\xdbu\xdb\x04\xbb\xae\x00\xb0\x12\xf4(\x80\xa0\xd3\xe3\
\xe8\xafnz'\x8c\x80\xdc\x15\xff\x00\xe0\xd3\x03\xd0\xdc\
\xf7O`\xbb\xed\x9d\x9b\x9d\x1e\x02c\xcaq\xf8g\x94\
Z\xf8\xa7Eu2\xbe\xe1\xf4 \x8e\xe7\xaa\xf4Y\xb4\
:v\x05\x08\x0b\x9c\x1e\xc7\xf1\xea\xa7\xab\xb9e-@\
\xae\xaas\x1cs$\xb6\x07\x9d\xc9\x16\xa7\x87\xc1\x982\
\x1c\xfe\x19\xa5\x19\xfeY\xb75\xae\xec\xbd\xd4\xe9A\xf4\
\xe7\x9a\x02\xa0q\x9d\xf0\x13\xe8;N\x8f\xe3xD@\
\xedT5\x1b\xee\xfbu.\x00\xb2\xf6uouz\x08\
\x8c)\xc1\xe1\x9fQ\xda\xe1\x9f\xa6i\x8f\xb9iA\xa0\
k\x0a\x00\x98\xe6\x17\x00\x9c\xe2\xf40\x8e\x17\xaa\x8e\xc3\
\xf0\xcb\x9f\xfe\xd7H+\xea\x0d\x7fr\xd5j\x1epz\
\x08\x8cI\xc7\xe1\x9f\xc1\xe1\x9fu\xda\xd1H\xfc\x01\xa7\
\x07\x91\xe5\x8a\x04j|\xb2g\x0c\x80\xaf:=\x8e\x81\
\x04\xcb\xe4\xaf\xfc\x07\xd2\xfb\xfd\xb3\x8f\xf4$\xdb\x9d\x1e\
\x02cRq\xf8gp\xf8\x1f\x83@_\xbbu\xad\xa8\
uz\x1c\x80K\x0a\x00\xa1\xeb\xff\x04\xa0\xcc\xe9q\x0c\
D\xf7\xab\xd9\xa8\xa6\x14\xef\xfb\x1fL\xc2\x8a9=\x04\
\xc6\xa4\xe1\xf0\xcf\xe0\xf0\x1fHe\xcaJ\xfc\x7fN\x0f\
\x02pA\x01p\xf3*\xf3\x0c\x02\x968=\x8e\x93Q\
\x97\xd3\x5c\x00\xf4\xc7\xfb\x01\xb2b\xc1\xe1\x9f\xc1\xe1\x7f\
R\x02\xe2\xd3\x8d\xab\xe3\xa79=\x0e\xc7\x0b\x00\x8b\xf0\
\x0d7\x8c\x831\xc6\x0a\xc5\xe1\x9f\xc1\xe1?\x14\x03\xc0\
\xbf8=\x08G\x83w\xd1\xea\xd8\xb5\x80\xb8\xdc\xc91\
\xb0\xfch\xa4aTx\x02\xa6U\x9c\x81\x09\xe5\xa7\xa2\
\xbcD\x1ed\xc4\xd8\xc9p\xf8gp\xf8\x0f\xd7u\x8b\
\xd7\xc4\x1c\xcd?\xc7\xf6\xa0\xbdx\x830\xa8\xc9|\xc4\
\xa9\xfeY~\xc2F\x19\xce\xaf\xbf\x1ag\xd6\x9c\x8f\xa0\
\x1e\xee\xf7'\x02M\xdd\xbb\xf0\xe2\xc1_b[\xfb\x9b\
\x8e\x8d\x8f1'p\xf8gp\xf8\xe7DX\xf4\xc8\xb2\
eb\xce\xb2e$\xffV\xb3apl\x06`\xc4\xfe\
\xc4_\x02\x98\xeeT\xff,w\xa3\xc2\xe3\xb1t\xfa\xdf\
\xe1\xdc\x91\xf3\x8f\x0b\x7f\x00 \x8c\x89L\xc4-\x93\xef\
\xc7\xd5co\xe7[\x1cY\xc9\xe0\xf0\xcf\xe0\xf0\xcf\x1d\
\xe1\xacw\xa6$\x1c[\x03\xe7\xc8\xb7\xf4]\xcbE\x10\
B|\xcd\x89\xbeY~\x1a\x22\x93\xb1d\xea\x17\x875\
\xd5?{\xc4\xc5\xb8\xa2\xe1f\x1bF\xc5\x98\xb38\xfc\
38\xfc\xf3& \xfe\xe1\xaa\xef\x88\x80\x13};r\
\x09\xa0\xc7\x1f\xff\x1c\x04\x8du\xa2o\x96\xbb\x86\xc8d\
\xdc6\xe5A\x04\xf4\xd0\xb0_3w\xc4\xa5x\xbf\xed\
u|\xd8\xf9\xae\xc2\x91\x15N\x08 \x9e\xe2\xbb\x10X\
\xee\xfc\xafmF\xf8\x9b\x1c\xfe\x1c\xfe\x05\x1bWV\x15\
\xbf\x07\xc0w\xed\xee\xd8\xf6\x02\xe0\xba'D\xb9\x10\x89\
/\xf3W\xae7\xe4\x13\xfeY\xe7\xd7_\xe5\xca\x02 \
%\x80}\xed\x02\x87\xba\x80\xae8\x1f\x87,wu\xef\
\xbe\x8c9+\xff\x7fP\xb2\xb4\xc3_h:\xda\x97>\
\x08\x8b\xc3\xbf0D\x7f\xb3\xe0q\xf1\xa3g\xef\xa5\x1e\
;\xbb\xb5\xfd\x88\x09\x06\xcc\xaf\x00b\xa4\xdd\xfd\xb2\xdc\
\x15\x12\xfe\x000\xbe\xec\x94\xbc_\xabJG\x5c`\xf3\
\x1e\x0b;Z\x04\x87?\xcbK6\xfc\xb5\x12\x0f\x7fK\
\xd3\xf1\xa7\x85\x0f\xe0\x85\xaa\xb3\xd1\xdc\xc3\x9f\xa5\x02\x8d\
\x0a\x95\xc5?cw\xa7\xb6\x1e5\xb7\xae\x15\xb5\x02x\
\xd0\xce>Y~\x0a\x0d\x7f }\xab`U`\x84\xc4\
Q\x15\xa63.\xb0\xa5I \xa6fwgV\x028\
\xfc\xd3,M\xc7\xe6\x85\x0f\xa0i\xeal$,\xe0\xad\
\x83\x82\x8b\x80\x02\x09\x81\x87\xaf{B\x94\xdb\xd9\xa7\xad\
GN\x22e~\x09\x80\xad\x7fA\x96;\x19\xe1\x9fe\
\x90;\x1e|%\x04\xf0\xf6A\x81\x14\x7fG\xb1<q\
\xf8\xa7\xf5\x0f\xff,!\x80w\x0f\x09$R\xb6\x0f\xa7\
\x88P\xad?h\xdaz\x82l\xdb\xd1\xb3\xf0IQC\
\x04\xdb\xa78Xnd\x86?\x00t$Z\xa5\xb4S\
\xa8\x03\x9d\x02\xbd|\xe6\xcf\xf2\xc4\xe1\x9f6P\xf8g\
%,`O\x1bW\xd8\x85 \x81/5\xae\x13\xd5v\
\xf5g\xdb\x11\xa4\x1b\xe6\x17\xc0g\xff\xae&;\xfc[\
b\x07\xd1a\x1e\x95\xd2V\xa1\x0eu9=\x02\xe6U\
\x1c\xfei\x83\x85\x7f\xd6\xe1..\x00\x0aTA\xa6\xf9\
\x90]\x9d\xd9r\x145\xae\x13\xd5$p\xbf\x1d}\xb1\
\xfc\xc8\x0e\x7f\x00x\xa5y\xa3\xb4\xb6\x0a\xd5e\xf2\x17\
\x13\xcb\x1d\x87\x7f\xdap\xc2\x1f\x00z\x93\xe0\xcbl\x05\
\x12\xc0\x037,\x17\xb6\xec\xadn\xcf\x91d\xf2\xd9\xbf\
\x9b\xa9\x08\xff\x83\xbd{\xf1\xea\x91\x17\xa4\xb5W\xa8\xa4\
#\x1bm2/\xe3\xf0O\x1bn\xf8g\xf1:\x80\x82\
E}>\xf3>;:R~4\xdd\xbeZD\x01|\
Vu?,?*\xc2\xbf3\xd1\x86\xf5;\xfe\x03)\
\xe1\x9e\x8b\xee\x01\xdd\xe9\x110/\xe1\xf0O\xcb5\xfc\
\x01\xfe\xac\xc9A\x0f5\xae\x13\xca\xef\xa1V~D\x99\
0?\x03\x80\x1f\x15\xe7B*\xc2\xbf+\xd1\x8e\xd5\xdb\
\xfe\x1dmf\x8b\xb46e\xa8\x08\x92\xd3C`\x1e\xc1\
\xe1\x9f\x96O\xf8G\x03\x04\xe2\x8f\x9a\x04b\xa40\x13\
w\xab\xeeE\xe9Q\x95\xd9\xdf\xf8\x01\x95}\xb0\xfc\xa8\
\x0a\xffU\xdb\xbe\x89\xe6\xd8\x01im\xcaR\xc7\x17\xa0\
\xd80p\xf8\xa7\xe5\x13\xfe\x00P\xcf\x9f3i\x08\xe2\
\xe1\xa5\x8f\x0b\xa5\xf7Q+=\xb2\x22U\x89\xbb\x00\x8c\
R\xd9\x07\xcb]\xa9\x85?\x00\xd4\x86\x09U!>5\
a'\xc7\xe1\x9f\x96o\xf8\x87\xfd\xc0\x98(\x7f\xc6$\
\x1a\xd7\x161\x95>UM\xd9\xd1\xd5\xb8N\xe8D\xe2\
\x8b\xaa\xdag\xf9)\xc5\xf0\xcf\x9aYG\x08\xbbc_\
\x22\xe62\x1c\xfei\xf9\x86\xbfO\x07f\xd5k<\xfd\
/\x99\x00\xfef\xd92\xa1\xec@Pw\x84\x99\xe6B\
\x00S\x95\xb5\xcfrV\xca\xe1\x0f\xa4\xbf\xa4f\x8f\xd1\
P\x1b\xe1o)\xf6\x11\x0e\xff\xb4|\xc3\xbf\x22H\x98\
\xdb\xa0qq\xad\xc6\xf4\xad\x93\xe3\xd7\xaaj\x5c\xe5\xd3\
\x00\xbf\xa0\xb0mO\xa8\x0e\x8c\xc4\x9c\x11\x97`rt\
\x06\xca\x8c\x0a\xc4\xad\x18\x0e\xf4\xec\xc6\xeb-\x7f\xc0\x87\
\x9d\xef\xd9:\x16U\xab\xfdW~\xf0o8\x1a?,\
\xadM\xd5\xd2g*\x84\xf6Xzs\xa0\xce8`&\
\xf9\xc6\xe5RU\xfb\xce\xcb\x98\xc5\xe1\x0fK\xd3\xb1\xe5\
\xa6\x07p\xf4\x94\xd9\x18\xce7\x84a\x10\xca}\xc0\x88\
2\xa0&\xcc\x05\xb5R\xa4=\x04\xe0\x19\x15M+)\
\x00\x1a\xd7\x98\xb3!\xc4y*\xda\xf6\x02\x8d4\x5c3\
\xeeN\x5c:z!t:\xf6-\x9e\x12\x9d\x89\x0b\xeb\
\xaf\xc1\x8e\x8e\xad\xf8\xe5\x9e\x95\xb6\xec\x94\xc7\xe1\x7f\xa2\
\x8a \xa1\x22\x98\xfd\x15\x7f\x81\x95\x22\xfd\xd5\xcd\x08\xac\
\xe0G\xfaB\xd7\xd1s\xdf\x83\x98x\xe6\x1cL\xb4\xbf\
w6$q\xf1\xcd\xab\xcc3~\xbc\xc4\xff\x86\xec\x96\
\xd5\x1cmB\x94\xec\xd9\xbfF\x1a>u\xca\xd70\x7f\
L\xe3\x09\xe1\xdf\xdf\xe4\xe8\x0c|\xea\x94\xaf\xa2>4\
V\xe9x8\xfc\x19;\x91\xfe\xeaf\x04\x1e\xf9GP\
\x82\xc3\xbf\xeb\xbe\x07a\x9e9\xc7\xfe\xbe\xd9\xb0Y\xb0\
\x94\xec\xa4+\xfd\x88\xbb\xe5\xa9\xee\xd1\x00\x16\xc9n\xd7\
+\xae\x19w'fV\x9f3\xac\x9f\x8d\xf8\xa2\xb8c\
\xea\x17\x94\x15\x01\x1c\xfe\x8c\x9d\x88\xc3?\x83\xc3\xdfC\
\xe8\x8e\x85+;G\xcanU\xfaQ\x97\xb4\x8c\xcf\x02\
\xf0\xcbn\xd7\x0b\xaa\x03#q\xc9\xa8\x1brzM\xc8\
(SR\x04p\xf83v\x22\x0e\xff\x0c\x0e\x7fo!\
\x04t\xcd\xffI\xd9\xcdJ=\xf2\xae\xfa\x8e\x08\x90%\
\xee\x91\xd9\xa6\x97\xcc\x19q\x09\x0c-\xf7\xa5\xb0!\xa3\
\x0cK\xa6}\x09\xa3\xc2\x13\xa4\x8cC\xe5\x0e\x7f\x1c\xfe\
\xcc\xab8\xfc38\xfc=\x89\x80O_\xbcAH]\
\xb7'\xf5\xe8+\xaf6\x1bA4Bf\x9b^Z\x9e\
5\xa9|z\xde\xaf\x0d\xeaa\xdc>\xe5\xc1\x82g\x02\
T\x9d\xf9?\xf9\xc1#\x9e\xb8\xd5\x8f\xb1\x81p\xf8g\
p\xf8{\xd9\xd8\xda\xfd\xe6B\x99\x0dJ=\x02\x05\x84\
\xf4'\x18\xe9\x0e|F\xf2U\xee\xab*\xe8\xf5\x85^\
\x0e\xe0i\x7f\xc6N\xc4\xe1\x9f\xc1\xe1\xefyd\x09\xa9\
[\xebK;\x0aoZ\x1b\x9f\x05\xd0\xf9\xb2\xda\xcb2\
<T\x00\xc4R=\x05\xb7\x91\xef\xe5\x00\x9e\xf6g\xec\
D\x1c\xfe\x19\x1c\xfe\xc5\x81\xe8\x82\x9b\xd6\xc6g\xc8j\
N\xda\x91H\x96\xf8\xb4\xac\xb6\xb2|\x9a\xb7f\x00\x0e\
\xf4\xec\x96\xd2N\xae\x97\x03x\xda\x9f\xb1\x13q\xf8g\
p\xf8;G\xc15lJ\x91\xb4\xc5\x80R\x8e\xc6\xc6\
u\xa2\x8c@\xb7\xc9h\xab\xbfH@v\x8bjmi\
\xf9\x83\xb4\xb6\x86{9\x80\xa7\xfd\x19;\x11\x87\x7f\x06\
\x87\xbf\xa34\x15\x05\x00\x89;3O\xda-\x98\x94#\
\x92\xcc\xc4\xad\x00\xa22\xda\xea\xaf\xcc\xef\xa5%\x80\xc0\
\x8e\x8e\xb7\xf1A\xbb\xbc\xcd\x9a\xb2E@\xddI\x8a\x00\
\x0e\x7f\xc6N\xc4\xe1\x9f\xc1\xe1\xef8\x15\x05\x00\x80\x9a\
\xb2j3\xb7\xfb\xcdOB\xcaQ) \xfeRF;\
\xfd\xf9\xf5\xf4\xbe\xed^\xb3r\xdb7\xd0n\xb6Hk\
/d\x94\xe1\xce\x01\xd6\x04\xf05\x7f\xc6N\xc4\xe1\x9f\
\xc1\xe1\xef\x0a\x04E9Fr.\x03\x14|d6\xae\
\x8a\x9d\x02`x[\xdf\xe5 \xe2\xd1\xad\x84:\xcc\xa3\
\xf8\xee\xd6\xaf\xa2#\xd1*\xad\xcd\xa0\x1e\xc6\x1dS\x1f\
\xea+\x02J\xfd\xa9~\x8c\x0d\x84\xc3?\x83\xc3\xdfU\
\x94\xccd\x0bq\xf9\xcdO\xc7&\x17\xdaL\xe1Gg\
\xba\x12\x91\xfe7\x0c{l\xfa\xbf\xbfC\xbd{\xf1\xbd\
\xad_CW\xa2]Z\x9b\xd9\x85\x81g\xd5^\xc8\x0b\
\xfe\x18;\x0e\x87\x7f\x06\x87\xbf\xeb\x84\xd5\x9c\xccR*\
E\x7fQh#\x05\xed*t\xf1\x06a\xa0\xc9\xbc\xa3\
\xd0A\x1c/\xa0\xa7/\x01x\xd9\xfe\x9e]\xf8\xf6\xdb\
\x0f\xe3\xfe\x99\xff\x82h\x81\xfb\x03d\x85\x8c2\x5c;\
\xeeN)me\x95\xfa\xb4\xbf\x10@<\x05\xf0\x03\x81\
\xbd\xcb\xff\xdaf\x84\xbf\xc9\xe1\xcf\xe1\xefN\xd9\xcb\xd9\
\x89\x94\xdcvI\xe0\xee\xc6u\xe2\xef\xd7/\xa6\xbc[\
.\xa8\x00\xa8m\x8a_\x09\xd0\xa8B\xda\x18\x88\xa2\x8a\
\xc9v\x87z\xf7\xe2\xb1\xb7\xffZj\x11 S\xa9N\
\xfb\xa7\x04\xb0\xaf]\xe0P\x17\xd0\x15\xe7\xe8\xf7\xb2\xba\
w_\xc6\x9c\x95\xfcH_\x0e\x7fw+\xf3\x03\xad\xbd\
\xd2\x9bm\xa0D\xfcr\x00\xbf\xc9\xb7\x81\x82\x8eT\x0d\
$\xf7t4#\xe2\xe1\xe9\xff\xe3e\x8b\x00\x99k\x02\
d(\xd5\xf0\xef\x88\x0bl\xdecaG\x8b\xe0\xf0\xf7\
\xb8l\xf8k\x1c\xfe\x1c\xfe.\xa7*\xd3\x84\xa0[\x0a\
y}\xdeG\xebuO\x88r\x01\x5c[H\xe7\x03\x09\
\x18\xde\x5c\xfd?\x18\xb7\x15\x01\xa5\x1a\xfe\x9dq\x81-\
M\x02\xb1\xa4\xd3#a\x85\xe2\xf0\xcf\xe0\xf0\xf7\x04\x9f\
\xba\xcb\xda76\xae\x13y/\x08\xcb\xfb\x88\x0d\x06\x12\
7\x02\x90\xb7\x12-#\x92\xfb\xc3\xf4<\xc1-E@\
\xa9\x86\xbf\x10\xc0\xdb\x07\x05R|\xd2\xefy\x1c\xfe\x19\
\x1c\xfe\x9e\xa2hc\xbb(L\xf3\x9a|_\x9c\xf7Q\
+ \xa4\xef\xfc\x07\x14\xd7\xf4\xff\xf1\x9c.\x02J5\
\xfc\x01\xe0@\xa7@/\x9f\xf9{\x1e\x87\x7f\x06\x87\xbf\
\xe7D|\xca\xb2\xed\xd6|_\x98\xd7\x91\xbbpe\xe7\
H\x00\x97\xe6\xdb\xe9\xc9\xf8t\xc0(\xb2\xe9\xff\xe3e\
\x8b\x80\xceD\x9b\xad\xfd\x96r\xf8\x03\xc0\xa1.\xa7G\
\xc0\x0a\xc5\xe1\x9f\xc1\xe1\xefI>U\x9b\xdb\x09\x5cs\
\xc3rQ\x99\xcfK\xf3:z}\xba\xef\x16\x14x\x07\
\xc1@\xc2\xea*$W9\xd4\xbb\x17\xdf{\xe7o\xa5\
\xee\x130\x98R\x0f\x7f\x00\xe82y\xee\xdf\xcb8\xfc\
38\xfc=-\xa4\x22\xe3\x08\x01\xc3H,\xcc\xe7\xa5\
y\x1d\xc1B`q>\xaf\x1bJ\xd8W:_\xd2\x87\
z\xf7a\xd5\xb6o*/\x028\xfc\xd3\x92\x96\xd3#\
`\xf9\xe2\xf0O\x13\x1c\xfe\x9e\xa7*\xe3H\xcb\xef2\
@\xceGq\xe3\xf2\xaez\x80\xce\xcb\xa7\xb3\xc1\x10\x01\
\x01\xa34f\x00\xb2\x9ac\x07\x94\x16\x01\x1c\xfe\x1f\x09\
\x14\xf9\xa5\xa5b\xc5\xe1\x9ffi:\xba\xee\xe5\xf0\xf7\
\xba\xa0Aj\x1e\x10$\xc4\xa5\xb7\xae\xed\xaa\xcb\xf5e\
9\x1f\xc9\xc2\xe7\xbf1\x9f\xd7\x0d%d\xa4\x8b\x80R\
\xa3\xaa\x08\xe0\xf0?VE\xb0\x04\x0f.\x8f\xe3\xf0O\
\xb34\x1do.~\x10\x89\xb38\xfc\xbd\x8e(]\x04\
(\xa0'R\xfe\x05\xb9\xbe(\xe7\xa3\x99\x087\xe5\xfa\
\x9a\xe1Prm\xc4#d\x17\x01\x1c\xfe'\xaa+w\
z\x04,\x17\x1c\xfei\x96\xa6c\xf3\xc2\x07\xa0\xcd\x99\
m{\xdfL\x8d\x90\xaa\xcb\x00$\xae\xcf\xf559\x1d\
\xd1\x0b\x9f\x145\x10\xe2\xa2\x5c;\x19\x8eb\xd9\xfe7\
_\xb2\x8a\x00\x0e\xff\x81\xd5\x86\x09U\xa1\xd2-2\xbd\
\x84\xc3?-\x1b\xfe\xad3fcL\x94\x8f\xddb\x11\
Ru\xab\xbb\xc0\xfc\xeb\x9e\x109\x9d\xea\xe4tT\xeb\
Z\xe2:(X\xfd\xef\xd3\x01\xc3\x81\x05\xb5nSh\
\x11\xc0\xe1?\xb8\x99u\x84p\x91n4U,8\xfc\
\xd3\xb2\xe1\x7f\xf8\xd4\xd9\x98U\xaf\x95\xe4\xe5\xd1b\xe5\
\xd3\x14\xe5\x1d!\x10\x08\x98\x9f\xc8\xe5%9\x0d\x83H\
\xdc\x90\xdb\x88\x86\xa7Tn\xff\x1b\x8e|\x8b\x00\x0e\xff\
\xa1\xf9t`\xf6\x18\x0d\xb5\x11>\xde\xdc\x88\xc3?-\
\x1b\xfe]\xa7\xcf\xc1\xdc\x06\x8d\x8b\xd6\x22\xa4*\xf3\x04\
\x90\xd3e\x80a\x9f\xcd_\xf5\x1d\x11\x00L\xe9\x9b\xff\
\x00\xd9k\x22\xfc\xa5\x9c\xd5\x1c;\x805\xdb\x1f\xc5\x1d\
S\xbf\x88\x881\xf4\x8cN\x87y\x14\xab\xb6}\xb3d\
\x1f\xe9\x9b\x0b\x9f\x0e\xcc\xaa'\xb4\xc7\xd2\x9b\x03u\xc6\
\x013Y:\xb7\x9f\xbaU\xed;/c\x16\x87?\x84\
\xa6\xe3\x83\xdb\x1eD\xed\xdc\xd98%\xcc\xdf\x89\xc5*\
\xe4\x13\xe8\x88\xcbo\x97\x80k\x1b\xd7\x09\xff\xfa\xc5d\
\x0e\xe7\xe7\x87]\x00\x94\xd7\xc4/\x13\x82\xca\xf2\x1f\xda\
\xc0\x14\xae\x8a\xf4\xb4\xc3\xbdMx\xe2\xbd\x7f\xc2\xa2\x89\
\xf7btd\xe2I\x7fnW\xe7{\xf8\xd9\xae\x1f\xda\
\xb6\xa9P\xb1\xa8\x08\x12*\x82\xd9_\xf1\xf1\xe7$\xfd\
\xd5\xcd\x08\xac\xe0G\xfaB\xd7\xd1}\xdf\x83\x18\xc9\xb7\
\xfa\x15\xbd\xa0\x8f@\x10Pp\xeaQI\x89\xf8E\x00\
~7\x9c\x1f\x1e\xfe\xf5|\x81\xbc\x1f80\x98\x80^\
\x9a\xb7\xff\x0dG\xbb\xd9\x82'\xde\xff\x17\x9cZy\x16\
fT\xcd\xc5\xe8\xc8\x04\x04\xf50z\x93\xddh\xea\xde\
\x89\xb7Z7c{\xfb[N\x0f\x93\xb1\xbc\xe9\xafn\
F\xe0\x91\x7f\x04%8\xfcy\x93\x9f\xd2\xa1\x11\xe07\
\x80\xb8\x82\xe7\x93\x08h\xd7Cv\x01 @j\x0a\x00\
>\xfb\x1f\x82\xc0{m\xaf\xe1\xbd\xb6\xd7\x9c\x1e\x08c\
Rq\xf8gp\xf8\x97\xa4\xa0A\x88\xab\xb8\xfc(\xc4\
\xb5\x00\xee\x1f\xce\x8f\x0e\xebh\xbfim|\x16\x80\xf1\
\x85\x8c\xe9d\x82\xbc\xc0\x85\xb1\x92\xc3\xe1\x9f\xc1\xe1_\
\xb2\x82\xd2\xef\xa7\xeb3\xa1qUl\xcap~pX\
G<Y\xb8\xb2\xb0\xf1\x9c\x5c@\xdd\x9b\xc0\x18s!\
\x0e\xff\x0c\x0e\xff\x92\x160\xd4->\x16\xa4]1\x9c\
\x9f\x1b^\x01\x00\x9a_\xd8p\x06\xe6\xd7\x01\x9d\xaf\x00\
0V28\xfc38\xfcK\x9e\xae\x91\x9a\xc7\x03\x03\
 \x12\xc3\xca\xec!\x8f\xfc\xbb\x96\x8b  \xce/|\
H'\xe2\xb3\x7f\xc6J\x07\x87\x7f\x06\x87?\xcbP\x96\
\x81\x02\x97-}\x5c\x0cy\x81}\xc8\xa3\xbf\xcb\x17\xbf\
\x08@H\xca\xa0\x8e\xe3\x85\x05\x80B\xd9,\x0d\xdf{\
\xde\x1f\xf1\xad E\x8d\xc3?\x83\xc3\x9f\xf5\xa3\xf0\x16\
\xf8\xf2\xd6\xf2\xe49C\xfd\xd0\xd0\x9f\x00\xa1f\xfa\x1f\
P\xba\x08B\x9a\x94\xa9h\xc7&u\x95\x85'\xf9(\
\xe0\xf4\x10\x98\x22\x1c\xfe\x19\x1c\xfe\xec8J3\xd0\xb2\
\x86\xcc\xee!?\x05DPR\x00h\x04e\xd7?d\
\x8aw\xaa\xb9MA\x08KI\xbb^\x156*\x9d\x1e\
\x02S\x80\xc3?\x83\xc3\x9f\x0d\xc0\xa7\x03\xba\xba\xc3q\
\xc8\x85\x80\x83v\xbd\xf0IQ\x03`\x96\xb4\xe1\xf4\x13\
\xf2\xc0\xd9?\x00\xf4\xb4\xfa\x91\x8c\xcb\xff\x17\xb2`!\
%R\xd2\xdb\xf5\xaa\xea\xc0h\xa7\x87\xc0$\xe3\xf0\xcf\
\xe0\xf0g\x83\x08\xa8[\x09?\xf7\x86\xe5b\xd03\xab\
A?\x0d>\xcd\xbc\x10\x8a\xf6I\x0dx\xe4\xfe\x7f!\
\x80#\x1fH\xdf\x01\x19\x00`\xa6bJ\xda\xf5\x1eB\
Cx\x86\xd3\x83`\x12q\xf8gp\xf8\xb3!\x04|\
\xca.\x07\xeb>#>\xe8\x02\xfeA?\x11\x16\xe8\x22\
\xb9\xe3\xf9\x88\xdf\x03\xd3\xffY\x07\xdf\x89*i\xd7\xb4\
\xb8\x00\x00\x80\x91\xc1\x09(3\xaa\x9c\x1e\x06\x93\x84\xc3\
?\x83\xc3\x9f\x0dC@e\x16\x12]0\xd8\x1f\x0f\xfa\
\xa9 \x12\xf3\xe4\x8e\xe6#^\xb8\xfe\x9fu\xf0\xbdr\
$z\xe5\x0f8!LX|\x19\x00S\xa3C.V\
e\x1e\xc1\xe1\x9f\xc1\xe1\xcf\x86\xc9\xa7r3\x1c!\xf2\
+\x00n_-\xa2\x00\xce\x90> \xa4\x17\x00\x1a\x9a\
wn\xfbJ\xc6tl\xdbX+\xbd]!\x04\xbaS\
\x9d\xd2\xdb\xf5\x92r\xa3\x16\xa7U(\x9bhb6\xe2\
\xf0\xcf\xe0\xf0g904\x95\x0b\x01inz/\x9f\
\x81\x9d\xb4\xdb\x04\xc5/\x00\xa0\xe4<\xdd\x0b\xf7\xff\x1f\
o\xd7K\xb5\xe8m\x93\xbfp!\x9e\xecA\xd2r\xfe\
\x0b\xd3)\xe7\x8cX\x08\x8d<\xb2\x22\x94\x9d\x14\x87\x7f\
\x06\x87?\xcb\x83O\xd5\xa1J\x08t\x19\xc9\xb9'\xfb\
\xe3\x93w+\x06\xbfvP\x08/]\xff\xcfJ%\x08\
\xaf>5\x0eVJn\xf1\x22\x00t$Za\xa1\xf4\
n\x0b\x9c\x16=\x0f\x93\xcbOzl2\x8f\xe0\xf0\xcf\
\xe0\xf0gy\xf2+<)\xd6`]x\xf2?;\x09\
\x01:W\xcdp\xbcY\x00\x00@\xeb\x9e\x10\xde\xf8\xe9\
\x18\xe9\xed\xa6D\x12\x9d\x89\xb6\x92\xda\x1b\xb0.8\x19\
\xf3\xea\x968=\x0cV \x0e\xff\x0c\x0e\x7fV\x00\x95\
\x99(\x80\x93\xde\x090\xe0'e\xd92\xa1\x01b\xb6\
\xaa\x01yi\x01\xe0\xf1\xf6m\xa9\xc4\x9b?\x1f\x0d!\
y&\xc0L\xc5\xd0\x99h\x85(\x812`t\xf8T\
\x5c5\xe6s<\xf5\xefq\x1c\xfe\x19\x1c\xfe\xac@J\
O\x8a\x09\xe77\xae\x13\x03\xf60\xe0\xa7e\xeb\x14s\
\x06\x005\xf7\xbe\xc1\xdb\x05\x00\x00\xec\xde\x5c\x8d\x97\x9e\
\x98\x00\xb3G\xee_$\x9e\xeaE\xbb\xd9\x5c\xd4w\x06\
\xcc\xac\xbc\x14\xd7\x8c\xf9<\x02z\xc4\xe9\xa1\xb0\x02p\
\xf8gp\xf83\x09\x14\xcf\x8aW\xc04O\x1b\xe8\x0f\
\x06\xfc\xc4\x90\xe2\xe9\x7f\x0f\xdd\x00pR-\x1fF\xf0\
\xfc7\xa6\xa1\xac\xed|\xe8\xe4\x97\xd6n\xc2J\xe0h\
\xfc0\xba\x93\x1dE5\x1b0\x228\x11\x0b\xc6~\x09\
\xe7\x8f\xbc\x05\x1a9\xf0E\xcd\xa4\xe1\xf0\xcf\xe0\xf0g\
\x92\x90\xea\xad\xf1\x89\x06\x9c\xd1\x1fp\x0eV\x08\xeb\x1c\
(z:\x9b\xd7\xcf\xfe\xfbK\xf4\xea\x88\x1e\xbd\x1c\x97\
O\xff$>\xecy\x1e{{\xff\x84VsG\xc1\xc1\
- \xd0\x93\xecB,\xd9\x83\xa0\x11\x86_\x0b\xc1\xa7\
yd\xeb\xc4~\x82z\x19&D\xce\xc0\xc4\xf2\xd9\x18\
\x17\x99\x01E\x9bJ2\x1bq\xf8gp\xf83\xc9\xfc\
:\x90P7\xf9;\x1b\xc0\x8a\xe3\x7fs\xe0\x8b\xb0D\
\x1fS5\x0a\xaf.\x00\x1cL\xc4\x18\x81\x99\xd1\x9b1\
3z3zS-h5?DW\xea\x08\x92\xa2g\
\xd0\xd7%\xad\x18L\xab\x1d\x09\xd1\x03\x0b\x83\x7f\xa1\xfa\
(\x84\x881\x02\x01\xbd\x0c\x06\xa5o\xeb\x0c\x1a@\xc8\
eu\x81\x01\x1f\x82z\x19*\xfc\xf5\xa8\x0d\x8c\x05\xf1\
\xd9~\xd1\xe0\xf0\xcf\xe0\xf0g\x0a\xf8uB\xb7\xaaY\
_!\xce\x1e\xe8\xb7O(\x00\xeeZ.\x82\xdd0\xa7\
\xab\x19\x85\xe2]\x8f\x5c \xa4\xd7 \x14\xaa\xb1\xa5\xaf\
\xca \xa1*dKW\xac\xc4q\xf8gp\xf83E\
\x0c\xb5'\xc7g^\xbcA\x18\x1b/\xa1d\xff\xdf<\
\xe1\x13\xd4\xedO\xcc\xc2\xc9f\x06$0\xf8\x84\x901\
O\xe1\xf0\xcf\xe0\xf0g\x0a)\xce\xc6p\xdd^\xf3\xd4\
\xe3\x7f\xf3\x84.\x85\x85\xb3T\x8e\xc2\xd0\x8aga\x1b\
c\xc5\x8e\xc3?\x83\xc3\x9f)\xa6l7\xc0\x0c\xa1\x9d\
\xb8\x10\xf0\x84.5\xb2\x94\x15\x00D\x80^\x0c\xb7\x00\
0V\x028\xfc38\xfc\x99\x0dt\x0d\xaa\xd6\xde\x03\
\x00,\xe0\x84u\x00'\xce\x00\x80\x06\x5c, \x83\xea\
\x0a\x871&\x07\x87\x7f\x06\x87?\xb3\x91\xca\xcb\x00\x04\
k\xf0\x19\x80\xccnA3U\x0d\xc0(\xf2\x05\x80\x8c\
\x15\x03\x0e\xff\x0c\x0e\x7ff3\xb5O\xc9\xa53 \xc4\
1\x1d\x1c\xf3\xa9\xd2z\xe3\x93\x01([W\xce\x0b\x00\
\x19s7\x0e\xff\x0c\x0e\x7f\xe6\x00\xc5k\xe4\xca\x1aW\
\xc5\xc6\xf6\xff\x8dc>Y\x96N3T\xf6\xce\x0b\x00\
\x19s/\x0e\xff\x0c\x0e\x7f\xe6\x10\xe5\x1b\xe5\x11\x1d\xb3\
%\xf0\xf1\x9f\xae\x01\xf7\x0b\x96\xc5\xc7\x0b\x00\x19s%\
\x0e\xff\x0c\x0e\x7f\xe6 \xb5\x97\x00\x00\xd2p\xcc\x1e?\
\xb6\x16\x00z\x11\xee\x02\xc8\x98\xd7q\xf8gp\xf83\
\x87\xa9\xbeLn\x09\x07\x0b\x00\xbe\x0b\x801w\xe1\xf0\
\xcf\xe0\xf0g.\xa0x7@\xd0q\x19\xdf\xf7I[\
\xb6Lh\x00NQ\xd5\xb1F\xc5\xf1\x14@\xc6\x8a\x05\
\x87\x7f\x06\x87?s\x09]yN\x1e\xbb\xce\xaf\xef\xd3\
\xb6uRl<\x14\xde\x01\xe0\xc4\xe7\x9a160\x0e\
\xff\x0c\x0e\x7f\xe62\x8aO\x94+\x1b\x97w\xd5\xf7\xf5\
\xd5\xf7\xdbDST\xf6\xca[\x000\xe6\x0e\x1c\xfe\x19\
\x1c\xfe\xcc\x85\x94\x7f\x14t\xbd\xef2@_WD\xda\
d\x95}j*\xf78d\x8c\x0d\x0b\x87\x7f\x06\x87?\
s)]qV\x92\xa6O\xcb\xfew\xffO\x9e\xda\x19\
\x00\xde\x03\x801Gq\xf8gp\xf83\x17\xd3\x14g\
\xa5%\xc4\x84\xbe\xbe\xb2\xff! \x94\x16\x00<\x03\xc0\
\x98s8\xfc38\xfc\x99\xcb)\x9f\x01 L\xc8\xfe\
\xb7}3\x00\xc43\x00\x8c9\x81\xc3?\x83\xc3\x9fy\
\x80\xa6>+'\xf4\xf5\x05\x00\x99\x07\x04LT\xd9\xa3\
\xc6\xf7\x002f;\x0e\xff\x0c\x0e\x7f\xe6\x11\xea\x17\xcc\
S_\xd6k\x00\xd0\xb8\x1e\xb5\x00\xc2*\xbb\xe4\xbb\x00\
\x18\xb3\x17\x87\x7f\x06\x87?\xf3\x10\xd5\x97\x00\x001r\
\xc9J\x11\x012\x05\x80\x16O\x8c\x1d\xfc\x05\x85\xb3a\
Z\x831\x96\xc1\xe1\x9f\xc1\xe1\xcf<F\xf5\x22@\x00\
0a\x8e\x032\x05@J\x13\xca\x0b\x00\xf5U\x0dc\
\x0c\xe0\xf0\xef\xc3\xe1\xcf<\xc8\x8e\xac\x14\xba\x98\x08d\
\x0a\x00\xb2l(\x00x'@\xc6\x94\xe3\xf0\xcf\xe0\xf0\
g\x1ee\xc7\xc7\xc5\x12\xda\x04 S\x00\x08P\x83\xea\
\x0ey\x02\x801\xb58\xfc38\xfc\x99\x87\xd9\xb1^\
\x9e\x90>\xe9O\xcf\x00\x10lX\x03\xa0\xba\x07\xc6J\
\x17\x87\x7f\x06\x87?\xf38\x9b>5\xf5\xfd\xfa\xa2\xd1\
*{\xe2\xb3\x7f\xc6\xd4\xe1\xf0\xcf\xe0\xf0g\xc5\x802\
\xffS\xab\x0e\xe8+\x00D\x9d\xca\x9e8\xff\x19S\x83\
\xc3?\x83\xc3\x9f\x15\x11\x1b2\xb3\x7f\x01\x00\xb5\x05\x00\
W\x00\x8cI\xc7\xe1\x9f\xc1\xe1\xcf\x8a\x8c\x0d[\xe7\xd7\
\x01\x80\xb1\xf4q\xe1k\x85Y\xa5\xb2\xa7R\xbd\x01\xc0\
\x14\xdd\x80\x18\xde=\x9dI\x11\x030\xbc\x9f\xf5Q\x08\
D\x1a\x12\x16!n\x150@\x05|\x14\x80F\xba\xd3\
\xc3(z\x1c\xfe\x19\x1c\xfe\xac\x08i\x10H\xa9\xedb\
$\x84 \xa35\xd8;R\xf5>}\xa50\x03\x10K\
\xb5\xa1\xa9\xf7e\xec\x8dmF[\xe2C\xf4$\x9b!\
\x86\x19\xe8\x83!h\x08\xe8A\xf8\xb5\x00\x0c\xf2C\xd7\
\xdc\x1f\xae>-\x88J\x7f=\x1a\xc2\xa7ab\xd9\x19\
\x18\x11\x9c\x00\xbe\x10$\x0f\x87\x7f\x06\x87?+V\xea\
\xbf.}\x8d\xebQeX~c\xa4\x96\xe2]\xfa\xf2\
\x95\xf45cS\xf3?a_\xeff)\x81\x9f\xa5\x91\
\x81\x88Q\x8e\xa0\x1e\x84\xd7\xc23a\xc5p$\xb6\x0b\
Gb\xbb\xb0\xe5\xe8\xff\xa0\xdc\xa8\xc1\xec\x9a\x05\x98V\
q\x1e\xc8c\x7f\x17\xb7\xe1\xf0\xcf\xe0\xf0g\xac Z\
\xcc\xac3(e\x8dP\x1d0\xc5\xf8\x95\xaf\x19\x16f\
\x5cs\x10\x87\xc7\xfe'\xd0+s\x1e\x9e\x101\xca\x11\
\xd2#\xa0\x22\x99:\xe9L\xb6`\xe3\xa1\x15x\xab\xed\
w\x98WwgfF\x80\xe5\x8a\xc3?\x83\xc3\x9f\x15\
9;\xbe\xfaSd\xd5i\x9a\xa0J\xe5=\x15G\x8e\
\xf5\x09\x96'\xf0\xf1\xa5\x1fb\xc2\xb9G\x01\xc8\x0b\x7f\
\x82\x86J\x7f5\xc2FY\xd1\x84\x7f\x7f-\xf1}\xf8\
\xf9\xdeG\xf0A\xc7KN\x0f\xc5s8\xfc38\xfc\
Y\x09\xb0\xe5\xd19\x9a6\xc2\xb0@U$q\xea\xba\
\xd8\x85*\x13\xb8\xe0\xbe\x9d\x08V\xc8\xfd\x22\xd6HC\
\xa5\xaf\x16\xbafHm\xd7m,\x91\xc4\x86\x83+\x10\
Ou\xe1\xf4\xaa\xf9N\x0f\xc7\x138\xfc38\xfcY\
\xa9\xb0e7@\x8ajDB\xe9\x1d\x00\xe9\x8e\x8a\x83\
\xee\x13\x98{\xc7\x1e\xe9\xe1O D}\xd5E\x1f\xfe\
\x1f\x11x\xe9\xc8O\xb0\xbb\xfb\x0d\xa7\x07\xe2z\x1c\xfe\
\x19\x1c\xfe\xac\x84\xd8\x91\x99\x04+\xaa\x01\xa8\xb0\xa1\xaf\
\xa2p\xe6\xa2}\xa8\x18\xd3+\xbd\xdd\x88/\x0a\x9f\xe6\
\x97\xde\xae\x9b\x09\x08<\x7f\xe0G\xe8H\x1cqz(\
\xae\xc5\xe1\x9f\xc1\xe1\xcf\x98t\x16(\xaa\x09\x08\xe5k\
\x00\x8a\xe1\x02C\xf5\x84\x1e\x8c\x9e\xd5.\xbd]\x83|\
\x08\xea\x11\xe9\xedz\x81i\xf5b\xf3\x91\xffvz\x18\
\xae\xc4\xe1\x9f\xc1\xe1\xcfJ\x90-K\x00\x04\x95k\x00\
\xf1\x0c\xc00L\xbf\xf2\xa0\x92v#\xbe\xf2\xa2\xb9D\
\x92\x8f\x9d]\xaf\xe2Pl\x87\xd3\xc3p\x15\x0e\xff\x0c\
\x0e\x7fV\xaal\xa8\x00,XQ\x8d\x04\xca\x94\xf7\xe4\
\xf1)\x80\xea\x09=\xa8\x1e\xdf#\xbd]\x9d\x0c\xf8\xb5\
\xa0\xf4v\xbd\xe6\xad\xd6\xe7\x9d\x1e\x82kp\xf8gp\
\xf8\xb3\x12&l8+L\xcf\x00\x10\x85Uw\xe4\xf1\
\xfcG\xfd\xf4\x0e%\xed\x068\xfc\x01\x00{\xba\xde\x84\
%\x92N\x0f\xc3q\x1c\xfe\x19\x1c\xfe\xac\xc4\x0ds\x07\
\xf9\xc2\xfa\x00\xa2\x1a B\xea\xbb\xf2\xb6\xfa\xd3:\x95\
\xb4\xeb\xd7\xf9\xad\x07\x80\x84\x88\xa3\xa9\xe7=\xa7\x87\xe1\
(\x0e\xff\x0c\x0e\x7f\xc6l\x22\xa2\x1a\x00\xf53\x00\x1e\
\x9e\x02\xf0\x87S\x88\xd4\xc6\x15\xb4L0J\xe6\xb6\xbf\
\xa1\x1d\x8e}\xe8\xf4\x10\x1c\xc3\xe1\x9f\xc1\xe1\xcfX\x9a\
\x1d\x99IT\xae\x81\xd4\x17\x00.{`]NBU\
\xa6\x92vuM\xe3}\xf1\xfb\xe9H4;=\x04G\
p\xf8gp\xf83\xd6\xc7\xb2'\x1b\x02\x1a\x04\x94\xcf\
C{y\x06\xc0\x17T\xf3PF\x0e\xffc\xc5S\xf2\
\x17Y\xba\x1d\x87\x7f\x06\x87?c\xc7\xb0\xecY\x04\xe0\
\xd3 \x84\xf2\x95h^.\x00\xd4=}\xd7\x81/Z\
\x17\xb3T?\xfd\xdae8\xfc38\xfc\x19;\x91-\
\x97\x00\xe0\xd3@\xa4\xfcB\xb4\x87\xf3\x9f1\xe98\xfc\
38\xfc\x19;\x91\xb0-3\x0d\x0d\x80-+\xd1,\
\xae\x02\x18\xe3\xf0\xcf\xe2\xf0gl@\xb6\xad\x99\x13\xc2\
g\x00P6\xc9}l_(\x9e\xa7\x02\x95\xb8\x0a\x7f\
\x0df\xd5\x9c\x87\x09e\xa7\xa0\xccW\x81\x84\x15\xc7\x91\
\xd8\x01\xbc\xdf\xf6:\xdeo\xdb\x02\xc1s>\x03\xe2\xf0\
\xcf\xe0\xf0g\xec\xa4l;Y&2\x0c\x08\xe8v\x04\
sJ\xd8Ti0e\x08\x84y\xa3\xae\xc3\xc7\xeb\xaf\
\x84~\xdc\x95\xa3Q\xe1\x09\x98U}\x1e\x0e\xf76\xe1\
g\xbb~\x80\xc3\xbdM\x0e\x8dr\xf8:\xe2\x02\x9dq\
 iC\xc9]\xfe\xc6\xcbh\xf8\x8f\x7f\x04%K;\
\xfc\x85\xa6c\xd7\x92\x07\xd16a6\xd0\xc6\x85\xa2W\
\xe9\x04\x94\x05\x80\x8a\x00\x81\xf8\xc4N\xaa\x94}\x1f\x0b\
\x9f\x01\xb2'\x97-K\xa4\x8f\x1a\xe6I:\x19\xb8q\
\xe2=8\xb5\xf2\xecA\x7fndh\x0c\xee>\xe5\xaf\
\xb1f\xdb\xa3\xd8\xd7\xed\xce=\xfe\x8ft\x0b\xech\x11\
\xe8\xb1)\x8b\xeb\xde\xfb3N]\xf1\x0f\xa0\x94\xf3\xbb\
\x1d:\x19\xfe\x96\xa6c\xf3\xc2\x07\xd0T\x7f6\xd0\xc2\
\xe1_\x0c\x02\x86\xc0\xc4*\xc2\xe8(\x7f\xb7\xcbb\xd9\
5\x05 \xe0\xd3`\xd3\x89y\xca\x8e\xcd\x8d\x99\x12:\
\x19\xb8i\xd2\xbdC\x86\x7f\x96_\x0b\xa0q\xd2\xa7\x11\
2\xd4?f\x22W\xdb[\x04\xde:h_\xf8\x07\xba\
\xdap\xf6\x9a\xafC\xe3\xf0O\x87\xff\xd4\xd9\xb6\xf7\xcd\
\xd4\x89'\x81\xf7\x8e\x08l=$x\x9d\x97$\xb6e\
%\xa5\x0b\x00[\xfe\xd9R^\xbe\x17\xb0\x84e\xc3\xff\
\x94\x8a3sz]\x99\xaf\x02\x1f\xaf\xfb\x84\xa2Q\xe5\
gw\x9b\xc0\x1e\x9b\xa7\x9d\xc7\xbe\xfc\x1b\x18\xb1n[\
\xfb\x1c\x08\x87?S\xe9P\x97\xc0\xb6f\xfe\x8e\x97\xc1\
\xb6\x19\x00\x00\x1a\x04l9\x17\xb2\xbc\xbc\x1d`\x89\xd2\
H\xc7M\x13\x97\xe6\x1c\xfeYg\xd4\x9c\xef\x9a\x0d\x8f\
bI`\xe7Q\xfb\xbf\xa0*\x9b\xb6\xdb\xde\xe7\xf18\
\xfc\x99\x1d\x9a:\x04\xdab\x5c\x04\x14\xca\xb6\x19\x00\x81\
\x84\x06\x82\x9a\xbdn\x8f\xc3\x97\x00\xbcE'\x03\x8b&\
\xdd\x87S*\xcf\xca\xbb\x8d\x88Q\x8e\xaa\xc0\x08\x89\xa3\
\xca\xdf\xbev\xe1\xe9\x0d\xa9\xf2\xc5\xe1\xcf\xec\xb4\xaf\xcd\
\xe9\x11x\x9fm'\xcb\x84\xa4\x06\xd85\x03P\x82\xdf\
\xbe\x1e\x95\xef\xb4\xff@\x22\xbe\xa8\x84\x11\x15\xae\xc5\xa1\
\x9d\x86\xdb\x1a\xa6:\xd318\xfc\x99\xfdZz\xf8{\
\xbeP6^.Oj\x00\xcf\x00\xb0\x8f\x14:\xed\x7f\
\xbcX\xd2\x1d{\xfc\xc7\x12\xce|1\xed\xf9\xd8'\x10\
\xf7\xdb\xff\xd8g\x0e\x7f\xe6\x84\x94\x00\xcc\xd2\xda\xd5[\
:\x1b\xb3\x92g\x00\xd8GdL\xfb\xf7\x97\xb0\xe2h\
5\x8fHi\xcb\xab\xe2\xe1(\xfe>8\x13\x09\x1b\x0b\
`\x0e\x7f\xe6$>\xd5+\x8c\x8dY\x99\xb0\xad\x00\xb0\
qs\x03\x96\x07\x99\xd3\xfeY\x1f\xb4\xbf\x89\xa4\xe5\xfc\
\xc67\x00\x10\xf49\xf3\xb5\xb4\xf5\xf5\xadx\xe6H\x12\
\x0f$'\xc1\xb4\xe1\xab\x91\xc3\x9f9I'\xc0\xc7;\
\xbe\x15\xc4\xc6\xac\xb4\xf3\x12\x80\x1d\xbd\xb0|\xa8\x08\x7f\
K\xa4\xf0\xe2\x81_Jk\xafP5a\xfb\xfb\x14\x96\
\xc0\xef\x7f\xfb<\x00\xe0E+\x8a\x07\x13j\x8b\x00\x0e\
\x7f\xe6\xb4\x9a0\x9f\xff\x17\xca\xc6\xc5\xcaI\x0d\xc2\x9e\
\x02@\x08 \xc5\xb7\x02\xba\x8e\x8a\xf0\x07\x80\xdf\xec{\
\x1aGb\xfb\xa5\xb6Y\x88\x86\xa8\xfd[\x96\xbe\xb9\xe5\
M\x1cl:\xd8\xf7k\x95E\x00\x87?s\x83\xb1\x95\
N\x8f\xc0\xdbR\x96\xad\x1b*%4\x90=\x97\x00\x00\
 \xc9\xb3\x00\xae\x22{\xc1_\xd6\x0b\x07\x9e\xc1+G\
6Jm\xb3PA\x1f0\xa9\xda\xbe\x0a\xc0\x12\x16\x9e\
\xff\xdf\x0d'\xfc\xbe\x8a\x22\x80\xc3\x9f\xb9\xc1\x98(\xa1\
\x22\xc83\x00\x85HZ6\xbe\x7f\x02]\xb6\xad\x01\x00\
\x80$\xaf\x0eu\x0d\x8dt,\x9ax\xaf\xb4\x05\x7fY\
/\x1cx\x06\x9b\x0e<+\xb5MY\xc6W\x12\xc6U\
\xda\xf3\x01{\xe3\x957p\xf8\xd0\xe1\x01\xffLf\x11\
\xc0\xe1\xcf\xdc`d\x19aj-\x87\x7f\xa1\xecx0\
Y\x1f\x12]\x1a@\xbdv\xf5\x97\xe4;\x01\x5c\xa1\x14\
\xc3?kJ\x0daV=!\xe2S\xd7G\xca\xb2\xf0\
\xfcoN<\xfb\xefOF\x11\xc0\xe1\xcf\x9c\x164\x80\
\xe9#\x093\xeb\x08\x1a\xe7\x7f\xc1\xec\xcdH\xea2\x00\
a\xdb\xdeM\xc9\x14\x1f!N+\xe5\xf0\xcf\xaa\x8d\x10\
j#\x84\xce\xcc\xe3\x80\xe3I\x01K\xe2mz/\xbc\
\xf8:\x9a\x0f7\x0f\xf9s\xd9\x22\xe0\xdb\xbe\x9d\xf0\xe7\
\xf8H\x0e\xa7\x1f\xe9\xbb\xf3\x8e\x07a\x9c6\x1b\xe3m\
\xef\x9d9\x8d\x08\x08\x18@\x99\x1f\x88\x06\xdd\xb2\xd9w\
qH\xd88K.\x80NC\x00\xadv\xfd\x03\xf2\x1a\
\x00gq\xf8\x1f\xab<@(\x0f\x002\xef\x5cN&\
S\xf8\xe5\xb3\xcf\x0f\xfb\xe7\xf3)\x02\x9c\x0c\x7f\xe8:\
\xba\xef{\x10\xd5g\xceA\xb5\xfd\xbd3V\xd4\xd2k\
\x00\xec\x09J\x12\xa2S#\x22\xdbf\x00\x12%x/\
\xa0_\x0bbZ\xc5\x198\xbb\xf6\x22\xcc\xac\xfa\x18\xaa\
\x03#\x1d\x19\x87\xecM~\xb26\x1dx\xd6\x93\xe1\xaf\
\xca\xff\xfc\xfeU4\x1d<\x9a\xd3kr\xb9\x1c\xe0t\
\xf8w\xdd\xf7 \xcc3\xe7\xd8\xdf7c%\xc0\xd6K\
\x00\x9a\xd6e\x08\x08\xfbf\x00Jh\x11`M\xb0\x0e\
W\x8f]\x82\xb3j.\x80\xa1\x1d{\xc1yO\xd7\x07\
\xf8\xcd\xbeu8\xd8\xb3\xdb\x96\xb1\xa8\xba\xd5o\xd3\x81\
g\xf1\xc2\x81g\xa4\xb6\xe9e\xc9d\x0a\xcb\x7f\xbc1\
\xaf\xd7\x0eg&\x80\xc3\x9f\xb1\xe2f\xe7\x22@\x12\xa2\
S\xd3\x84h\xb5\xabC\x81\xf4}\x8e\xc5nz\xe5l\
|\xe5\x8c\xc70w\xc4%'\x84?\x00\x8c+\x9b\x86\
{N\xfd\x1a>\xd1p\x0b\x88\xd4~\x99s\xf8\x1e\xa0\
\x8d\x8a\x00\x00 \x00IDAT\xdb\xe7\x99\xdf\xfe\x19\
\xfb\x0f\xe5v\xf6\xdf\xdf\xa03\x01\x9a\xc6\xe1\xcfX\x11\
KY\xb6n\x02\x04\x10\xba4\xcb\xc6K\x00\x80\xcd\xf7\
9:`ld2>y\xeaW\x11\xd2#C\xfe\xec\
\xc7F^\x86\x1b'\xdc\x03MQ\x11\xa0\xf2>\x7f\x0e\
\xffc%\x12I,_\xb7\xb1\xe0vNV\x04\x18\xe1\
0\x87?cE\xcc\xd6[\x00\x01@\xd0QM\x83}\
3\x00\x80\x03\x7fI\x1bi\xa4\xe1\xcei_\x86_\x0b\
\x0c\xfb5\xa7U\xcd\xc1B\x05E\x00/\xf8\xb3\xd7\xcf\
\xff\xf7e\x1c>\x22\xa7\x96>\xa1\x08 \x82\xee\xf7K\
i;'\x1c\xfe\x8c\xd9&a{\x01 \x8eh\x96\xa5\
\xdb:\x03P\xcc\x0b\x01gU\x9f\x87\xba\xd0\xd8\x9c_\
wZ\xd5\x1c\x5c7\xfeni\x97\x03x\xc1\x9f\xbdL\
3\x89\x95\xeb_\x90\xdaf\xff\x22\x80\x88`\xfb>\xc6\
\x1c\xfe\x8c\xd9\xca\xce[\x00\x01\x00\xa4\x1d\xd1ta\xd9\
:\x03P\xcc\xcf\x8a\x9eQ\xf5\xb1\xbc_{z\xf5\xb9\
\xb8^B\x11\xc0\xd7\xfc\xed\xf7\xd3_\xbd\x84\xc3-\xed\
\xd2\xdb}\xd1\x8a\xe2\x8b\x89\x89\xf6\x9f\x19p\xf83f\
;\xd3\xe6\x93cJ\xa5\x8ehV*\xc1\x05\x80$#\
B\xa3\x0bz\xfd\xe9\xd5\xe7\x16\xb4&\x80\xaf\xf9\xdb/\
\x16K`\xd5O7)k\x7f\x83U\x81\x87\x12\x13\x90\
J\xd8\xb4c7\x87?c\x8eH$\xed\xedO7\x02\
G\xb4\xae\xceH+\xec\xday\x00\xe9i\x0e[W:\
\xdaH'\xa3\xe06\xf2\xbd\x1c\xc0\xd3\xfe\xce\xf8\xc9\xaf\
\xfe\x88\x96\xd6N\xa5}l\xb0*\xf0\xcf\x1dU\x10\xaa\
?8\x1c\xfe\x8c9\xc2\x12\xb6\xaf\x01HN\xdb\x86v\
\xed\xd7\x0fP\x1cB\x0c\xbdo\xa9D\xc5:\x0b\xd0\x16\
\x97\xf36\xe6z9\x80\xa7\xfd\x9d\xd1\x1b3\x95\x9e\xfd\
\xf7\xb72^\x8d\xef\xb5\x0d}gI\xde8\xfc\x19s\
\x8c\xed\xd7\xff\x81\xe6e\xcb\xc8J'\x0cQ\x93\x9d=\
\x17k\x01\xf0~\xfb\xeb\xd2\xda\x1an\x11\xc0\xe1\xef\x9c\
\xaf\xfe\xd3\x13h9r\xd8\xb6\xf9\xb3o\xf5\xd6\xe2;\
\xad\x0a\x8a\x00\x0e\x7f\xc6\x1c\x15\xb7y\xfa\x1f\xc0\x11\x00\
\xc8\xa6\xcb>;{.\xd6\x02\xe0\xd5#\x1b\xd1\x9d\x94\
7\x1d|z\xf5\xb9X8\xe1S']\x13\xc0\xd7\xfc\
\x9d\xd3r\xb4\x03\x1b7\xbd\x8cd\xac\x1df\xf7!\xa4\
\x12\xf6<T\xf3\xb1\xde\x1a|\xa75\x82\x94\xac\xe7\x17\
p\xf83\xe68\xfbg\x00\xe80\x90)\x00\x04\x84\xbd\
\x05\x80\xfd\xd5\x8e-zS\xdd\xf8\xc5\xae'\xa4\xb69\
\xa3j\xee\x80k\x02\xf8\x9a\xbf\xb3\xbe\xfa\xcf?\x84e\
\xa5?\xb5\xc2J!\xd9\xdb\x8aDw\x0b\x84\xa5\xfe\xe0\
~\xac\xb7\x06\xff\xdaZ^\xd0\xa3\x84\x01p\xf83\xe6\
\x12\xb6\xdf\x01@b\x0f\x00\x18\x99_5\xd9\xb7\x0c0\
\xfb\x97-\xce\x1d\x01\xfft\xf89\xd4\x85\xc6\xe2\xb21\
7Ik\xf3\xf4\xeas\x01\x00\xbf\xd8\xbd\x1cBX<\
\xed/IG\xe6q\xc0\xb9nN\xd5\xdc\xd2\x8a\xcd\x7f\
~\xeb\x84\xdf\xb7Rq\x98\xddG`\x04*\xa0\xfb\xc3\
\x92F9\xb0\x15\xbd\x95\xd8#\x02x\xac\xba9\xe7G\
\x09\x03\xe9G\xfa\xeeZ\xf2 \xda&\xcc\x06\xda\x8at\
U\xae\x07\xe9\x04\x94\x05\x80\x8a\x00\xd9\xbe\xf5\x03s\x8e\
\xdd\xb3\xe2B`/\x90)\x00\x08\xb4\xcf\xc6\x1b\x01`\
\x89\xf4\xbe\xc7\xba\x03;\x9b\xda\xe1\x17\xbb\x7f\x04\x0b\x16\
\xe6\x8fi\x94\xd6\xe6\xe9\xd5\xe7B#\x1d\xcf\xec^\x8e\
\x1b'\xdc\xa3d\xda\xbfT\xce\xfc\x8ft\x0b\xech\x11\
\xe8\xc9\xf3\xce\xba\xff\xfc\xb7\x1fAX'\xf9\xc4\x0a\x81\
d\xac\x0d\x22e\xc2\x08V(\xdd\xc0\xe7\xf9X\x08\x9f\
i\xa9\xc5\xf7jr+\x02,M\xc7\xe6\x85\x0f\xa0\xa9\
\xfel\xa0\x85\xc3\xdf\x8d\x02\x86\xc0\xc4*\xc2\xe8(W\
\x01\xc5.e\xa53\xd1NB\xd0G\x05\x00,\xab\xc9\
\xeer\xd3L\x09\x84\xb4\xe2=\xb8\x9f\xdd\xbd\x02\x06\xf9\
p\xc9\xe8\x1b\xa4\xb59\xa3j.\xc6\x95ME\xb9\xaf\
RZ\x9b@iM\xfboo\x11\xd8S\xc0\x19\xef\xd1\
#\xcd\xd8\xfe\xce\xdbC\xfe\x5c*\xd1\x03+\x95\x80?\
R\x0d\x90\x9ew\x7fCy!\x9e[\x11\xd0\x17\xfeS\
g+\x1b\x13+\x5c<\x09\xbcwD\xa0\xb5\x17\x98>\
\x92P\xc4_\x95%/\x9e\xb4\xbf\x08\xd74k/\x90\
Y\x03\xa0\x09\xb2u\x0d\x00\xe0\xc8\xaaG\xdb\xfdl\xd7\
\x0f\xf0\x5c\xd3z\xa9m\xca\x0e\xffRZ\xf0\xb7\xbb\xad\
\xb0\xf0\x07\x80\xa7~\xb4\x02B\x0c\xef\x9a\x81\xb0\x120\
\xbb\x9b\x95\xaf\x0b\xc8\x16\x01C\xad\x09\xe0\xf0\xf7\x9eC\
]\x02\xdb\x9ay\x96\xa6\x989p\x0b (E{\x80\
L\x01\xd0\x9b\xf0s\x01\xa0\xc8\xb3\xbbWH/\x02d\
)\xa5i\xffX\x12\xd8y\xb4\xb0/\xd2\xe6\xc3\x87\xb1\
\xf3\xfd\xad9\xbdFX)$z\xd4/\x0e|!\x1e\
\xc2\x03Gk\x11\x17\x03\x17\x01\x96\xe1\xe3\xf0\xf7\xa8\xa6\
\x0e\x81\xb6\x18\x17\x01\xc5\xaa7i\xff\xf4N6\xf35\
\x00x\xe6\x93\xd4\x09@\xfef\xe6\x83\x88\x17\xe9\xad\x80\
\x03qc\x11PJ\xe1\x0f\x00\xfb\xdaE\xc1;P\xae\
}b9D\x1e\x17\xeb\x84\x95\x82\xd9\xd3|\xf2u\x03\
\x12\xe8\x86\x8e\xce\xb3\xe7\xe1\x7f\x17}\x19-\x0d\xd3\x8e\
\xf9\xb3\x96\x86i\xd8p\xfb\xdfr\xf8{\xd8>[\x1f\
\xd9\xc6\xec\xe4\xc0%\x80\xb6L\xe6\xa3\xff\xde\xb5{\x01\
T\xd85\x82\x94\x95^\xf9\xe8Wwy\xd4U\x9e\xdd\
\xbd\x02\x00\xa4.\x0c\xccW\xa9\x85?\x00\xb4\xf4\x14\xf6\
\xfa\xc3\x07\x0fb\xf7\x07\xef\xe5\xdf\x80e!\xd1\xd3\x02\
_\xa4V\xdaS\x1f\x01@\xd3u\x9cq\xf6,\x5c~\
\xf5e\xa8\xae\xa9F\x02\xc0\x86\xa9\xb3\x10\xecnG\xa8\
\xb3\x15\xbd\xe5U\x88El\xfbX3EZz\x8a\xf7\
\xce\xa9Rf\xa6\xec_\x00\x88t\xd6\x038\xb6\x00\xd8\
\x06`\xa6\x9d\xa3\x88'K\xa7\x00\x00\xdcQ\x04\x94b\
\xf8\x03@,Q\xe0\xb5\xff\x1f\xae(x/~a%\
\x91\xecm\x85/\x5cSP;\xc0G\xc1\x7f\xd9U\x97\
\xa2\xa6\xf6\xc4\xf6b\x91\x0a\x0e\xfe\x22\x92\x12\xa5u\xc2\
T*b6=\xe3\xeb8\xdb\xb2\xff\xd1\xbf\x00x\xdf\
\xeeQ\xc4\x93\x02\xe5\x81\xd2\xaaj\x9d,\x02J5\xfc\
\x0bu\xa0i?v\xef\x90\xf3\xf1\xb0\x92q\xa4\xe2\x1d\
\xd0\x03\xd1\xbc^O\x1aa\xe6\xac\x99\xf8\xc4\x82\xf9\xa8\
\x19Q+eL\xcc\x1bJ\xeb\x9b\xb248q\x07\x00\
\x80\x0f\xb2\xff\xf1Q\x01@\xf4\xbe\xdd\x8f\xe9\x8b\x95\xc8\
B\xc0\xe3=\xbb{\x054\xd2q\xd9\xe8\x1bm\xeb\xb3\
\xd4\xc3?\xe8#t\x9b\xf9\x1d\xdfO?\xb1\x5c\xea#\
,\x93\xf1.hF\x00\xa4\x07\x86\xfd\x9al\xf0_q\
\xed|\xd4\x8e\xe4\xe0/5:\x01>>\xfb/:N\
,\x86'\xd0\x003\x00\x0e\x14\x00\x89\x14\x90\xb2\x04\xf4\
\x12\xbc\xc9\xf5W{V!\xa8\x85p~\xfdU\xca\xfb\
*\xf5\xf0\x07\x80\x9a0\xd0m\xe6\xfe\xba\xfd\xfb\x9a\xb0\
w\xe7v\xe9\xe3I\xf4\xb6\xc1\x17\x191\xe4z\x80l\
\xf0\xcf\xbf\xe6r\x8c\xa8\x1b!}\x1c\xcc\x1bj\xc2\xa5\
\xf7\x1dY\xecRB\xd8\xfd\x08`\x00\x80\xd0h\x80\x19\
\x00\xc3x\x1ff\x1e\xdf\x90\x05\x8a\xa5\x08\x91\x22\xdd\x11\
p(\xcf\xef\xffo\x00PZ\x04p\xf8\xa75D\x09\
{\xf3\xb8\x13\xe0\xa9\x1f>\x01\x15\xbbd\x0a+\x85\x94\
\xd9\x05\xe3$\x97\x02\x88\x08\xa7\xcc8\x05W\x5c3\x1f\
\xa3\xc6\x8c\x92\xde?\xf3\x96\xb1r\xb7\xff`.\x10O\
\x10\xec\xdc\x817+\x99\x8c\x9dX\x00\xac_LG\x1b\
W\xc7\x9a\x01\xb2u~1\x9e\x04\x22>;{t\x17\
\x95E\x00\x87\xffG\x82>`R5aG\x0e[\xdf\
\xee\xd9\xf9!\x9av\xefT6\xa6T\xbc\x0b\xba/\x0c\
\xd2\x8cc~\x7f\xca\xb4)\xb8\xf2\xfa+1f\xech\
e}3\xef\x18\x13%T\x04y\x06\xa0\xd8\xf4:s\
\x09\xbc\xfdgw\x96\x1f\xce\xfe\xc28\xee\x0f\xdf\x07`\
o\x01\x90\x10@\xa8\xb4\x0fn\x15E\x00\x87\xff\x89\xc6\
W\x12\x12)\x0c{7\xc0\x1f/\x7fRy\x81\x9e\x8a\
u\xc2\x08W\x01\xc8\x06\xff'0f\xec\x18\xb5\x9d2\
\xcf\x18YF\x98Z[\xda\xdf\x8f\xc5\xca\xa1\x05\x80\xc7\
\xacf>\xb6\x00\x10x\x0f\x84\xf3\xed\x1cM<\x99\xfe\
\x8e-\xf5C\x5cf\x11\xc0\xe1\x7frSj\x08\x95A\
`G\x8b@\xf7 \xb7\xe0\xec\xda\xb1\x13\x07\xf6\xedV\
>\x9eT\xb2\x17\x93\xc6\xcd\xc4\x82\xc6\xeb\xd10\xbeA\
y\x7f\xcc\x1b\x82\x060\xb1\x9a0\xaa\xbc\xd4\xbf\x19\x8b\
\x93\x10\xcel\x86'\xfa\xdd\x01\x00\x0c<\x03`+\x81\
\xf4=\xda!\x1f\x1f\xe82\x8a\x00\x0e\xff\xa1\xd5F\x08\
\xb5\x11Bg\xe6q\xc0\xf1\xa4\x80u\xdc\x16\xba\xdf\x5c\
\xb1B\xea\xca\xff\x81\x84\xcb\xa2\xb8\xf5\xb6\x85\xb8\xfa\xea\
K\x95\xf6\xc3\xbc\x81\x08\x08\x18@\x99\x1f\x88\x06\xa9\xe4\
O\x8a\x8aYo\x12N\x5c\xfe\x07\x01\xc7\xece\xeex\
\x01\x00\x00=\x09B\xa8\x84\xd7\x01\xf4WH\x11\xc0\xe1\
\x9f\x9b\xf2\x00\xa1<\x00\x1c?\xff\xf4\xe77>\xc0\xfe\
\xbd{\x94\xf5[V\x1e\xc5\xbdw\xdd\x80%\x8b/W\
\xd6\x07c\xcc\xbdz\x0b\xdc\x98,_\x02\xe2\x8d\xfe\xbf\
>\xa6\x00\xb04\xbc\xab90\xae\xf4\x9b\xc1\xf5nV\
>E\x00\x87\xbf<\xff\xf8\xc8\x0a%\xc5yYY9\
\x96\xdeu=\xee\xbc\xf9\x0a\x05\xad3\xc6\xbc\xa2\xc7\xfe\
\x1b\xee\x00\x00\x16\xac\xb7\xfa\xff\xfa\x98\x02\xe0\xa7\xb7\x05\
\xb67\xae1\xdba\xe33\x01\x80\xf4~\x00I\x0b0\
J\xf4v\xc0\x81<\xbf\xff\xbf\x91\x14\x09\xcc\x1b\xb5\x00\
\x83\x15GBXx\xae\xe9'\xd8|\xf89\xfb\x06W\
\xc46\xbf\xf6.\xf6\xeei\x92\xdafY\xa4\x0cw\xdc\
|\x15\xee\xbb{\x81\xd4v\x19c\xde\x93\xcd;\x07\x1c\
\xfd\xef;\xc2\xc7<\xf9\xf7\xd8K\x00D\x02\xabb\xaf\
\x83h\x9e\xad\xc3\x02\xd0\x93\x10\x88\x96\xd8\xb6\xc0C\xd9\
t\xe0Y\xec\xe9\xda\x86KG\xdf\x881\x91\x89'\xfc\
\xf9\xee\xae\x0f\xf0\xfb\xa6\x9f\xa2\xa9[\xdd\xadj\xa5\xe6\
\x1f\x1eY\x09!\xe9\xfc?\x10\x0c\xe1\xe6\x1b\xe7\xe3\x0b\
\x9f^$\xa5=\xc6\x98\xf795\xfd\x0f\xd0\x1b\xc7\xff\
\xce\xf1k\x00\x00M{\x15B\xd8^\x00\xf4\x9a\x84\xe8\
\xf0wF-\x19\xbb:\xdf\xc3\x8f\xde\xffgT\xfak\
1*<\x1e!#\x82\x9ed\x17\xf6w\x7f\x88\x8eD\
\xab\xd3\xc3+*\x9b^z\x13MM\x85\x9f\xfd\x07C\
!,^8\x1f\x9f\xbf\xf7Fh\x1aOk1\xc6>\
\xd2\xe3\xd0\x06@\x04\x0c]\x00\x90\x10[\x9c\xa8Oz\
\x93\x02B\x10\x88'\x01\x06\xd4f6\xa3\xcdlvz\
\x18E\xed_\x1f]]\xd0\xeb\x03\xc1 n\xbe\xf1\x0a\
\x0e~\xc6\xd8\x80\xb2w\xbd9\xe4\xad\xe3\x7f\xe3\xc4\x02\
\xc0\xc2\xab\xc2\x81\xef.!\x80X\x92o\x07d\xce\xd8\
\xf8\x7fob\xff\x81\x83y\xbd6\x10\x08b\xc1\xd5\x17\
\xe1+\x0f\xdc\x02\xbfq\xe2\xa4\x1ac\x8c\x01\xe9\xe9\x7f\
\xa7\xe2?e\xe1\xcd\xe3\x7f\xef\x84o\xab\xe9;\xfd\xef\
o\x9dbv\x01(\xb3eT\xfd\xf0\xed\x80\xcc)\xff\
\xf2\xad\x959\xbf\xc6\xe7\xf3\xe3\xca\xf9\x1f\xc7\xdf~\xf9\
N\x0e~\xc6\xd8\x90z\x1d\x9a\xfe\x07`\xf6\xb4\xf9\x86\
\x9e\x01X\xb6\x8c\xac\xc6\xd5\xb17\x00\xb2uG@\x80\
o\x07d\xcex\xfe\xc5-8t\xf0\xf0\xd0?\x98a\
\xf8|\xb8j\xfe\xf9\xf8\xea\x17\x97 \xe8\xe7\x8a\x951\
6<\xbdy>\x92\x5c\x827~\xfd\x00\xc5\x8f\xff\xcd\
\x01O[\x04\xb4W\x09\xc2\xf6\x02 \x91\x02\x12\x16\xe0\
\xe3\xcb\xa7\xccF\x8f|{\xed\xb0~\xce\xe7\xf3c\xc1\
U\x17\xe1+\x0f\xde\xca\xc1\xcf\x18\xcbI\xc2\x82#\x8f\
\xff\x05\x00\x10m\x1e\xe8\xb7\x07,\x00\x88\xb0\xc5\xa9\x0b\
\x15=\xa6p\xd5\x93\xaf\xac\xa4\x9a\xb1\x08\xc5\xdb\xccz\
\x8dN\xce\x04\xaaeY8\xf8\xff\xda\xbb\xf30\xa9\xaa\
;o\xe0\xdf\xdf\xbdU\xb7\xaa\xba\xba\x9b\xee\xa6\x1b\x9a\
]@DA!\x228*\xd0m\x8f[\x86l3\xbe\
\x11\xe3\x9aD'\x0f\x8f\xcekL&\x93\x99,&q\
fb2y\x927FM\xded\xc8cL\xdc\xc6\xa4\
]\xe8FE\x8d&\xb8F\x8d\x84\x18\x01\x157\x04\x91\
\xb5\xf7\xad\xd6{\xe6\x8f\x06\xc3\xd2\xd5]\xcb\xbd\xf7\xdc\
\xaa\xfa~\xfe\x02\xbb\xea\x9c\xaf\x0d\xf4\xf9\xd59\xe7\x9e\
\xb3w\xcf\xa8\xaf\x09\x04\x82Xq\xde2|\xed\x0b\x97\
 \x1c\xb6<JFD\xa5d \xae\xefg\xbe(\x95\
}\x01\x00\xa56\xb8\x9af\x14\xfd\x09`\x5cXW\xef\
GK\xc6\xdc\x99\x8eP\xd0U\x0a\xfaS\xd8\xa8\xd0\xd2\
\xafa\x180\x8c\x00\xec\xf4\xd1ws\x9a\x81 \xce=\
\xebt|\xeb\x9f/C\xb8\x82\xcf\xa8\x12Q\xfe\x064\
\x9d\xfe\x07\x00i\x19\xb9\x00\x18yt\xb3\xac-\x00z\
\xdd\x0c\x94I\x22\xa5q\x9ad\x04\x03\x1d!W\xf6l\
\xd8*\xed\xd8\x813\xa5\xa0\xdaj\xd0\xd6\xf7\xf9\x1f?\
\xfc2\x1e\xd3\x0c\xe0\xdc\xb3\x96\xe2\xe9\x07\x7f\x82\xef^\
\xf7\x8f\x1c\xfc\x89\xa8 \xc94\x90\xd0p\xfb\xdf\x01\x9d\
\xf7]\x1czs\xa4/\x8c8\x03\xd0\xbaR\xd2\x17\xdc\
\x19\x7f\x0e\xc0\x87]\x8d\x95\xc1@\x5c\xa1&\xe2\x8fe\
\x80T\xdc@\xcf\xee0\xc6M\x8a9\xdf\xb6\x9d@\xd0\
\xe0\xe0\x02\x00\x8d\x919\xda\xfa\xbe\xee\x9f/\xc5\xa2\x05\
\xc7\xe1\x91'^\xc4\x94I\xe3q\xd5g?\x8e\xea\xaa\
\xa8\xb6<DTZ\xfa\xf5m\xfe\x03\x80\x17!2b\
\x80\x8c\xcf.\x89\xc2\xd3J4\x15\x00\x09\xa0&\xa2\xa3\
\xe7\x91\xed\xd9R\xedJ\x01\x10\xb7c,\x00\x00\x84\xcc\
J4\x86gk\xcd\xb0\xe2\xecS\xb1\xe2\xecS\xb5f\
 \xa2\xd2\xa4s\xfa_\x14F\x9c\xfe\x072-\x01\x00\
\xb0a<\xedN\x9c\xb1%\xd2\xc3S&~\xb1ks\
\xb5+\xed\xc6\xd3\xce\x17\x15\xc5hf\xf4C\x10\xe1\xa3\
\x1fDTz\x92\x9a\xc73[\xd4s\x99\xbe\x96\xf1\xa7\
\xee@W\xe0E\x00\xdaF\xa8\x01\xbdS&\x87\xe9\xdd\
\x15\xc6\xde\xadU\x8e\xb7k\xab4b\xe9!\xc7\xdb-\
&\x22\x06\x16\xd6\x9d\xa3;\x06\x11\x91+\xfa\x8fz\xfa\
\xdeS\xa9D<\xf4\x87L_\xccX\x00\xac\xfb\xbc\xc4\
\x91\xe1\xd1\x01/\xe8\x9c2\x19\xc9\x96u\x13\xe1\xc6\x93\
{\x83\xa9\xde\xb2~$\xf0\x84\xea\xe5\xa8\xb1&\xe9\x8e\
AD\xe4\x8aA}g\xff\x03\xc0\x1f\xdb\xaf\x94\xbeL\
_\x1cu\xdeU\x19\xf2\x94\xf3y\xb2\xe3\xb7e\x80\xbe\
\xdda\xbc\xf3\xecx\xc7\xdbM\xab4\x06\xd3\xfd\x8e\xb7\
[\x0c\xa2\x81\x1a,\x1e\xff1\xdd1\x88\x88\x5c\xa1\xa0\
u\xf7?\x00<9\xda\x17G-\x00\xc4V\xda\xf6\x01\
\x00\xc3g\x02\xf8\xc9\x96\x87'\xb9\xb2\x140\x94\xeaC\
\xbc\xcc\x96\x02L#\x88s'_\x85H\xc0\x9d\xfd\x15\
DD\xba\xd9\xba'w\x95\xca\xbf\x00\x08\xab\xd0s\x00\
\x92\x8e\x06\xcaA\xbf\xc6\x93\x93F\xa2\x14\xb0\xf1\xd7S\
\xd1\xbb\xcb\xd9\x93\x8a\x14\x80\xbed7\x92\xcag\x15\x8f\
K\x0c\x09\xa0e\xe2g0!<Sw\x14\x22\x22\xd7\
h.\x00R\xf1D\xe8\xd9\xd1^0j\x01p\xc7\xe5\
2\x00`\xa3\xa3\x91r\x90\xb2\x81\xb4\x8f\x0e\x05\x02\x80\
\xc4\xa0\x89g~6\x13\xbb6;;\x13\xa0\xa0\xd0\x93\
\xe8@,=\xe8h\xbb~\x132+\xf1\x91)\x9f\xc7\
\xec\xaa%\xba\xa3\x10\x11\xb9Ko\x01\xb0a\xb4\xf5\x7f\
`\x94s\x00\x0e\xf1$\x00m\x0fH\xa7|V\x00\x00\
@:ab\xc3\xdd30k\xe9~\xcc\xffp7\x94\
\xe1\xcc\xc3\x12J)\xf4%\xbb\x91\xb2\x13\xa8\x08T\xc3\
(\xb1G\xe3fD\x17b\xd9\x84O\xa12\xe8\xfc^\
\x0a?\x13{\x08F\xa2\x13Y\xfd4P6\x8cT\x1f\
De?\xf1\xa6\xcc\x10\xec`-x\x93\xe6\x08\x94\x0d\
;9\x08~o4Q6\x0c+\x0ax\xf8\xb3\xac!\
2\x80\xe9u\xda&\xae\x0f\x13\xae\x8eab \xfb\x9b\
F\x9d\x92R&\x06\xed\x8a1\x97\xf0\xc7,\x00\x14\xec\
G\x05\xc6\x97\x9d\x89\x95;\xbf\xcd\x00\x1c\xa4l\xe0\xad\
\xa7\xeb\xf1\xb7\xf3.G\xedIo\xe0\xad\x81\xc7\x91\xb0\
G-\xb6\xb26\x94\x1eD,=\x84H\xb0\x12\x11#\
Z\xd4\x85\x80@\xd0Xq\x1c\x96\x8c\xff8&i<\
\xed\xcfkfl\x17\x22;\xefDh\xff\xef`\xc6\xdf\
w\xbe\x03\x09\x00\xd68\xc0\xac\x00\x0c\xdeL\x98\x89\xb2\
S\xe8\xdf\xf2\x90\xee\x18e\xadr\xdeG F6\x9f\
5\x9d\xf1\x9de\x00\x96y\xd6\xdd\x18\xde\x06\xf0\x92\x96\
\x9e\xe3\xe9\xd0\xe3\xb7\x8f\xf1\x9a1\xffT\xc4\x0a?\x8d\
D\xa2\x0f\x80\xf3\xbb\xdf\xb2\xe0\xaf]\x00G3\xec\x08\
\x16\xd5\x5c\x81\x93\xc7}\x1a{\x12\x9b\xb1s\xf0\x05t\
\xa5\xde\xc6@\xaac\xd4\x82@!\x0d\xa5\xd2P\xb0\x0f\
\xdc\x09p\xf4\xffi,5\x80\x18\x06\x114\xc2\x08\x1b\
Q\x04\x8d\x10L#\x08\xe3\xc0\xca\x8d\xc8\x18k8\x1a\
\x04\x0c\x0ba\xb3\x0a5\xd6DL\xad8\x013\xa2\x0b\
\xcbn\xa3_\xc5{\xb7!\xba\xed\xa7\x10\xdb\xa5\x07\x80\
\xadq@\xb0n\xf8/\x00\x11\xd1\xd1\xfaC\xb1\xbe\xf5\
c\xbdh\xcc\x02\xa0u\xa5$.\xb8+\xfe\x04\x14\xfe\
\xde\x91X%J\xc4Dch\x01\x1aC\x0b<\xeb\xb3\
&,\xa8\xf5\xd1\x91\xc9\x04T\xbdq\x03\x22\xbb~\xe3\
^\x07\xa1z X^\x05\x15\x11\xe5J\x9e\x90\x15\xeb\
\xc6\xfc\x04\x92\xd5\x07He\xcb#\x85\x07\x22*m\x91\
\xf7\xefqw\xf0\x0fTq\xf0'\xa2l<\x9c\xcd\x8b\
\xb2*\x00\x02\x81TV\x8d\x11\x95+I\xf5\xa2r\xdb\
O\x5c\xec\xc0\x00Bu\xee\xb5OD%D\xad\xcb\xe6\
UY\x15\x00\xf7\x5cT\xb1\x03\xc0\xa6\x82\xf2\x10\x95\xb0\
\xc8\xee\xfb!\xa9^\xf7:\x08T\x02b\xba\xd7>\x11\
\x95\x8aW\xa4\xb9mG6/\xcce\x0fYV\x15\x05\
Q9\x0au\xb8|jv \xean\xfbDT*\xb2\
~\xec%\xeb\x02@)\x9b\xcb\x00D\x19\x98\x83\xef\xb8\
\xdb\x01\x1f\xf5#\xa2\xacd7\xfd\x0f\xe4P\x00\xd4\x0d\
\x86\x9f\x05\xd0\x93W\x1e\xa2\x12g\xa4\xba\xdd\xed\x80\xd3\
\xffD4\xb6\x1eD\x1b3^\xff{\xa4\xac\x0b\x80\xd5\
\xab$\x09\xe0\x89\xbc\x22\x11\x95:\xe5\xf2\x89U~?\
\x10\x83\x88\xf4\x13yL\x16\xaf\xce\xfa\x18\xc4\xdc\xce\x91\
\x11Y\x93s \x22\x22\x22\xf2\x80\xdd\x9e\xcb\xabs*\
\x00,\x15l\x03\xe0\xcc\xc1\xf7DDD\xe4\x948\xe2\
\xa1\xb5\xb9\xbc!\xa7\x02\xe0\xaeK\xa5\x17\x0a\xbf\xcd-\
\x13\x11\x11\x11\xb9\xecQ9\xa75\xa7}z\xb9\x1f%\
oHk\xce\xef!\x22\x22\x22\x17\xa9\x9c\x8f!\xcd\xbd\
\x00\x08\x06\xdb\xa1\xe0\xd2-'DDD\x94\xa38B\
\xc9\x9c\xa6\xff\x81<\x0a\x80\xd6\x95\xd2\x03\xc1\xa3\xb9\xbe\
\x8f\x88\x88\x88\x5c\xa0\xb0NN[\x97\xf3Q\xa4y\xdd\
&+\x00\x97\x01\x88\x88\x88\xfc@\xf2\x1b\x93\xf3*\x00\
bq\x8bO\x03\x10\x11\x11\xe9\x17C(\xf1`>o\
\xcc\xab\x00h\xbfR\xfa\x00<\x96\xcf{\x89\x88\x88\xc8\
!\x0a\x8f\xe43\xfd\x0f\xe4Y\x00\x00\x5c\x06 \x22\x22\
\xd2.\xcf\xe9\x7f\xa0\x80\x02\xe0\xc02\xc0@\xbe\xef'\
\x22\x22\xa2\x82\xf4\xc3\xb6r:\xfd\xefPy\x17\x00\xed\
WJ\x9f\x08\xee\xcb\xf7\xfdDDDT\x00A\xab\xb4\
\xb4\xf6\xe7\xfb\xf6\xbc\x0b\x00\x00\xb0m\xfb\xb6B\xdeO\
DDDy\xb2Q\xd0\x18\x5cP\x01p\xef\xa5\xe1'\
\xa1\xf0V!m\x10\x11\x11Q\xae\xe4\x0d4\xb7=S\
H\x0b\x05\x15\x00\x10Q\x02\xfc\xaa\xa06\x88\x88\x88(\
7J\xfdR\xa4\xb0\x8b\xc2\x0b+\x00\x00\xa4$}\x1b\
\x80t\xa1\xed\x10\x11\x11QVl\x08\xee(\xb4\x91\x82\
\x0b\x80\xfb/\xadx\x0f\xc0\x13\x85\xb6CDDD\xd9\
P\x8fJs\xdb\x8eB[)\xb8\x00\x00\x00%\x85m\
D \x22\x22\xa2,)g\xc6\x5cG\x0a\x00\x09Z\xf7\
\x03\xe8p\xa2-\x22\x22\x22\xca\xa8\x13\x83\xc9\xbc\x9f\xfd\
?\x94#\x05@\xebJI(\xc8=N\xb4EDD\
D\x19(\xdc%+\xd6\xc5\x9dh\xca\x91\x02\x00\x00L\
\x85\x9f;\xd5\x16\x11\x11\x11\x8d@\x9c\x1bk\x03N5\
\xf4\xeb\xcb\xac\x97/\xb8#\xf6$D\x9a\x9dj\xb3\xd8\
(ec\x7f\xf25t%\xde\xc1@j\x1f\x92\xf6\x00\
\xd4(Oi$\xec>$U?R*\x0e\xa5R\x19\
_+\x10T\x98u\xa8\x08\xd4\x22hDa\x22\x08\x11\
\x815$\x08\xe5u\x05\x84{\x02F\x08\x11\xb3\x02\xe3\
\xacFL\x89\xccE\xc8\xac\xd4\x1d\x89\x88\xa84\x08\x1e\
\x97\xa6\xb6W\x9cj\xce\xb1\x02\x00\x00\x04r\x8b\x02\xca\
\xae\x00\xd8\x1f\x7f\x0do\x0e<\x86\xf7b/\x22\x9e\xee\
q\xac\xdd\x80\x11@\xd8\x88\x22dF0\xa4\x860\x94\
\xdc\xe9X\xdb^\x101\xd0\x18\x99\x83\xd9\x95\xa7\xe0\xf8\
\xea\xa50\x8d\xa0\xeeHDD\xc5K\xa9[\x9cl\xce\
\xd1\x02@\x85\xac5H$\xde\x050\xc3\xc9v\xfd\xaa\
\xb2!\x8e\xce\x89\xbf\xc1c{_\x1b\xf5\x93~\xaeL\
1\x11\x0dT#dF\x1ckS\x07\xa5l\xec\x1a|\
\x1d\xbb\x06_\xc7\x9f\xbb\x1e\xc5\x92\xf1\x1f\xc7\x9c\xea\xd3\
 \x10\xdd\xd1\x88\x88\x8a\xcd6\xec\x09=\xe4d\x83\x8e\
\xed\x01\x00\x80\xd6\x95\x92V\xc0\xffw\xb2M\xbf\x9a\xb2\
\xb0\x07M\xd7\xbc\x89X\xf4UG\x07\x7f\xcb\x0c\xa3&\
\xd4P\xf4\x83\xff\x91\xfa\x93\x1d\xf8\xfd\xee\xdb\xb0n\xe7\
-H\xd8C\xba\xe3\x10\x11\x15\x17\xa5n\x91\x95\xad\x8e\
\x1e\xba\xe7h\x01\x00\x00\x96X?G)_\x13,\xc0\
\x09\xe7\xed\xc1\xa2O\xed\x80\x19tn\xe0\x07\x80\x8a@\
%\xc6\x05\xeb`8\xff\xc7\xe2\x1b;\x066a\xcd\xf6\
\xef\xa1/\xb5_w\x14\x22\xa2b1\x08+\xf4K\xa7\
\x1bu|\xa4\xb9\xfb\x12\xe9\x82Rw9\xdd\xae_\xcc\
i\xde\x87c\xcf\xdc\xe7x\xbba\xb3\x02\xd1@\xb5\xe3\
\xed\xfaQW\xe2}<\xfc\xde\xcd\x88\xdb\x83\xba\xa3\x10\
\x11\x15\x83\xdb\xe5\x8c\xd6N\xa7\x1bu\xe5\xa3\xa6m\xca\
\xcd\x80\x83\xf3\xe2>\xd18\xbf\x17s\xcf\xd9\xe3x\xbb\
A#\x84\xaa`\x8d\xe3\xed\xfaYwb7\x1e\xdf\xb5\
\x1a\xb6\xb2uG!\x22\xf2;W\x96\xd6])\x00\xee\
\xbb8\xb4\x19\x22\xbfw\xa3m]\x82a\x1b\x0b\xcf\xdf\
\x09q\xf8;&\x10T\x97\xd9\xe0\x7f\xd0{\x03[\xf0\
j\xcf\x93\xbac\x10\x11\xf9\xd9\x13\xd2\xec\xdc\xa3\x7f\x87\
rm\xb1Ylg\x1fW\xd0mN\xcb>X\x15\xce\
_z\x18\x09Da\x88\xe9x\xbb\xc5\xe2\xa5\x8e\x07\xb9\
)\x90\x88(#u\xb3[-\xbbV\x00\xcc{\xcbj\
\x07\xb0\xc5\xad\xf6\xbddU\xa6p\xcc\xe9\xceoZ\x13\
\x08\x22e~PN,\xdd\x87\xcd\xdd\xbf\xd3\x1d\x83\x88\
\xc8\x8f^E\xd3\xa2\x07\xddj\xdc\xb5\x02\xe0\xfa\xeb\xc5\
\x86\xc8\xf7\xddj\xdfK\x93\xe6\xf7:\xbe\xe3\x1f\x18~\
\xe4\xcfpzM\xa1\x08\xbd\xd9\xf7\x92\xee\x08DD>\
\xa4n\x10\xb9\xde\xb5\x8dR\xae\x8e>\xb5\xfd\xc1\xbb\x00\
ls\xb3\x0f/4\xce\xebs\xa5]\xcb\x08\xbb\xd2n\
\xb1\xe9\x8c\xefDOr\xaf\xee\x18DD>\xa2\xde\x86\
\xdd\xfbk7{p\xb5\x00X\xbdJ\x92\x0a\xc5=\x0b\
 \xa6B\xfd,w\x8e5\xb0\x0c\xcb\x95v\x8b\xd1{\
\x03\x9buG \x22\xf2\x11\xe3{\xd2\xb2>\xe5j\x0f\
n6\x0e\x00\x03\x9d\xc1[\x01\xbc\xefv?n\xa9\xa8\
M\xc0\x088?\x03c@\xcaz\xf3\xdf\x91\xba\x12\xbb\
uG \x22\xf2\x8b]\xb0\xbbow\xbb\x13\xd7\x0b\x80\
u\x9f\x97\xb8\x82\xfa\xa1\xdb\xfd\xb8%T\xe9\xfc\xce\x7f\
\x00\x10\x83\x83\xff\xa1biw\x96Y\x88\x88\x8a\x8e\xe0\
\xfb\xd2\xb2>\xe6v7\x9e\xec@\x8b\xd8\xa1\x9fA)\
\xe7\x8f\xcf\xf3\x80i\xb9\xb3\xff\xc2\xe0\x858\x87I\xda\
\xae\xff]'\x22*\x06\x1dH[?\xf7\xa2#O\x0a\
\x80;.\x97\x01\x81\x14\xe5\xb9\x00n\x0d\xd3\x8a\x05\xc0\
aJ\xee\xd8H\x22\xa2\xbc\xa8\x1fIKk\xbf\x17=\
y\xf6\x0c\x9a\x0aY7\x03\xe8\xf6\xaa?\x22\x22\xa2\x22\
\xd3\x0b\xdb\xf8\xb1W\x9dyV\x00\xb4\xae\x94\x1e%\xe5\
qUp9\xb0\xcc0fW\xcf\xc7\xc2\xf1g`^\
\xedbL\x88L\xd1\x1d\x89\x88\xa8\xc8\xa9\x1fJ\xcb\x1a\
\xcf>(\x07\xbc\xea\x08\x00,X?H\x22q\x15\x80\
Z/\xfb%\xe7\x8c\xb3\xea\xd0<\xe9\x138\xb1\xeeT\
\x98r\xf8_\x9f\xce\xf8^<\xbd\xebA\xfc\xa5\xf3y\
pR\x9f\x88('\xfb\x11J\xde\xe8e\x87\x9e\x1eC\
w\xf7%\xd2%\x82\xefy\xd9'9gF\xd5\x5c|\
\xee\xf8o`\xe1\xf83\x8e\x1a\xfc\x01\xa0.4\x01\x9f\
8\xe6\x0a\x9c?\xf3s\x08\x18A\x0d\x09\x89\x88\x8a\x94\
\xc8\x0dr\xda\xba^/\xbb\xf4\xfc\x1c\xda\x8a\x84u\x13\
\x80\x1d^\xf7K\x85\x99U=\x1f\x17\xcf\xbe\x16\x91\xc0\
\xd8w\x17\xcc\xaf]\x82\x8fN\xbf\xdc\x83TDD%\
a'\x02\xc1\xff\xf6\xbaS\xcf\x0b\x80_~Vb\x10\
\xf9\xb6\xd7\xfdR\xfefU\xcf\xc7\x85\xb3\xfe)\xa7O\
\xf5'\xd5\x9d\x86\xe3\xc6-t1\x15\x11Q\xa9P\xdf\
\x943Z=\xbf\x16U\xcfM4\xc1\xe0\xad\x00^\xd5\
\xd27\xe5dv\x1e\x83\xffAgL\xfc\xb0\x0b\x89\x88\
\x88J\xcaV\xd8\xbd\xae\x9f\xfa7\x12-\x05@\xebJ\
I+\xc1\xb7t\xf4M\xd9\x9b]=\x1f+\xf3\x1c\xfc\
\x01`jt\x16\x22\x81\xa8\xc3\xa9\x88\x88J\x88\xc8\xd7\
\xdc>\xf3?\x13mw\xd1\xde{\xb1u/\x80\x17t\
\xf5O\xa3\x9bU\xe0\xe0\x0f\x00\x22\x06j\xacz\x07S\
\x11\x11\x95\x94\x97\xb0|\xcd\xfd\xba:\xd7w\x19\xbd\x88\
R\xca\xfe\x8a\xb6\xfe)\xa3B\xa6\xfd\x8fd\x88\xbe\xbf\
bDD\xbef\xe3\xab\x22\xfa\x9e\x99\xd6\xfa\xd3\xf9\xde\
\xcb\x22\xeb\x01y\x5cg\x06:\x5c\xa1\xd3\xfeG\xeaI\
t:\xd2\x0e\x11Q\x89yTZ\xda\xb4\x8e\x7f\xda?\
\x9e\xd9\x86\xfa\x12\x00w\xae\xdc\xa3\x9c8=\xf8\xef\x8b\
\xbd\x8f\xfed\x8f#m\x11\x11\x95\x90\x14L\xfbK\xba\
Ch/\x00\xee\xbb8\xf4\x17\x05\xf9\x99\xee\x1c\xe5\xce\
\x895\xff#\xbd\xb8\x97\x93;DDG\x11\xb9Y\x96\
\xad\xdd\xac;\x86\xf6\x02\x00\x00,\x09~\x03P\xfbu\
\xe7(WN\xae\xf9\x1f\xb4\xa3\xffM\xfc\xb9\xe3Y\xc7\
\xda#\x22*\x11{\x91\xc6\x7f\xea\x0e\x01\xf8\xa4\x00\xb8\
\xfb\x12\xe9\x12\x18\xdf\xd0\x9d\xa3\x1c9=\xed\x0f\x0c\xdf\
\x09p\xef;?\x83\xadl\xc7\xda$\x22*\x0d\xf25\
//\xfc\x19\x8d/\x0a\x00\x00\x98\xf7fp5\x04/\
\xe9\xceQN\xdc\x98\xf6\xef\x8c\xef\xc5\xed[\xbf\xcf\xb5\
\x7f\x22\xa2\xa3mD\xd3\x87n\xd3\x1d\xe2 \xdf\x14\x00\
\xd7_/\xb6\xb2\x8dk\xc1k\xe4<\x91\xcf\xf1\xbec\
98\xf8\xf7%}Q\xdc\x12\x11\xf9\x89\x82\xc2\xb5\x22\
\xd7\xfbfj\xd47\x05\x00\x00\xdc{Y\xf09Q\xb8\
[w\x8eR\xc7\xc1\x9f\x88\xc8cJ\xdd%g\xb6=\
\xad;\xc6\xa1|U\x00\x00\x80J%\xff\x05\x80\xa7W\
\x22\x96\x13\x0e\xfeDD\x9e\x1bD@}]w\x88#\
\xf9\xae\x00h\xfdl\xe5n\x11|Gw\x8eR\xc4\xc1\
\x9f\x88H\x8bo\xc9\xb2\xb5\xdbu\x878R@w\x80\
\x91\xa8\xa0u#\x12\x89K\x01\x9c\xa8;K!\xa6D\
g\xe2\xd4\x86\xb30\xbbz>*\x83\xe3\x10O\xc7\xb0\
k\xf0]\xbc\xdc\xf1,6u\xfd\xd1\xd3,n\xed\xf6\
\xe7\xe0OD4\x0a\xa5^Fe\xe3M\xbac\x8c\xc4\
\x97\x05@\xebJI\x5cpW\xe2J(\xf5\x1c\x00S\
w\x9e\x5c\x05\x0d\x0b\x9f\x9cy\x15N\x9bx\x0e\x04r\
\xd8\xd7&U\xcc\xc0\xa2\xfa&\xbc?\xb8\x0dm\xdb~\
\x81\xfd\xb1]\xae\xe7\xe1\xe0OD\xa4E\x0a\xa6q\xa5\
,^\x9d\xd4\x1dd$\xbe[\x028\xa8\xf5\x12\xebE\
\x88\xfcXw\x8e\x5c\x05\x8c \xae\x9a\xf7\x9f8}\xe2\
\xb9G\x0d\xfe\x87\x9a\x5cq\x0c\xae\x98\xfbUL\xaf\x9c\
\xe3j\x1e\x0e\xfeDD\x9a(\xdc(\xcb\xd7l\xd0\x1d\
#\x13\xdf\x16\x00\x00\x10\xeb\x0f~M\xa5S\x03\xbas\
\xe4\xe2\x1f\x8e\xf9G\x1c[\x9d\xdd\xcaE\xc8\x8c\xe0\xa2\
c\xafu\xad\x08\xe0\xe0OD\xa4\xcd6\xc4\x87\xfe]\
w\x88\xd1\xf8\xba\x00X\xbbJ\x06\x07;\xf7\xfcIw\
\x8el5\x84'c\xe9\xc4\xbf\xcb\xe9=\x96\x11r\xa5\
\x08\x98]}\x22\x07\x7f\x22\x22md\x95\x9c\xf7\x98\xaf\
?\xc0\xfa\xba\x00\x00\x80D\x7f\xcf>\xdd\x19\xb2\xb5\xb8\
\xa1\x05\x86\xe4\xbee\xc12B\xb8\xf8\xd8/\xe0\x98\xaa\
\xe3\x1d\xc91|\xc2\xdf\xd5\x1c\xfc\x89\x88\xf4\xb8]\x9a\
\xd7<\xa6;\xc4X|_\x00\x14\x93B\x06\xf0\xa0a\
\xe1\xc2\xd9\xff\xb7\xe0\x99\x80\xd9\xd5'\xf2Q?\x22\x22\
}: \xd6\xbf\xe8\x0e\x91\x0d\x16\x00\x0e\xaa\x0cT\x17\
\xf4\xfeB\x97\x03\x86\xa7\xfd\xf9\xc9\x9f\x88H\x1fu\xad\
4\xb5\x16\xc5\xcc5\x0b\x00\x07\x0d\xa5\x0b_\xee9\xb8\
\x1c0\xa3jnN\xef\xe3\xb4?\x11\x91f\x0ak\xa4\
\xb9\xfd.\xdd1\xb2\xc5\x02\xc0A\xef\x0d\xbc\xe5H;\
A\xc3\xc2E\xb3\xaf\xc9\xba\x08\xe0\x09\x7fDD\xda\xed\
E\xd0X\xa5;D.X\x008hc\xc73\x8e\xb5\
\x154B\xf8\xd4\xeck0\xad\xf2\xd8Q_\xc75\x7f\
\x22\x22\xed\x14D]!K\x1f\xd8\xab;H.X\x00\
8\xe8\xdd\xbe\xd7\xf1J\xe7\x0b\x8e\xb5wp9 S\
\x11\xc05\x7f\x22\x22_\xf8\xa94\xb5?\xa4;D\xae\
X\x008\xec\xee\xb7~\x84\x8e\xd8\x1e\xc7\xda\xcbT\x04\
p\xf0'\xf2\x96\x04\xc30\xa3u\x9e\xf6i\x84\xaa`\
\x84\xaa<\xed\xd3\x8c\xd6A\x02aO\xfb,j\x82\xb7\
`[\xff\xa6;F>X\x008l \xd9\x8b[6\
\x7f\x05\x9dqg\x8b\x80K\x0e\xd9\x18\xc8\x0d\x7fD\x1e\
\x13Ad\xca\x22D\xa6\x9d\x0a\x09\x84<\xea\xd3@d\
\xea)\x88L[\x021\xbc\xb9\x12E\x02!D\xa6.\
Ad\xda)\xc0(G\x99\xd3\x07R\x10\x5c\x22-\xad\
\xfd\xba\x83\xe4\x83\x05\x80\x0b:\xe3{\xf1\xe3\xcd_G\
W\xdc\xb9'A\x0e\xee\x09X\xda\xf8w\x5c\xf3'\xf2\
X\xa8a.\xcc\xca\x86\xe1\x01r\xdabx18\x86\
\xa7,\x84\x11\x19\x07#\x5c\x85\xd0\xa4\x05\xae\xf7\x07\x11\
\x84\xa7,:0\xd3Q\x8f\xd0\x84\xdc\x9eD*O\xea\
\xdb\xb2\xbc\xcd\xb9u_\x8f\xb1\x00p\xc9\xfe\xd8.\xdc\
\xb4\xe9_\x1d\x9f\x09\xf8\xdb\xc9\xe7s\xf0'\xf2\x90\x19\
\xad\x875\xe1\xb8\xc3\x7f\xdf0\xfa\xe6\xdcB\x05j\xa6\
 X3\xfd\x83\xdf\x07k\xa7#X3\xcd\xd5>\xad\
\xfa9\x08TM\xf8\xeb\xef\x1b\x8eC\xa0\xb2\xc1\xd5>\
\x8b\xdc\x06D\x1b\xbf\xa3;D!X\x00\xb8\xa83\xbe\
\x177orv9\xc0I\x1c\xfc\x89F7\xfc\x89\xff\
\xe8\xe9\xf0\xd0\xc4\x13`F\xeb]\xe9\xd3\x08U\x22<\
\xf9CG\xfd\xf7\xd0\xe4\x85\xae\xed\x070\xa3\xe3\x11\x9a\
p\xc4I\xa6\x22\x08O=\x85\xfb\x01F\xd6\x0b\xa4/\
\xf2\xeb5\xbf\xd9b\x01\xe02\xbf\x16\x01\x1c\xfc\x89\xc6\
 \x82\xc8\xb4L\x03\xe0\xc1\xaf9\xbc\x1f@\x0cD\xa6\
.\x86\x18\x81\x11\xbed\xba\xb2\x1f\xe0\x83e\x0d9z\
Y#S\x01D\xeaji~\xf0\x0d\xdd)\x0a\xc5\x02\
\xc0\x03~+\x028\xf8\x13\x8d-4a.\xcch\xe6\
)p\x09\x84\x11\x9e\xbah\xc4\x813_\xe1\xc9\xc3\xeb\
\xfe\x99\x0c\xef\x078\xc9\xb1\xfe>X\xf7\x1f\xe5S\xfe\
\x91K eO\xe1\x96b:\xedo4,\x00<\xe2\
\x97\x22\x80\x83?\xd1\xd8\x86\xd7\xf9\xc7\x1e\xf4\x02\x95\x13\
`\xd5;\xb3\x1f P3\x05\xc1\xda\xe9c\xbe.X\
;\xc3\xb1\xfd\x00G\xae\xfbg\x12j\x98\xcb\xfd\x00\x00\
\x00\xf9#\x06\x13_\xd6\x9d\xc2),\x00<\xa4\xbb\x08\
\xe0\xe0O4\xb6\x5c\xa7\xbdC\x13N\x80Y1\xbe\xa0\
>\x0d+:\xe2\xba\x7f\xc6>\x1d\xd8\x0f`Fj\xb3\
\xdf\xe9\xcf\xfd\x00\x00\xd0\x0d\xa4/\x94\x15\xeb\xe2\xba\x83\
8\x85\x05\x80\xc7\xfeZ\x04x{b$\x07\x7f\xa2,\
\xe43\xd0\x1d\xdc+`Zy\xf6i 2}\xc9\x88\
\xeb\xfe\x99\xdfb\x222}q\xde\xfb\x01\xc4\xb4\x10\x9e\
\xbe\x18\x90\xec\x87\x802\xdf\x0f\xa0\xa0p\x854\xaf}\
Gw\x10'\xb1\x00\xd0\xa03\xbe\x17?\xd9r\x1d\xba\
\x13\x1d\x9e\xf5\xc7\xc1\x9fhl\xf9>\xfa&\xc1\x08\xc2\
\xd3\x16\xe5\xd5gx\xd2\x02\x18\xe1\xcc\xeb\xfe\x99\x18\xa1\
\xea\xbc\xf7\x03\x84\xa7\x9e\x0c#X\x91\xf3\xfb\xcav?\
\x80\xc2\x0f\xe4\xcc\xb6\x07t\xc7p\x1a\x0b\x00M\xba\xe2\
\xfbp\xfb\xd6\xef\xbb^\x04p\xf0'\xcaN\xa1\x87\xdf\
\x04*'\xc2\xaa\x9f\x93\xdb{\xc6MA\xb0nF\xde\
}\xe6\xb3\x1f\xc0j\x98\x83@Uc\xde}\x86\x1aF\
\xdf\x1cY\x82\x9eG\x83u\x9d\xee\x10n`\x01\xa0Q\
O\xa2\xc3\xd5\x22\x80\x83?Qv\x86\x8f\xc0-|z\
{\xf8|\x80\xec\xee\x0b\xc8u\xdd?c\x9f\x93\x17\xc0\
\x08Uf\xf5Z\xb3\xa2\xf6\xe8\xe7\xfds%.=\x02\
\xe9O{`\x9b\x17\xc8\xfc\xd6\x84\xee n`\x01\xa0\
\x99[E\x00\x07\x7f\xa2,\x89 <u\xf8\x08\x5c'\
\xda\x8aL]<\xf6~\x001\x10\x9e\xbe\x04bf\xbf\
\xee\x9f\xb9\xa9\x00\x22\xd3\x96\x00c\xec\x07\x103\x88\xf0\
\xb4\xdc\xd6\xfd3\xb6\xe5\xe1\x91\xc8\x1a%!\xc6\x85\xd2\
r\xff{\xba\x83\xb8\xa5\xf0\xbf}T\xb0\x83E\xc0\xe5\
\xc7}\x195Va\xbb\x89\x01\x0e\xfeD\x07\x89\x18c\
N\xcb\x1b\xe1*\x04*\xc7~\x14.\xeb>\x83\x11D\
\xa6/A\xaa/\xf3F_3Z\x073\x8fu\xffL\
\x8cp5\x22\xd3\x16#=\xd0\x99\xf15\x81\xaa\x09y\
\xad\xfbgbF\xeb\x11\x9ez2\xecX\xdf\xa8\xaf\x13\
\x07\x0a\x0e-\x94\xfa'i~\xe0zZVl\x00\x00\
\x0b6IDATI\xdd1\xdc\xc4\x02\xc0'\x9c*\
\x028\xf8\x13\x1dB\x0c\x84\x1a\xe7y\xde\xad\x19\xadw\
\xed\xa8\xe0L\x02U\x8d\x05\xad\xed\xe7\xc3\xed\xfb\x09\xb4\
Q\xb8Q\xcel\xff\xb9\xee\x18n+\xd2\xd2\xac4\x15\
\xba\x1c\xc0\xc1\x9f\x88\xa8P\xf2[\xa8\x9e\x7f\xd5\x9d\xc2\
\x0b,\x00|&\xdf\x22\x80\x83?\x11Q\xc1\xb6\xc2H\
^(-\xebS\xba\x83x\x81\x05\x80\x0f\xf5$:p\
\xe7\x1b\xff/\xeb\x22\xa0#\xb6\x9b\x83?\x11Qaz\
a\xda\xe7\xcb\xf2\x87\xbat\x07\xf1\x0a\x0b\x00\x9f\xea\x8a\
\xef\xc3\xad\xaf\xdd\x80\xb7z7\x8d\xfa\xbaW\xbb7\xe0\
\x17\xaf\x7f\x97\x83?\x11Q\xfe\xd2\x10u\xb1,[\xbb\
Yw\x10/q\x13\xa0\x8f\x0d\xa6\xfap\xf7\x9b7a\
z\xe5q8\xb1v\x09&U\xcc@$P\x89\xc1T\
\x1fv\x0e\xbc\x83M]/`\xe7@I\x9dLID\
\xa4\x81\xfa\x924\xb5?\xa4;\x85\xd7X\x00\x14\x81\xed\
\xfd[\xb1\xbd\x7f\xab\xee\x18DD\xa5\xe8\x07\xd2\xdc~\
\x93\xee\x10:p\x09\x80\x88\x88\xca\xd5\xaf\xd1t\xf2\xbf\
\xe9\x0e\xa1\x0b\x0b\x00\x22\x22*?\x82\xf5\x18H|Z\
\xe4z[w\x14]X\x00\x10\x11Q\xb9\xd9\x84\xb4\xfc\
\x83\xacX\x17\xd7\x1dD'\x16\x00DDTNv\x02\
X!-k\xca\xfe\xd1)n\x02\x1c\x83R\xae\xb5\xec\
V\xc3EI\xa4\xa4/\x15!\x22\x7f\xe8\x81\xa8\x15\xd2\
\xd4\xbeCw\x10?\xe0\x0c\xc0\x18\xd2\x09w\xbeE\xca\
\xbd\xca\xa2(\x05\xc5\x81\x9b\xd8\x88\x882\x8b\xc16>\
*M\xed\x7f\xd1\x1d\xc4/X\x00\x8ca\xa8'\xe8J\
\xbb\xb6Js\x0e\xe0\x10\xd1`\xad\xee\x08DT\xba\x92\
\x80\xbaPZ\x1exFw\x10?a\x010\x86Xo\
\x10\xc9\x98\xf3\xdf&\x05\x05\xa5\xd2\x8e\xb7[\xac\xea\x82\
\x93uG \xa2\xd2\x94\x86\xa8\xcb\xa5\xb9\xbd]w\x10\
\xbfa\x010\x06e\x03{^\xabv\xa5\xed\xb8\x1ds\
\xa5\xddb#\x10L\x8f\x9e\xa8;\x06\x11\x95\x1e\x1b\xa2\
>#M\xed\xf7\xe8\x0e\xe2G,\x00\xb2\xb0{\x8b;\
\x05@\x22\xcd\x02\x00\x00\x1a#\xc7\x22\x12p\xe7{L\
DeK\x01\xb8Z\x9a\xda\xef\xd4\x1d\xc4\xafX\x00d\
a\xdfk\x95H\xf4;\xff\xc0D\xc2N\xc0\xe62\x00\
\x8e\x1bw\xba\xee\x08DTZ\x14\x80k\xa4\xb9\xed\xbf\
u\x07\xf13\x16\x00YH%\x0dl\xfd]\x83\x0b-\
+\xf4\xa7z]h\xb7x\xd4Z\x8d8\xae\xea\x0c\xdd\
1\x88\xa8\xb4|U\x9a\xdb~\xa2;\x84\xdf\xb1\x00\xc8\
\xd2\xb6\x17\xeb0\xb0?\xe4x\xbb\x89\xf4\x10Rv\xc2\
\xf1v\x8b\xc5i\x0d\x9f\x84!\xfckHD\x8e\xb9N\
\x9a\xdb\xbe\xa7;D1\xe0O\xde,\xa9\xb4\xe0\x8fw\
LG\xca\xe1'\x02\x14\x80\x9ed7lU~\xc7Q\
\x9fT{6\xa6G\x17\xe8\x8eAD\xa5B\xf0\x1f\xd2\
\xdcv\x83\xee\x18\xc5\x82\x05@\x0e\xfa\xf6\x86\xb0\xf1\xde\
\xa9pz\xac\xb6U\x0a\xbd\xc9Ng\x1b\xf5\xb9\xa9\xd1\
y8\xad\xfe\x93\xbac\x10Q\xc9P\xd7KS\xdb\xb7\
t\xa7(&,\x00r\xb4{s56\xdc3\xcd\xf1\
\x13\x02\x93v\x02=\x89\x8e\xb28!pFt\x01\xce\
\x99\xb4\x8aS\xffD\xe4\x04\x05\x91/Js\xfb\xbf\xeb\
\x0eRlx\x17@\x1ev\xbd2\x0e\x83\x9d!,\xb9\
\xf4]Dj\x92\x8e\xb5\x9b\xb0\xe3\xe8J\xec\xc38\xab\
\x0e\xa6\x94\xde\x1f\x8d\x88\x81Eu\x1f\xc1\xe2\xf1\x1f\x05\
\xc0\xb3\xff\x89\xa8`i@VI\xd3\x9a[u\x07)\
F\xfc\x08\x96\xa7\x9e\x9da\xfc\xfe\xc69\xa8\xee<\x1b\
\x96\x11u\xac\xdd\xb4J\xa1+\xbe\x0f}\xc9n\xd8(\
\x9d}\x01S*N\xc0\xff\x99\xfeu,\x1e\xff1p\
\xf0'\x22\x07\xa4\x01\x5c!\xcd\x1c\xfc\xf3Uz\x1f3\
=\x94N\x18\xa8\xec^\x8asO\xba\x02\xdb\x07\x9f\xc6\
\x8e\xa1\xe7\xb1'\xf6\x0al\xa4\x0ajWA!\x96\x1e\
D<=\x84\x90\x19\x81e\x86a\x19!H\x91\x0d\x9c\
\xe3\x82\x13pL\xd5\xc9\x98]\xb9\x08\x0d\xe1\x99\xba\xe3\
\x10Q\xe9H\x00\xea\x22in\xbf_w\x90b\xc6\x02\
\xc0\x01!\xa3\x0as*W`N\xe5\x0a\xa4\xec!\xf4\
$\xb7c\xc0\xde\x8fD\xba\x7f\xd4\x0f\xbb\xb6J!n\
\xf7 \xa9\x06`\xdb\x09(\xc9\xbc\xfeo\x22\x80H\xa0\
\x1eas\x1c\x82\x12\x02 \xa8\x08\x00\x15\x96\xf3\xff?\
\x85\x08\x88\x85\xb0Y\x85\x9aP#\xaa\x02\xe3u\xc7!\
\xa2\xd23\x08\xc1\xf9\xd2\xd4\xfe\xa8\xee \xc5\x8e\x05\x80\
\xc3\x02F\x04\xe3Cs1\x1es]\xef\xab&,\xa8\
\x8d\xb8\xde\x0d\x11\x91_\xf4\x02\xeac\xd2\xd4\xfe\x94\xee\
 \xa5\x80\x05\x00\x11\x11\x15\x83]\x80\xfa\x884\xb7o\
\xd4\x1d\xa4T\xb0\x00 \x22\x22\x7fS\xd8\x8c\x80\xbdB\
\x96\xad\xdd\xae;J)\xe1S\x00DD\xe4g\xbf\x87\
\x92e\x1c\xfc\x9d\xc7\x19\x00\x22\x22\xf2'\x85{\xa1z\
.\x93\x96\xf5\xbc;\xdd\x05\x9c\x01 \x22\x22?\xba\x19\
\xcd'_\xc8\xc1\xdf=\x9c\x01 \x22\x22?I\x03\xb8\
v\xf8:\xdf6\xddYJ\x1a\x0b\x00\x22\x22\xf2\x8b~\
@]\x22\xcd\xed\xed\xba\x83\x94\x03\x16\x00DD\xe4\x03\
\xeam\xd8\xe6'\xa4\xe5\x81M\xba\x93\x94\x0b\xee\x01 \
\x22\x22\xdd\x9eB\xc0<\x9d\x83\xbf\xb7X\x00\x10\x11\x91\
Fj5\xa2\x13\xcf\x96\xa5\x0f\xec\xd5\x9d\xa4\xdcp\x09\
\x80\x88\x88t\x88\x03\xeajin\xff\x85\xee \xe5\x8a\
\x05\x00\x11\x11yL\xed\x03\xf0Ii\xe6\x99\xfe:\xb1\
\x00 \x22\x22/m\x84\xa9\xfe\x9e'\xfb\xe9\xc7=\x00\
DD\xe4\x0d\xc1\x1d\x08ZK9\xf8\xfb\x03g\x00\x88\
\x88\xc8m\xbd\x10\xb5J\x9a\xda\xef\xd1\x1d\x84\xfe\x8a\x05\
\x00\x11\x11\xb9H\xfe\x04\xdb\xbePZ\xda\xdf\xd4\x9d\x84\
\x0e\xc7%\x00\x22\x22r\x89Z\x8d\x81\xf8\x19\x1c\xfc\xfd\
\x893\x00DD\xe4\xb4^@>'\xcdm\xbf\xd1\x1d\
\x842c\x01@DDNz\x09F\xe0BY~\xdf\
\xdb\xba\x83\xd0\xe8\xb8\x04@DDNHC\xc9wQ\
o-\xe5\xe0_\x1c8\x03@DD\x85z\x07P\x9f\
\x913\xdbx\xb0O\x11\xe1\x0c\x00\x11\x11\xe5K\x01j\
5lk\x01O\xf5+>\x9c\x01 \x22\xa2|\xec\x86\
a|N\x96?\xf0\xa0\xee \x94\x1f\xce\x00\x10\x11Q\
nDZ\x914N\xe4\xe0_\xdc8\x03@DD\xd9\
\xea\x86\xa8k\xa4\xa9\xedN\xddA\xa8p\x9c\x01 \x22\
\xa2\xb1\x89\xfa\x1f$\xd5\xf1\xd2\xd4\xce\xc1\xbfDp\x06\
\x80\x88\x88F\xf3\x0elu\xb5\xb4\xb4?\xa2;\x089\
\x8b3\x00DD4\x92\x14\x80\x9ba[\x0b8\xf8\x97\
&\xce\x00\x10\x11\xd1\x11\xe4O\xb0\xedU\xd2\xd2\xfe\x92\
\xee$\xe4\x1e\xce\x00\x10\x11\xd1A\x03\x00\xbe\x82=\xc1\
S9\xf8\x97>\xce\x00\x10\x11\xd1\x81G\xfbR_\x94\
\xb3\x1e\xdc\xa9;\x0ay\x83\x05\x00\x11Qy\xdb\x08\xa8\
/H\x13\x8f\xf1-7\x5c\x02 \x22*O\x1d\x80\xfa\
\x02\xf6XKx\x8coy\xe2\x0c\x00\x11QyI\x02\
\xf8)\x12\xd67\xe5\x9c\xd6\x1e\xddaH\x1f\x16\x00D\
D\xe5B\xf08\x80k\xa5\xa9m\x8b\xee(\xa4\x1f\x0b\
\x00\x22\xa2\xd2\xf7\x17\xd8\xf8\x92\xb4\xb4=\xae;\x08\xf9\
\x07\xf7\x00\x10\x11\x95\xaem\x80\xac\xc2\x1ek\x11\x07\x7f\
:\x12g\x00\x88\x88J\xcf\x0e@\xbe\x0d\xbb\xfb\x17\xd2\
\xb2>\xa5;\x0c\xf9\x13\x0b\x00\x22\xa2\xd2\xb1\x1f\xc0\x0f\
`\xf7\xdc$-\xebc\xba\xc3\x90\xbf\xb1\x00 \x22*\
~\x9d\x80\xdc\x82P\xfc\x87r\xda\xba^\xdda\xa88\
\x14A\x01\xa0\xfa\x01\xd1\x1d\x82\x88\xc8\x8f\xba \xb8\x05\
i\xb9QZ\xd6t\xeb\x0eC\xc5\xc5\xf7\x05\x80(\xbc\
\xa4\x04\x97\xeb\xceAD\xe4#{\x01\xf9)l\xfc\x88\
\x03?\xe5\xcb\xf7\x05\x802\x93w(\xdb\xfa\xa6\x00\xf5\
\xba\xb3\x10\x11\xe9\xa5\xde\x06p3\x82\xa1\xd5rF\xeb\
\x90\xee4T\xdc|\xff\x18\xe0\xb6\xf5?\xea\x16\xc3\xb8\
\x00@\x9f\xee,DDZ(\xf52\x80O\xc3\xee\x9d\
+\xcd\xed7q\xf0''\xf8\xbe\x00\x00\x80m\xeb\xff\
k\xbdi\x18\x8b\x00\xfc\x0a\xc0.\xddy\x88\x88<!\
X\x0f\xc1\x87\xe5\xcc\xf6\x0fIs\xdb\xed|\xa4\x8f\x9c\
\xc4\xddu\x05z~{\xfaV\x00W\xe8\xe8\xbb&,\
\xa8\x8d\xe8\xe8\x99\x8e4\xe1\xa9\x85\xeev\x10\x9d\x09\x08\
\xff\xb9\x96\x898D\xda\x91N\xffPZ\xd6>\xaf;\
\x0c\x95.\xdf\xef\x01 \x22*\x0f\xeam@V\xc3\xb6\
o\x95\x96\xb5\xfbu\xa7\xa1\xd2\xc7\x02\x80\x88H\x1f\x05\
\xc1\x13\xb0\xd5j\xec\x0d\xdd/+[\xd3\xba\x03Q\xf9\
`\x01@D\xe4\xbd^@\xdd\x03\x91\x9bx3\x1f\xe9\
\xc2\x02\x80\x88\xc8\x1b6\x80?\x00r;b\x83w\xc9\
y\x8f\x0d\xe8\x0eD\xe5\x8d\x05\x00\x11\x91\xbb\xb6\x02\xf2\
?@\xfaW\xd2\xbc\xf6\x1d\xdda\x88\x0eb\x01@D\
\xe4\xbc\x1e\x08~\x03\x85_Js\xdbs\xba\xc3\x10\x8d\
\x84\x05\x00\x11\x913\x92\x10<\x01\x85;\x10\xb4\x1e\xe0\
a=\xe4w,\x00\x88\x88\xf2\x17\x07\xf0\x18\xa0\xee\x83\
\x91n\x97\xe5\x0fu\xe9\x0eD\x94-\x16\x00DD\xb9\
\x89A\xa9\xc7!\xd2\x8a\x84\xd5&\xe7\xb4\xf6\xe8\x0eD\
\x94\x0f\x16\x00DDc\xeb\x83\xc2C0p\x1f*\xec\
\x87e\xf1\xdaA\xdd\x81\x88\x0a\xc5\x02\x80\x88hd\xaf\
@\xe1\x11\x88\xfd\x08\xea\xc3\xcf\xc8\xfc\xd6\x84\xee@D\
Nb\x01P\xc4\x94\xee\x00D\xa5\xa5\x1fJ\xad\x87\x18\
ka\xa6\x1f\x91ek\xb7\xeb\x0eD\xe4&\x16\x00\x05\
R@\x8f\xae+Z\x14+\x00\xa2B\xa4\x00\xd9\x08\xe0\
Q\x88\xfd\x08v\x87\x9e\xe7Q\xbcTNX\x00\x14H\
D=\x0b%_\xd4\xd1w,\xa5\xc0\x0b\x1d\x89\xb26\
\x08\xc1\x8b\x00\x9e\x82\x92ga\xda\x7f\x90em}\xba\
C\x11\xe9\xc2\x02\xa0@CS\xcd\xb6\xf0\x0e{\x93\x00\
'z\xddw\x22\x0d\x0c&\x15*\x82,\x02\x88F\xd0\
\x0b\xc1\x8bP\xf2,l\xf5\x0c\x86\x12O\xcb\x8auq\
\xdd\xa1\x88\xfc\x82\x05@\x81ZDR\xcf\xefP\xe7C\
\xd9\x8f\x02\x98\xe9u\xff\xfb\x06\x80\xc6J \xc4?I\
*o\xfd\x00^\x06d#\x94\xfa\x13\x0c\xbc\x80\xe5m\
\xaf\x8ap\xab\x0cQ&\xfc\xe8\xe8\x90\xe7\xdfP\xd5*\
d_c\x88Z\xa1\x944\xba\xd1\x87\x00\x15\x86\x81*\
(Xr\xd8\x9f\x9cB\x95e\xf4F-\x0c\x04M\xa4\
\xdc\xe8\x9bF7\xe1\x99\xbf9\x06v\xccp\xad\x83\xe8\
L@\xf8\xcf\xf5\x80\x1e\x00\x9b\x00l\x00\xb0\x01\xa6\xbd\
\x01\xef\x87_\xe3\xfa=Qn\xf8\x13\x85\xc8!\xea\xc1\
\x93ja\x1a\xf3\x91\xb6\xe7\xc1\xc0,(\x99\x0f\xa8y\
\x18\x9e\x19*\xec\xdfZy\x16\x00{\x01\xbc\x0e\xa8\xad\
\x80\xbc\x01\xb1_C2\xf8g9\xeb\xfewu\x07#\
*\x05e\xf7\x13\x85\xc8k\xea\xb7\xa7\x8cC,5\x17\
\xa2N\x80\xa8\xe3!\x98\x0b\x85Y\x80\x9a\x02H}V\
\x8d\x94n\x01\xd0\x03\xc8[\x80z\x03Jm\x85\xe0u\
(\xb5\x15\xca|CZ\xd6t\xeb\x0eGT\xcaJ\xf2\
'\x0aQ\xb1P\x0f\x1f\x1bB\xb2j<\xcc\xd4$\x00\
\xb3 2\x19\x82i\x10s9`\x1c\x03e\xd7@\xa5\
\xac\x22,\x00l\x00{\x00\xec\x04\xf0> \xdb\xa1\xd4\
.\x08\xde\x83\xc8N(y\x1f\xb1\x81\xedr\xdec\x03\
\x9as\x12\x95\xad\xa2\xfa\x89BT\x8e\xd4K\x1f\xab@\
_\xba\x1a0k \x81Z@\xd5@T-\x14j\x00\
\xd4@\xf0\xd7_\x1b\xa8\x81B\x15\x0en\xf0U\xa8\x84\
\xa8\xe0pKR\x01 t\xa0\xd9\x08\x80\xf0\x81_\xc7\
\x00\x1c\xbc\xb9.\x01\xa8\xe1AYI\x12\x82\xfe\x03\xff\
=\x0dA/ ]\x80\xea\x86\x8dn\x00\xdd\xc3\xbf\xff\
\xe0\xd7\xddP\xa9. \xdd\x8d\xaa\xa9\x1d\xb2xu\xd2\
\xc5o\x0b\x11\x15\xe8\x7f\x01\xeb.\x7f\xf2\xac@\xe7u\
\x00\x00\x00\x00IEND\xaeB`\x82\
\x00\x00\xec\x8b\
\x89\
PNG\x0d\x0a\x1a\x0a\x00\x00\x00\x0dIHDR\x00\
\x00\x02\x00\x00\x00\x02\x00\x08\x06\x00\x00\x00\xf4x\xd4\xfa\
\x00\x00\x00\x04sBIT\x08\x08\x08\x08|\x08d\x88\
\x00\x00\x00\x09pHYs\x00\x00\x0d\xd7\x00\x00\x0d\xd7\
\x01B(\x9bx\x00\x00\x00\x19tEXtSof\
tware\x00www.inksca\
pe.org\x9b\xee<\x1a\x00\x00 \x00ID\
ATx\x9c\xec\xbdy\x9ccWy\xe7\xfd=W\xbb\
T\xfb\xd6\xd5\xfb\xe6v\xe3\x95\xdd\x90\x10\x98\x98\xc1f\
3\x0e\xd8\x845\x01\x07&$\x93\x05\xec\x09\x99\x90\xf7\
%\xce$o\x12O&\xc90\xc3d\x92@\x08k\x02\
\x18\x1b\x13\xb3\xd8&\x040f\xf1\xeev\xefku\xf5\
R\xdd\xd5\xb5\xaf\xda\xef\xbd\xcf\xfb\x87\xa4*\x95JU\
Rm-\x95\xf4|?n\xabt\xee\xd1\xd1s\xa5\xab\
\xfb\xfb\xdd\xe7\x9c{\x8e\x11\x11\x14E\xb9|\xfc\xe8\xd9\
g\x01,\xc0\x88\x88\x01,\x11\xb1\x00K\xc0 \x92{\
4\xb9\xc7l\x1d\xb2\x8f\x060yu,2\xdbL\xb6\
\x1dS\xa4\xcel\xbb@a\xbd\xfcv\xb2\x8fE\xdfc\
\x81\xf8\xac\xecYd\xde\xfb\xcf\x89%\xb3-\x8dHR\
 \x85HB \x09L\x89\xc8\xc0\xfb\xde\xf6\xb6\xf4\xe5\
\xf9\x06\x14E\x81\xcc\x8f\xb2\xd21(J\xcd\xf3\xe3}\
\xfbx\xf5\x8b_\xccc\xcf=\x97\x13\xf3\x85\x04\xd2\x08\
P\xe3&\xc0\xe4\xbfG6\x1e\x11\x91\x11\xe0\x92\x88\xf4\
\xbf\xff\xb6\xdbb\x97\xe1kQ\x94\xbaF\x0d\x80\xa2\xac\
!?y\xfe\xf9\x9cp\x0b \xaf~\xf1\x8b\xe5\xb1\xe7\
\x9e+)\x90uj\x02\xf23\x22C\xc0\xa1\xf7\xdfv\
\xdb\xe8Z\x7fG\x8aR\xaf\xa8\x01P\x945\xe0\xa7\xfb\
\xf7\x1bD\xbc\x92I\xf5\xbbd\xaep]\xd4\x04,\xc5\
\x04\x00\x5c\x14\x91\x83w\xdc~\xfb\xf4\xda~c\x8aR\
\x7f\xa8\x01P\x94U\xe4g\x07\x0e\x18D\xfc\x02^\xc0\
%s\xe9/\x141\x01?\xde\xb7\xcf\x0fl\xca\xfe\xdb\
\x9c}\xec +\x84y\xcd\xe6?\x9fy\xcc\xfev\x8b\
n[\xe8uYq-\xdc6\xf3<'\xde\xcc\xb6=\
\xa7\xae,\xb6mn\xdb\x903\x0d\x99\x8d\x06\xc0\x15\x99\
t\x1cg\xd4\xb6\xed\xd1T*5\x96L$\xc6\x5c\xd7\
uJ\x98\x00D\xa4\x178p\xc7\xed\xb7\xdb(\x8a\xb2\
*\xa8\x01P\x94U\xe2g\x07\x0eX@\x84\x8c\x98\xb9\
\x92\x11\xfd9&@D\x9a\x80\xd7\x03\xbf\x04\xbc\x11h\
\xac\x5c\xc4UA\xdc\xb6\xedg\x92\xc9\xe4\x13\x13\x93\x93\
\xcf\xa6S\xa9\xf8\x02&\xc0\x12\x91\x09\xe0'w\xdc~\
\xbb\x8e\x0fP\x94U@\x0d\x80\xa2\xac\x02\x8f\x1f8\xe0\
\x03\x1a\xb2\xbf&\x01$\xdf\x04\xb8\xae\xfbb\xe0\xe3\xc0\
\xeb\x00_\xa5\xe2\xacrl\xc7q\x9e\x9f\x9c\x9c\xfc\xca\
\xc4\xe4d\x0f\xc5M@\x0a\xf8\xe9\x1d\xb7\xdf>\x5c\xd1\
H\x15\xa5\x06P\x03\xa0(+\xe4\x89\x83\x07C\x02\x0d\
d\x07\xfaeE_\x00q\x1dg\xa7\xc0\x1f\x01oc\
n\xca]Y\x18\xb1m\xfb\xa7c\xe3\xe3_\x8eF\xa3\
\xfdEL\x80\x00\xcf\xdcq\xfb\xedg*\x1a\xa5\xa2\xac\
s\xd4\x00(\xca\x0ax\xe2\xd0\xa1\x10\x22\xcdd\x84_\
\xc8\xf6\xf1\x0b\xe08\xce\xc7\x81\xdf!3\x1e@Y:\
N2\x99|\xf0\xd2\xc0\xc0\xbf\xb8\xae+\xcc\x1f\xfc\xf8\
\xc4\x1d\xb7\xdf~\xae\xb2!*\xca\xfaE\x0d\x80\xa2,\
\x93'\x0f\x1d\xf2Kf\xd0\x1ey\xc2/\xae\xebF\x5c\
\xd7\xfd4\x99t\xbf\xb2B\x1c\xc7y\xee\xd2\xc0\xc0\xdf\
\xa4R\xa98sM\x80\x0b\xfc\xf0\x8e\xdbo\xd7[\x05\
\x15e\x19\xa8\x01P\x94e\xf0\xe4\xe1\xc3\x1eD6\x92\
\x19\xe9\x9eI\xf9\x8b\xb8\x8e\xe3lwE\xbe\x08\x5cY\
\xe1\x10k\x0a\xd7u/\x8c\x8c\x8e\xfe\xc5\xf4\xf4t?\
sM@\x02\xf8\xf7;n\xbf=^\xd9\x08\x15e\xfd\
\xa1\x06@Q\x96\xc8S\x87\x0f\x1b`\x93\x80/\xdb\xef\
\xef\x0a\xb8\x8e\xe3lt]\xf7;@W\x85C\xacI\
Ddrhx\xf8\xbfF\xa3\xd1A\xe6\x9a\x8012\
\x99\x00\xa7\xb2\x11*\xca\xfa\xc2\xaat\x00\x8a\xb2\x0ei\
\x05\x82\x06,\x8c\xc9\x0dP\x8b\xb8\xae\xfbYT\xfc\xd7\
\x0ccLSG{\xfb\xff\xe3\xf3\xf9\x02\x80\x9b\xf9\xe8\
q\x8d1\xad\xc0\xde\xcaF\xa7(\xeb\x0f5\x00\x8a\xb2\
\x04\x9e>r\xc4c\x8ci#\xbb\x98O\xce\x04\xd8\xb6\
\xfd7\xc0u\x15\x0e\xaf\xe6\xb1,k[\xf7\x86\x0dw\
\xe6\x89\x7f\xeeq\xef\xe7\xbf\xfe\xf5@e\xa3S\x94\xf5\
\x85\x1a\x00EY\x1a\x9d\x80\xd7d\xaf\xfc\x01\x93N\xa7\
\x7f\x1d\xb8\xa5\xb2a\xd5\x0f^\xaf\xf7\x15\xdd\x1b6\xdc\
f\x8c\x11fM\x80e\x8c\xb9\xa6\xc2\xa1)\xca\xbaB\
\x0d\x80\xa2\x94\xc93G\x8f\xfa\xc9\xa4\xff\x0d\x19\xc11\
\x8e\xeb\xb6\x8b\xc8\x87+\x1cZ\xdd\x11\x0c\x06\xdf\x1e\x0c\
\x06\x9b\x0bL\xc0\xf6/<\xf0@C\x85CS\x94u\
\x83\x1a\x00E)\x9f\x0d\xc6\x18\x0f\xb3\xf3\xdf[\x8e\xe3\
\xfc6\xa0\xa2s\xf9\x09\xb6\xb5\xb6\xbe\x03\x90<\x13`\
\x01WW8.EY7\xa8\x01P\x942x\xe6\xe8\
Q\x0bh\x01LVh\x8cm\xdb\xdbE\xe4=\x15\x0e\
\xadn\xf1\xfb\xfd\xafo\x88D62\xd7\x04l\xfc\xc2\
\x03\x0fx*\x1d\x9b\xa2\xac\x07\xd4\x00(J\x19\x98\xcc\
U\xbe\x87\xdc\xe0?c,\xc7u?\x88\xce\xf2WI\
<\xcd\xcd\xcdo5\xd9i\x97\xb3&\xc02\xc6tV\
:0EY\x0f\xa8\x01P\x94r0\xa6\xd5\xe4\xa5\xfe\
\x01\x8f\x88\xbc\xb6\xc2Q\xd5=^\xaf\xf7\x15\xc6\xb2(\
0\x01\x1b+\x1d\x97\xa2\xac\x07\xd4\x00(J\x09\x9e=\
v\x0c\xa0\x15c<9\x13\x90N\xa7\xaf\x07\xda+\x1b\
\x99b\x8ciinj\xda\x831\x92g\x026|\xf1\
\x1b\xdf\xa8th\x8aR\xf5\xa8\x01P\x94\x12\x18\x88\x00\
\x01\xc0\xe4L\x80\xe3\xba7V:.%C(\x14z\
\xa5\x017\xcf\x04\x04\x8c1-\x95\x8eKQ\xaa\x1d5\
\x00\x8aR\x9a\x90\x99M\xfd\x1b\x8c\xf1\x88\xc8/T:\
(%\x83\xd7\xeb})\xc6P`\x02\x22\x95\x8eKQ\
\xaa\x1d5\x00\x8aR\x0ac\xfcdf\xfd\x9b5\x01\xb0\
\xb9\xb2A)9,\xcb\xea\x06\xa4\xc0\x04\x04+\x1d\x97\
\xa2T;j\x00\x14\xa54\x01\xb2\xb7\xfe\x190\xae\xeb\
F\x80p\xa5\x83Rf\x08e\xd7\x07\xc87\x01:-\
\xb0\xa2\x94@\x0d\x80\xa2\x94 {5ir&\xc0u\
]]\xf0\xa7\xca\x08\x04\x02m\xc6\x98\xcc\xb2\xcc\x19\x13\
\xa0\x06@QJ\xa0\x06@QJ\x130\xb3\xfd\xff\x96\
+\xa2\xf7\x99W\x19~\x9f\xaf\x8d\xcc\x1d\x009\x13\xa0\
]\x00\x8aR\x025\x00\x8aR\x0a\x83\x97\xdc\xca\x7f`\
\x10i\xactH\xca\x5c\x8ce\x85\xb3s\x00\xe4L\x80\
\xce\x06\xa8(%P\x03\xa0(%1\x16&s\xff\xbf\
\x99\x1d\x04\xa8T\x11\xd9/D\xf2L\x80T4 E\
Y\x07\xa8\x01P\x94\x12dF\xff\xcf\x9a\x00\xf4wS\
}d\x85\x9f<\x13P\xe1\x88\x14\xa5\xea\xd1\x13\x99\xa2\
\x94\xc6\xcc1\x01F\x13\x00UH\xbe\xf0k\x06@Q\
\xca@\x0d\x80\xa2\x94\xc6\x00\xd6\x8c\x09\xd0.\x80\xaa\xc3\
\xcc\xbf\xfaW\x03\xa0(%P\x03\xa0(\xa5\xc8K\xfd\
\xe7-\x08\xa4T\x173w\x00h\x17\x80\xa2\x94\x87\x1a\
\x00E)\x81)\xe8\xff7j\x00\xaa\x95|\x13P\xe9\
X\x14\xa5\xeaQ\x03\xa0(\xa51\x06\xe3\xc93\x01\xaa\
.\xd5Ff\xfa_\xc8\x9f\x0b@Q\x94EQ\x03\xa0\
(\xa5\xc9N\x03<\xc7\x04(U\x84\xc9L\xfe\xe3\x16\
\x98\x00EQ\x16A\x0d\x80\xa2\x94ff\x11\xa0<\x13\
\xa0T\x17Rh\x02*\x1b\x8e\xa2T?j\x00\x14\xa5\
\x04\xd9\xee\xe4\xbc\x95\x00\x8d\xfen\xaa\x91\xdcR\xc0\xb3\
&@Q\x94E\xd0\x13\x99\xa2\x94\xc4XF'\x01\xaa\
jLF\xf4%\xcf\x04h\x06@QJ\xa0'3E\
)\x8d\x95o\x02\x8c\xce3_\x9d\x14\x9a\x00EQ\x16\
E\x0d\x80\xa2\x94&B6\xf5o\x0cFD\x22\x95\x0e\
H\x99\x8b1\xa6!/\xfd/\x18\xa3\xcb\x01+J\x09\
\xd4\x00(\xca\x22\x1c\xec9\x154\x06?y\xfd\xff\x82\
4U:.e.\x96e5\x93I\xd1\xe4L\x80u\
\xdf#\x8f\xf8+\x1d\x97\xa2T3j\x00\x14eQL\
\x13`\xb2\xe9\x7f\x0b0\x224W8(\xa5\x00cL\
\xb3\x01\xb7\xc0\x04\x84*\x1d\x97\xa2T3j\x00\x14e\
q\x9as\xf3\xff\xe7L\x80\x88tU:(e.\xc6\
\x98\x8d\xd9\xbe\xff|\x13\x10\xact\x5c\x8aR\xcd\xa8\x01\
P\x94E0\xd0L\xde\x22@\xc6`\xc4u\xaf\xaat\
\x5c\xca\x5c,\xcbzQ\xde\x00\xc0\x9c\x09P\x03\xa0(\
\x8b\xa0\x06@Q\x16\xe0\xd0\xe9\x1e0t\x9b\xbc\xfe\xff\
\xb4mo\x10h\xabtl\xca<\xbaB\xa1\xd0\xa6\x02\
\x13\xd0\xf4\xf5\xef~\xb7\xd2q)J\xd5\xa2\x06@Q\
\x16\xc4l\x07Z1\x98\x9c\x09H\xa7\xedk+\x1d\x95\
R\x1c\xbf\xdf\xff\x12fg\x04\x14\x03A\x8cQ\xb3\xa6\
(\x0b`D\xf4v\xd9\xf5D\xff\xe8H\x93@7\xd0\
\x09t\x22\xd2\x01\xb4\x03Q`\x08\x18\x94\xcc\xe300\
\xb8\xb9\xbdC\xe7D_\x06\x87{O\x1b\x84\xb7\x0a4\
\x81d\x16\x97\x11dbj\xea\xe3\xae\xc8\x0b*\x1d\x9f\
2\x1f\x11yndt\xf4?!b\x00#`\x10I\
\x08\x1c\xba\xfd\xe6\x9b+\x1d\xde\xba\xe4/\xff\xfe\xef\x0d\
\x22\xcd\x02M\x884\x094g\x1f\x03\xc0\xb4\x88L\x02\
\x93\xd9\xc7\xb1\x8f\x7f\xf8\xc3\xf1\x0a\x87\xac,\x01o\xa5\
\x03PJ\xd3?:r5\xf0\xfa\xec\xbf\xeb\x0d \x90\
\x11%c\x04\x91\xdc\xeag\x99\xa5PA\xb2\xdb\x87/\
\x8c\x0c?\x8a\xc8\x0f\x80\x9fm\xee\xe8\xd4\x1fg\xf9\xec\
\xc2\xd0f\x04W0\x80\xb8\xa9tz\xab\x8a\x7f\xf5b\
\x8cyI$\x1c\xde\x1d\x8d\xc5z\x90\xec\xb7fL\xd0\
\x88\xb4\x03#\x95\x8eo\xbd\xf0W\x9f\xfa\x94\x1f\x91\xbd\
\x02\xd7\x18\xb8F\x8ci0\x22F\x8c1F\xc4\xca>\
\x1a\x01\x93\xf9Sf\x1e\xff\xec\x93\x9f<\x0b</\x22\
\xfb\xff\xe8#\x1f\xe9\xab\xf4\xbe(\x8b\xa3\x19\x80*\xe5\
\xd2\xd8\xe8F\xe0w\x04n\x01\xb6\x16\x88\xbc\xcb\xac\xc8\
\x0b0\xcf\x04\x14lw\x11I\x00O\x00\xf7o\xee\xe8\
\xfc\xc1\xe5\xdf\xa3\xf5\xc3\x91\xde^#\xc8/\x03Md\
\xae\xfc]\x01wrz\xfa\xfd\x8e\xe3\xdcX\xe9\xf8\x94\
\x85q]\xf7\xfe\xb1\xb1\xb1?\x13\xb0\xf22\x01ID\
\x0e\xdfv\xf3\xcdz\xb2[\x84\xbf\xfe\xf4\xa7\xaf\x01n\
@\xe4\x0a\x01?Y\x91/\xf2h\xcdy\x9e\xd1\x91\xdc\
cv\xbc\x0c\x88\xc8(\xf0\x9c\x88<r\xf7\x9dw\x8e\
Wp\xd7\x94\x05P\x03Pe\x5c\x1a\x1bm\x06~\x0f\
\xf8M2\xa3\x98g\x85|\xe5&@\xb2\x7f\xef\x03\xfe\
\xd7\xe6\x8e\xceg/\xef\xde\xad\x0f\x8e\xf4\xf6\xbe\x12x\
\xa10\xf3yJ*\x95\xde0\x1d\x8b\xfd\x09\x9a5\xab\
v\xd2\xf1x\xfc\x1d\xb1X\xac\xb7\xc0\x04\x0c\xdcv\xd3\
MzEZ\x84\xff\xf9\x8f\xff\xb8S\xe0\xf5\x88l\x93\
\xdc\xb8\xb0\x8c\xb8[\xab`\x02, -\x22\xff\x0e|\
\xe7\xee;\xef\x8cUj?\x95\xf9\xa8\x01\xa8\x12\x06\xc6\
\xc7\x82\x02\xbf\x8d\xc8G\xc9\xdczV\x5c\xc8\x8b\x98\x00\
7\x93\x83+\xb6}1\x13\xe0\x00?\x16\xf8\xe4\x96\x8e\
\xce\x13\x97wo\xab\x97#gz_\x09\xbc\x04\xc9\x19\
\xac\xcc\xe79>9\xf5{\xae\xebj\xfa\x7f\x1d \x22\
O\x8d\x8e\x8d}\x08\x11\x0aL\xc0\xa5\xdbn\xba\xe9B\
\xa5\xe3\xab\x16>\xf1O\xff\xd4\x8d\xc8M\x02W\x16\x08\
|I\x13`y<^\xc7\xb6e\x09&\xc0\x88H\x0c\
x\x08\x91\x7f\xbb\xfb\xae\xbb\xd2\x95\xdaoe\x165\x00\
U\xc0\xc0\xf8\xd86\xe0\x1b\xc0u\x92\x11\xf1|\x01\x9f\
\x11\xf2\xb4\xe3\x10\x8b\xc5\xbd\xb1D\xdcc\xdb\x8e\xe58\
\x99\x7fn\xe6G\x87\xc7\xe3q<\x1e\xcb\xf1X\x1e'\
\xe0\xf3\xa5\xc2\xa1P4\x14\x0c\xc4Y\xdc\x04\xd8\x02\x7f\
\xb9\xa5\xa3\xf3k\x15\xd8\xf5\xaa\xe2\xe8\x993?'\xc8\
K\x99\xc9\xa8d>\xb3\xe9x\xec\xe5\xc9d\xea\x83\x15\
\x0eOY\x02\xb6m\xff\xe1\xc4\xe4\xe4\xc3j\x02\x8a\xf3\
\xbf>\xfb\xd9\x97\x89\xc8\x9b\xc8|6V\xa1\xc0\x0bX\
\xc6\x18\xd3\xd6\xda\xba\xb9\xb5\xb5\xf5\x8aP0\xd8\xe9\xf1\
x\x22^\xaf7by<a\x03\x96\xeb\xba)\xc7q\
b\xb6m\xc7R\xe9\xf4\xf4\xc4\xc4\xc4\x85\xc1\xa1\xa1\xf3\
\xb1X,\xce\xc2&\xc0\x00\xe7\x11\xf9_w\xdfu\x97\
\x8e\xcb\xa80j\x00*\xcc\xc0\xf8\xd8\xab\x80\x07\x80\x0e\
\xb2\x02\x9do\x02\x1c\xc7a|j\xca\x13\x8d\xc5=\xc9\
Tj\xc9\xab\xd0Y\x96\xe5\x86\x82\x81Xc$2\x19\
\x0e\x85\xa6)n\x02D\xe0kd\x8c\x80\xb3j;\xb7\
\x8e8z\xf6\xcc\xcf!\xdc@\xdeU? \xc9dj\
\xe3t,\xf6QtR\x99\xf5F4\x91H\xbc/7\
 \xb0\xc0\x04\xf4\xdfv\xd3M\x17+\x1d`%\xf8\xdf\
\x9f\xfb\x9c\x85\xc8\xeb\x05^\xc6\xacH\x93o\x02\xba\xba\
\xbav\xb7\xb7\xb5]\x17\x0e\x87w[\x96\xb5\xe4\xe3>\
\x91L\x0eOLL\x9c={\xee\xdc\x91x<\x9e\xa4\
\xb8\x09\x98B\xe4\x93w\xdfu\xd7\xc9U\xdc=e\x89\
\xa8\x01\xa8 \x97\xc6F\x7f\x0d\xf8\x07cLn\xd1\x92\
\x99\xabt\xc7uel|\xc23>9\xe9qW\xe9\
;\x0a\xf8\xfd\xf1\xb6\x96\xe6\xe1P0\x18\xa3\xb8\x09x\
\x0a\xf8\xfd-\x1d\x9d\x13\xab\xf2\x86\xeb\x80cg\xcf\xb6\
\x83\xbc\x0a\xb8B\xf2\xae\xfa\x05qm\xc7i\x9a\x9c\x9a\
\xfe\xa8\x88\xb4V:NeY\x5c\x8aF\xa3\xefM$\
\x93#EL\xc08\x22\x17o\xbb\xf9\xe6\xba\xb93\xe6\
\x93\x9f\xff|\x08\x91\xdb\x04v\x14\xa4\xed-\x80\xf6\xb6\
\xb6\xed\x9b6n|m \x10\xd8\xb6\x1a\xef\xe7\xban\
zxx\xf8`Oo\xef\xa1T*\x95\x86y&\xc0\
A\xe4\x0bw\xdfu\xd7c\xab\xf1~\xca\xd2Q\x03P\
!\xfaGG\xfe\x0c\xcc\xffkL\xe6\xb9\xc9\xfd\x01\xee\
\xd8\xc4$\xa3\xe3\xe3\x96\xe3\xae\xcd-\xfc\xa1`0\xda\
\xd1\xda:\xe0\xf3y\x93EL\xc09\xe07\xb7tt\
\xd6\xf4\x15\xd2\xf1sg\x9b\x80W\x8bpu\xa6Dr\
\x83*\x05\xc1u\x1c'<1=\xf5\x9f]W\xb6V\
2Nee\x88\xc8\xd1h4\xfa\x1b\xc9Tj\xb2\x88\
\x09\x00\x91Q\x81\x0b\xb7\xdf|s\xaa\xc2\xa1\xae)\xff\
\xe7\xf3\x9fo\x06\xde-\xd0R\x98\xf2ohhh\xdb\
\xb6e\xcb\x9bC\xa1\xd0\x9e\xb5xo\xc7q\x92\xfd\x97\
.\xed\xeb9}\xfa0\xcc3\x01\x06\x91o\xdd}\xd7\
]\xf7\xaf\xc5{+\x8b\xa3\x06\xa0\x02\x5c\x1c\x19\xbe\x07\
c>\x96\x91\xfc\xcc4s\x90Q\xe1KCCLG\
\xd7~\xa0\xaceYNW{\xfb\xc5p(8]\xc4\
\x04\x5c\x00~\xbd\x16M\xc0\xf1s\xe7\x1a\x81\x9f\x07y\
1\x99\xc1N\x22\x92\xd9\xef\x9c\x09H\xa5\xd3\xed\x93\xd3\
\xd1\x0fIf\x92%e\xfds.\x1e\x8f\xffV,\x1e\
\xef+b\x02L\xb6l\x08\x91\xfe\xdb_\xff\xfa\x9a3\
\x02\x7f\xfb\x85/4\x03\xef\x12\x91\x16f\x8d\x8f%`\
:\xdb\xdbwo\xde\xbc\xf9]\x96e\xad\xf9\xca\x89\x93\
\x93\x93\xbd\x07\x0f\x1f~\xcc\xb6m\xbb\x88\x09\xf8\xce\xdd\
w\xddU\xf7\xe3\x90.7j\x00.3\x17F\x86\xef\
\x012\xe2\x9f]^\x0e\x0c\x8ecsqp\x88d\xea\
\xb2\x9e\x7f\xa4\xad\xa5e\xb0\xa5\xa9q\xb4\x96M\xc0\xc9\
\xf3\xe7\xbd\x82\xbc\x00x1\xb03{\xc8\xcf\x08>y\
& \x9eL\xec\x88\xc6\xe2\xef\x17\x91H\xe5\x22V\xd6\
\x80\xb1T*\xf5_\xa6\xa6\xa7\xf7-`\x02r\x8f\x13\
\x02\xc3\x88\x8c\xbd\xfd\x0doX\xf7\xb3h\xfe\xdf/~\
\xb1\x09x\xa7\x884\x9370O\x80\xad[\xb6\xfc|\
G{\xfb\x9b\xb9\x8cS\xc2'\x92\xc9\xd1C\x87\x0f\x7f\
/\x1a\x8dN\xab\x09\xa8<j\x00.#}\xc3C\x19\
\xf179\xd9\x07\x8c!\x99L\xd1?4\x84\xe3Tf\
\xfc]c$2\xde\xd9\xde\xd6_k&\xe0d\xdf\xf9\
m\xc0K\x80\xeb\x10\x022W\xf0\xb3\x7fg\xca\x1c\xd7\
\x0dLNM\xdf\x9c\xb6\xedW\x90\xfdj\x94\x9a\xc3u\
]\xf7\xbe\xe9h\xf4\xff\xa4S\xa9\xe9\x05L\x80\x955\
\x08N\xb6{`\xe8\x97\xdf\xf0\x86\xa9J\x07\xbe\x1c\xfe\
\xeeK_j\x12\xf8ef\xc5?#\xb4\xe0\xd9\xbdk\
\xd7/544\xbc\xb2\x12q9\x8e\x13?z\xfc\xf8\
\xf7FFF\x86\xd4\x04T\x165\x00\x97\x89\xf3C\x83\
s\xc5?\xfb\x98L\xa5\xe8\x1f\x1c\xc2]\xa3\xfe\xfer\
i\x08\x87'\xba:\xda/\xaew\x13p\xeaB_3\
\xf0R\x84\x97\x09\xd2N\xee\x96>p\x91\xb9#\xfcE\
pE\xc4\x8a\xc6c\xd7\xc4\x13\xc9\xd7\x8bHc%c\
W.\x1bCi\xdb\xfe\xdf\xd3SS\x8f8\xae\xeb.\
b\x02r\x13\xde$\x10\x19\x14\x18|\xc7\x1b\xdf\xb8.\
\xba\x08\xfe\xfe\x9f\xff\xb9I\xe0\xedd\xe6\xed7\xcc\x8a\
\xbfu\xc5\xee\xdd\xef\x08\x87\xc3/\xabd|\xae\xeb\xa6\
\x8e\x1e;\xf6\xc8\xb0\x9a\x80\x8a\xa2\x06\xe02pnp\
\xe0\x1ec\xcc\xc7r\xcfs\xe2\x9fJ\xa7\xabB\xfcs\
\xacW\x13\xd0s\xf1\x82\x0f\xb8\x1e\x91\x1b\x04\xae\xcc\x16\
;\x85\x82O\x9e\x09\xb0\x1d'\x1c\x8d\xc5_\x92L\xa5\
^\xa6\xc2_\xb7\x0c;\x8e\xf3\xb5X,\xf6@2\x99\
\x1ccq\x13\x90+\x1f\xcf\x9a\x81\xe1w\xbe\xe9M\xd5\
\xf1\xc3-\xe0\x1f\xfe\xe5_\x9a\x04\xde\x96\x15\xff\x99\x89\
|\x0cX\xbbw\xedzg8\x1c~y\xa5c\x045\
\x01\xd5\x80\x1a\x805\xe6\xec\xc0\xa5\x19\xf1\xcf\x1b\xe9O\
*\x9d\xe6\xd2\xd0p\xd5\x88\x7f\x8e\xf5d\x02N_\xbc\
\xb8#{\x0b\xdfK$\xb3:\x99 \x92\x99G!\x17\
{\x9e\x09\x10\x11\x13K$v$\x12\xc9\xeb\xd3\xb6\xbd\
\x07X\xf2\xbc\x0aJM\x92v]\xf71\xdb\xb6\xbf5\
55\xf5\xb8+\xe2\x960\x01&{\x9c\x0d\x01\x97\xde\
\xf9\xa67MVz\x07r|\xea\xcb_n\x14\x91\xb7\
\x02\xcd\xd9\xc1~\x99I}\xc0\xda\xb5k\xd7\xbb\xc2\xa1\
\xd0\x0d\x15\x0eq\x0ej\x02*\x8b\x1a\x805\xe4\xcc\xc0\
\xa5{\x0c\xcc\x11\x7fc\x0c\xc9T\x8a\x81\xe1\x91\xaa\x13\
\xff\x1c\xd5l\x02z\xfb/\x1a\xe0E\x027\x03\xbb\x91\
\xd9~|\xc9\x9b.9\xdf\x04$\x93\xa9\xf6h\x22~\
u*\x95\xbeF\x07\xf7)%\x18q\x1c\xe7\xa1D2\
\xf9\xedX4\xda[\xc2\x04X\xd9\xb3\xe7\xa4\x88\x9c\x07\
\x86\xdf\xf5\xe67W,\xf0O\x7f\xe5+\x8d\x22r+\
\xd0\x94\x15QK\x00\x03\xd6\xae\x9d;\xdf\x13\x0a\x85^\
Q\xb1\xe0\x16AM@\xe5P\x03\xb0F\xf4^\xea\xcf\
\x88\xff\xccH\xffY\xf1\x1f\x1c\x19\xadZ\xf1\xcfQm\
&\xe0\xcc\xa5~\x9f\xc0\xab\x807 \xd2\xc5\x1c\xc1\x9f\
o\x02\x1c\xc7\xf1M\xc7bW&\x92\xa9\xab\x1d\xc7\xd9\
p9cUj\x03\x119b\xdb\xf6\xb7\xa7\xa3\xd1\xef\
\xa5S\xa9\xa9\x12&\xc0Hf\xc5\xcd\xf3\x22\xd2\xff\xee\
[n\xb9\xac?\xf0O\x7f\xf5\xab\x8d\x88\xbc\x05h\xcc\
\x9b\x8f\xdf\x18c<;w\xecxO(\x14\xaa\xc8\x80\
\xbfrQ\x13P\x19\xd4\x00\xac\x01\xa7\xfb/\xce\x15\xff\
\xecc*\x95fp\xb4\xfa\xc5?\xc7\x22&\xe0\x22\xf0\
\xe1-\x1d\x9d\xa7\xd6:\x86\xb3\x03\x97\x1aE\xe4ud\
\xae\xf8#3W\xf6Rx\xd5\x8f\x08\x22\xb1x|K\
,\x9e\xd8\x9bJ\xa7w\xa2)~euH\xb9\xae\xfb\
\xe3T*\xf5\xed\xc9\xa9\xa9\xa7\xc4uY\xc4\x04\xe4V\
\xbf\xeb\x03\xfa\xde}\xcb-k\xbe\xe8\xcd?\xde{o\
kvz\xdf\x06\xf2\xc4\xd3\x18c\xed\xd8\xbe\xfdWB\
\xa1\xd0\xcf\xadu\x0c\xab\x81\x9a\x80\xcb\x8f\x1a\x80U\xa6\
\xe7\xe2\x85\xd9>\x7f\x98\x15\xff\xb4\xcd\xd0\xe8\x08\xae\xbb\
\xbe>\xefEL\xc04\xf0G[::\x7f\xb8\x16\xef\
{v\xe0\xd2\x06\xe0\x16\xe0?\x00~\x99]\xe5\xd0)\
4\x01\xc9T\xbai:\x16\xdb\x93L&\xf7\xb8\x22\xe1\
\xb5\x88GQ\x00Dd\xd8q\x9c\x87\xe3\xf1\xf8\xc3\xd1\
X\xec\xdc\x22&\xc0d\x8f\xd9~\xe0\xec\xbbo\xb9e\
M\xa6\x1c\xfe\xcc\xbd\xf7n\x03^#\xe0\x9f\x89A\xc4\
\xca\x8a\xff\xfb\x82\xc1\xe0\xba\x10\xff\x1cj\x02./j\
\x00V\x91S\x17\xfa\xe6\x0d\xf83@\xca\xb6\x19\x1e\x19\
e\xb5\xe6\xf4\xbf\xdc,b\x02\x1c\xe0s\xc0?m\xe9\
\xe8\x5c\x95\x13\xdc\xb9\x81K{\x04\xde\x0a\xe4\xfa+\xf3\
n\xdb\x9bk\x02b\xf1x\xf7T4zM:mo\
^\x8d\xf7V\x94\xa5\xe0\xba\xee\x93\xc9d\xf2+\x13\x13\
\x13\xcf.b\x02r=\x80C\x22r\xe6=oy\xcb\
\xaa\xac\xb3\xf1\xd9\xfb\xee\xf3\x8a\xc8u\xc0\xf52\xf76\
F\x0bc\xcc\x8em\xdb\xee\x08\x06\x83?\xbf\x1a\xefu\
\xb9Q\x13p\xf9P\x03\xb0J\x9c\xba\xd0w\x0fE\x06\
\xfc\xa5\xd2iFF\xc7\xd6\xad\xf8\xe7\x88\x84\xc3\x93]\
\xedm\x17\xcd\xac \xe7L\x80\x0b\x0c\x03\xff\x08|c\
KG\xa7\xbd\xd4\xb6\xcf\x0d\x0ex\x81\x1b\x80[\x81\xab\
\x10\x11\x99\xbb\x14\xf2\x8c\x09p]W\xa6\xa2\xb1m\xd1\
X\xec\x05\xb6\xe3\xb4\xad\xce\xde)\xca\xf2\x11\x91\x93\xa9\
T\xea\xab\xe3\xe3\xe3?p\xdd\x99_z\xa1\x09\xc8\xf5\
\xcb\x8f\x03gEd\xe8\xbd\xb7\xde\xba\xe4\xbe\xc0\xcf\xdd\
\x7f\xbf%\x22W\x00\xd7\x02\xe1\xc2\xf70\x96\xe5\xdd\xbe\
u\xeb\xaf\x05\x02\x81uu\xe5_\x88\x9a\x80\xcb\x83\x1a\
\x80U\xe0d\xdf\xf99\x93\xfc\xc0\xac\xf8\x8f\x8e\x8d\xaf\
{\xf1\xcf\x11\x0c\x04b\x1b:;\xfa<\xc6\xd8\xcc7\
\x01Bfl\xc0\xf7\x81\xc7\x10\xd9\xbf\xa5\xb3k\xd1\xa9\
\x0d\xcf\x0f\x0e\x5c#\xf0\x1f\x81W\x03\x11\xf2\x05\xbf\xc0\
\x04\xb8\xae\xeb\x99\x98\x9e\xde\x19\x8d\xc5\xf7\xb8\xae\xabi\
~\xa5\xea\x10\x91\xc1\xb4m\xdf791\xf1P*\x9d\
\x8e\xb2\xb0\x090\x80-\x22\x03\xc0\x85\xf7\xdez\xeb\xd8\
b\xed~\xe1\x81\x07\x8c\x88t\x02\x9bDd+\xd00\
\xb3\x8co\xde{\xf8|\xbe\xc8\x96-[~\xc7\xe7\xf5\
^\xb5v{y\xf9P\x13\xb0\xf6\xa8\x01X!'\xce\
\x9f+:\xc3_:\x9dft|\xa2f\xc4?\x87\xcf\
\xebMm\xe8\xec8\xef\xf7z\x93\x147\x019\xd1\x9e\
D\xe4$0,\x99\x0c\xc1\x04\xd0\x0at\x00\x9d@\x17\
\x22\x0d\x80[\xe4\xb53& e\xdb\xc1\xc9\xa9\xe9]\
\xb1Db\x87\x88\xf8.\xf3\xee*\xcar\x88\xda\xb6\xfd\
\xed\xa9\xa9\xa9\xfb\xe3\x89\xc4\xf0\x22&`f\xd0 \x22\
q\x81$\x22\x09\x81\x14\x99q/! \x94\x9d\xc7?\
\x90?\xba?\xef\xb5\x00&\x12\x0eo\xec\xee\xee\xbe\xcb\
\xb2\xac\x8d\x15\xd8\xdf5CM\xc0\xda\xa2\x06`\x05\x1c\
?w6oU\xbfY\xf1\xb7m\x9b\x91\xf1\x09j\xf5\
\xb35\xc6Hsc\xe3pkS\xe3\xb01\xc6ea\
\x13\x90?Z\xbfhJ?\xbb}\x9e\x09H\xa6R\x8d\
\x13SS\xbb\xe2\x89\xe4&.\xe3b%\x8a\xb2\x8a\xd8\
\x8e\xe3\xfc \x1a\x8b\xdd;55u\x86\xc5M@n\
U\xc2\x99\x99\xfb\xf2\xeaX\xd9s\x89Uh\x02,\xcb\
\x0ato\xd8\xf0\xe6p8|+\xe0\xaf\xc8^\xae1\
j\x02\xd6\x0e5\x00\xcb\xe4\xd8\xd93\xb3\xe2\x9fw\xaf\
\xbfm;\x8cN\xd4\xae\xf8\xe7\xe3\xf5zSm\xcdM\
\x83\x0d\xe1\xf0$`\xb3\x0a& \x1a\x8b\xb7OF\xa7\
w\xa4Ri]\x8aW\xa9\x19\x5c\xd7}&\x9eH\xdc\
?11\xf1l\xf66\xe0\x15\x99\x00c\x8c\xa7\xbd\xad\
\xed\xe5\x8d\x8d\x8d\xef\xb1,\xab\xe6\xe7\xb9P\x13\xb06\
\xa8\x01X\x06G\xcf\x9e\x99\xbf\xa4\xaf1\xd8\xb6\xcd\xd8\
\xc4d]\x88\x7f>\x1e\x8f\xc7n\x08\x87\xc7\x9a\x1a\x22\
\xc3>\xaf7\xb5T\x13`;\x8eojj\xba{:\
\x1e\xdf\xe48\xce\x9a\xafK\xae(\x95BD.\xa5\xd3\
\xe9\x87&\xa7\xa6\xbe\x9bH$2\xeb\x0f,\xc1\x04\xf8\
\xfd\xfe\xa6\xb6\xd6\xd6\x9b\x02\xc1\xe0M\x961ue\x92\
\xd5\x04\xac>j\x00\x96\xc8\x913\xbdE\x97\xf4\xb5m\
\x9b\xf1\xc9\xa9\xba\x13\xffB\xbc^o2\xe8\xf7O\x07\
\x03\x81)\x9f\xcf\x9b\xf0x<i\x8f\xc7\x93\xb2\x8cq\
\x5c\xc71\x8e\xebz\x1c\xd7\xf5\xa4R\xe9`\x22\x95j\
L\xa5RMi\xdb\x8e\x80.\xc1\xab\xd4\x15\xe2\xban\
\xaf\xeb\xba\x87\xd3\xe9\xf4\xd1d*u\xd6\xb6\xed\xe9T\
*\x15\xb5m;\xe1\xf5x\x02>\x9f\xaf\xd5\xeb\xf56\
\xfb\xfc\xfe\xcd~\x9f\xef*\xaf\xd7{\x95eY\xdb\xa9\
\xe3\xdf\x8a\x9a\x80\xd5E\x0d\xc0\x128\xdc{\xba\xe8\x80\
?\xdb\xb6\x99\x98\x9a\xae{\xf1/AvZrEQ\
J\xe0\xa2\xe3^\x16DM\xc0\xea\xa1\x06\xa0L\x0e\x9d\
\xee)\xba\xa4\xaf\xe38*\xfe\x8a\xa2(\x97\x115\x01\
\xab\x83\x1a\x8028\xd8\xd3s\x8f1\xcc[\xd2\xd7q\
\x5c&\xa7U\xfc\x15EQ.7j\x02V\x8e\xa6\x99\
Jp\xa0\xe7\xd4= \x1f\xcbi|N\xecm\xc7Q\
\xf1W\x14E\xa9\x10\x96e\xf9\xafz\xc1\x0b\xde\xd0\xd1\
\xde\xde\x99\xbd\x1dY\x8c1\x99\xc1\xc7\xc6\xbc\xf9O?\
\xf1\x89wT:\xc6jG3\x00\x8b\xb0\xff\xd4\xc9\x82\
%}\x0d\xc6d\xc4\x7f:\x1aS\xf1W\x14E\xa90\
\x9a\x09X>j\x00\x16\xe0\xf9\x93'\xee1\x98\x8fa\
\xe6\xae\xea\xe78.\xd31\x15\x7fEQ\x94jAM\
\xc0\xf2P\x03P\x84}'\x8e\xe7-\xe9\x9bq\x00\x06\
p\x5c\x97h,\xae\xe2\xaf(\x8aRe\xa8\x09X:\
j\x00\x0ax\xee\xf8\xf1y\x03\xfe\x0c\x06\xc7u\x88\xc5\
\x13*\xfe\x8a\xa2(U\x8a\x9a\x80\xa5\xa1\x06 \x8f\xe7\
\x8e\x1f\xcb.\xe9\x9b\xe9\xeb\x87\x8c\x09p\x1c\x97xB\
\xc5_Q\x14\xa5\xdaQ\x13P>j\x00\xb2<{\xec\
\xe8=`>6{\x97_\xc6\x048\xaeK\x22\x91T\
\xf1W\x14EY'\xa8\x09(\x0f5\x00\xc03G\x8f\
\xe4\x89\xff\xec\xd5\xbf\xeb\x0a\x89\xa4\x8a\xbf\xa2(\xcaz\
CM@i\xea\xde\x00<}\xe4\xc8=\x98\xec\xc2>\
3\xe2o\x10qI$S*\xfe\x8a\xa2(\xeb\x145\
\x01\x8bS\xd7\x06\xe0\xa9\xc3\x87\xb3\xe2?;\xd2?'\
\xfe\xc9TZ\xc5_Q\x14e\x9d\xa3&`a\xea\xd6\
\x00<y\xf8PvI\xdf\x9c\xf8g\x1e\xc5uI\xa5\
\xd2\xd4\xe7\xa7\xa2(\x8aR{\xa8\x09(N]\x1a\x80\
'\x0e\x1d\x9c3\xe0oV\xfc\x85T:]\xd9\xe0\x14\
EQ\x94UGM\xc0|\xea\xce\x00<~\xf0`v\
I_\xc8\x1f\xf0'\x02i\x15\x7fEQ\x94\x9aEM\
\xc0\x5c\xea\xca\x00\xfc\xec\xc0\x81\xec$?\xd9\xde\xfe\xac\
\x09\x00!\x9d\xb6+\x19\x9a\xa2(\x8ar\x19P\x130\
K\xdd\x18\x80\x9f\xee\xdf?#\xfe\xb3\xc2\x0f \xd8\xb6\
S\xc1\xc8\x14EQ\x94\xcb\x89\x9a\x80\x0cu\xb1\x1c\xf0\
O\xf6?\x7f\x0f\x90]\xd2W\x98}T\xf1W\x14E\
\xa97t)\xe1\x0c5\x9f\x01\xf8\xf1\xf3\xfb\xf2V\xf5\
\x9bM\xfd\x8b\x80\xeb\xba\x15\x8eNQ\x14E\xa9\x14\xf5\
\x9e\x09\xa8\xe9\x0c\xc0c\xfb\xf6\xfd\x19\xc2\xc7\x04!\xf3\
_\xc6\xec\xa8\xf8+\x8a\xa2(ed\x02\xde^\xe9\x18\
\xd7\x92\x9a\xcd\x00\xfc\xe8\xb9\xe7~\xcd\x18>;s\xdd\
o\xe6\xde\xee\xa7(\x8a\xa2(P2\x13\xf0Ow\xdf\
u\xd7c\x95\x8eq-\xa8I\x03\xf0\xe8\xb3\xcf\xbe\xca\
\x18\xf3\x03\xc0?s\xbb_\xe6\x01\x9d\xe1GQ\x14E\
)d\x11\x13\xe0 \xf2\xdf\xef\xbe\xeb\xae\x93\x95\x8eq\
\xb5\xa9\xb9.\x80\x1f>\xfb\xcc6\xe0\x01\x11\xf1\x03\xb3\
\x03\xfe2\x0f\x8a\xa2(\x8a2\x8f\x5cw@\xfb\xfc\xee\
\x00\x0f\xc6|\xf8O?\xf1\x89\xf6J\xc7\xb8\xda\xd4\x94\
\x01\xf8\xe13\xcf\x04\x11\x1e\x14\xa4\x0b\x98\x99\xcb_d\
\xf6\xa6?EQ\x14E)\x86eY\xfe\xab\xf6\xee\xbd\
)\x12\x894\x14\x98\x80F\x8c\xb9\xf3O?\xf1\x09_\
\xa5c\x5cMj\xca\x00\x88\xc8\x87\x81\x17\xcd\x1d\xf0'\
XF\xe5_Qr\xd8\xb6M4\x1aell\x8c\xb1\
\xb11\xa2\xd1(\xb6\xad\x13a)\x0a\x80\xc7\xe3\x09]\
{\xcd57y\xbd^o\x81\x09\xd8\x8a17W:\
\xbe\xd5\xa4f\xc6\x00|\xff\xe9\xa7Z\x0c\xe64\xd0j\
f'\xf9\xc7c,\x8c\x1a\x00\xa5\xc6\x98\x98\x98`t\
d\x94X2\x81k;8\xae\x83+\x82+\xb9;^\
2\xb7\xbb\x1a\xcb\xc2\xb2<X\x1e\x0b\xcb\xe3\xc1\xe7\xf5\
b\xac<\xdfo\xcc\xec\x94X\xae\x8b\xed8\xb8\xb6\x8d\
\xeb\xba\x88Hv\xc0\xac\xcc\xd4\xb1\x8c\x85\xc72X\x1e\
\x0f^\x8f\x17\x9f\xcfKss3---\xfa;S\
j\x8a\xc9\xc9\xc9\xde}\xfb\xf7\xff\x00 oL@\x0c\
\xf8\xfd\xbb\xef\xbc3V\xd9\xe8V\x07o\xa5\x03X5\
\x84?\x10#\xad\x06\x83\x88`\x8c\xc1\xc2\xe8IIY\
\xb7\xa4R)\x86\x87G\x98\x98\x98 \x9e\x88c\xbb.\
\x96\xc7C \x14\xc2\xe3\xcd\xfct-\xbf\x1f\xcb\x0f\xde\
\x82\xe3|\xe6Y^\xf9\xbc_B\x9e\xf8C\xc6,\xf8\
,\x0b|\xbe\x05\x7f7\xa6\xa0M\x1b\x18\x9d\x9abh\
l\x8cd\x22\x81\xe38x\x8cE0\x18\xa0\xa9\xb1\x91\
\xd6\xd6V\xfc~\xff2\xf6^Q*KSS\xd3\xce\
\xdd\xbbv]\xd3s\xfa\xf4ac\x8c+\x22\x961&\
,\x22o\x06\xee\xabt|\xabAMd\x00\xfe\xfd\xa9\
'7\x819e \x94?\xe1\x8f\xcf[;\xfeF\xa9\
]\xc6\xc6\xc6\x18\x1d\x1de:\x1a%\x99J#\x06|\
\xfe\x00\x81P\x10\x98/\xba9\x8a\x89\xfcB\xe5\xa5\xc4\
\x7f\xee\xa6\xf2\xc4\xbf\xac\x18\x80d2\x89\x9dJaD\
\xf0\xf9|\x84Ca\x9a[\x9aijl\x5c \x02E\
\xa9\x0e\x1c\xc7I>\xf5\xcc3\xf7\xa6R\xa94\xccd\
\x02\xd2\x22\xf2\x07w\xdfy\xe7x\x85\xc3[15\xa1\
\x90\x22\xfc\x9e1\x12\x12\x0cF@\x8c\xe0\xb5<\x95\x0e\
KQ\xe6#p\xb1\xff\x22\x03\x83C\xa4\xec4\xc1H\
\x04\xaf/3\xae\xc8\x1b\x0e\xe3\x0d\xcf\xad\xbe\xde\xc5\x1f\
c\x08\x04\x83\x04\x83\xc1\x99\x22\x1b\x18\x99\x98``t\
\x94\xf8\xd44\x1e\xcb\xd0\xda\xd2Bww7\x96US\
\xc3\x92\x94u\x8e\xc7\xe3\x09\xec\xde\xb9\xf3\xda\xa3\xc7\x8f\
?\x07\x98l&\xc0g\x8cy\x03\xf0\xd5J\xc7\xb7R\
j\xc2\x00\x80\xdc&b0F\x10\x0c\x96\xa0'\x12\xa5\
j\x18\x18\x18\xe0\xd2\xc0\x00\x89T\x8a@8\x8c\xcf\xef\
\xc7\xdf\x10\xa1Tb\xbc\x16\xc4\xbfh\x0c\xd9m>\xaf\
\x17_k\x0b\x00)\x11z\xce\x9d#\x19\x8d\xe2\xf3\xfa\
hoo\xa3\xa3\xa3c\x81H\x15\xe5\xf2\xd1\xd1\xd1q\
]\xe8\xdc\xb9\xc3\xf1x<\xc9\xac\x09x\x095`\x00\
\xd6}\x17\xc0\xbf=\xf1\xc4u\xc0\x81\x99\x09\x7f\x0cx\
=^<j\x00\x94\x0a1<<L\x7f\x7f?\xb1D\
\x12\x7f(\x84?\x18Xr\x1b\xb5.\xfe\xc5\xca\x0b\xdf\
+\x95L\x92J$\x08\xfa\xfdtvv\xd2\xd4\xd4\xb4\
@\xf4\x8a\xb2\xb6\x0c\x0c\x0e>{\xfc\xc4\x89gs\x83\
\x01\x01D\xe4\xbf\xfd\xd1G>\xd2W\xe1\xd0VD\x0d\
d\x00\xe4\xd6\xccl\x8dd2\x00b\xf4\xb6?\xe5\xb2\
211\xc1\xf9\xf3}D\xe31\xbc\xc1 \xc1P\x08\
+\x14\xa2!\x14ZV{*\xfe\x19\xfc\x81\x00\x81@\
\x00\x8ca<\x1aepd\x84t*E8\x18\xa4\xab\
\xab\x8b\xd02?_EY*\xcd\xcd\xcd\xdb\x81gr\
\x83\x01\xc9d\x02^\x08\xa8\x01\xa8$\x22\xdc\x9a\xb9E\
3c\x02,k\xe1\x13\x9a\xa2\xac\x16\x89d\x92S'\
O\x11M\xc4\x8947c\x82\x01\x1a\x96q\xa5_\xc8\
r\xc5\xdf6\x1e\x92\xe2!!\xde\xbc\x7f\x1e\x12d\xfe\
N\x92W\x96\xdb\x8e\x070\x04\x8d\x9d\xfd\xe7\x102N\
\xe6ol\x82\x96C0\xf7\xdc8\x84s\xf5,\x17/\
\xee\xfc\xd8\xf2\xe2[\xa9\xf8\x17+\xf7\x07\x83\x04\xb2c\
\x09\x86\xc6\xc6\x98>w\x0e\x9fe\xb1u\xcb\x16\x82j\
\x06\x945$\x18\x08t\x84\xc3\xe1P,\x16\x8b\xe7\x99\
\x80\x17\x01\xdf\xa9tl+a]w\x01<\xf2\xb3\x9f\
5\x1b\xc3X\xc6\x8c\x01\x18<\x1e\x0f~\x1d\xfd\xaf\xac\
\x01\x22BO\xcfi\x86\xc7F\x0976\xce\xdc\x8a\xb7\
Z,&\x84\x82aDB\x0c8\x11.\xb9\x11\x06\xdc\
\x08\x03N\x03\x97\xdc\x08\xd3\xae\x1f\xbb\xd8\x9c^\xe5\xf8\
\xe0\xe2J]\xb2\xc8\x8bK\xa3\x95\xa6\xdb\x13e\xa3\x15\
\xcb<zct{btZ\x09L\xe1\xbc\xdb+\x14\
\xffy!\xe4ms\x1d\x87\xe8\xe4\x14\x8d\x8d\x0dl\xd9\
\xbcY/\x00\x945\xe1\xdc\xf9\xf3?<{\xee\xdc\xf1\
\xdc\x22A\xd9\xc7\x8f|\xfc\xc3\x1f\x8eW:\xb6\xe5\xb2\
\xde\x95rs\xe6\x96\xffL\xea\xdf\x18\xd1\xbe\x7fe\xd5\
\xe9\xef\xbf\xc4\xf9\xbe>\xbc\xa1\xcc\x15hck\xeb\xaa\
\xbfGN\xf0b\xe2c\xc0\xc9\x0a\xbc\x1b\x99\x11\xfcA\
'2_\xe4\xcd\xcc\xff\x8a#\x8bo^\xb8N\x91\xc2\
\x82\x22\x1b\x8b17\xc0\x98\x1b\xe0(msb\xf2\xe2\
\xd2\xed\xc9\x98\x81\x8d\x9e(\x1b=q6f\xff\x0e\x1b\
;\xbf\xea\x8a\xc5\xdf\x00\x1e\x8f\x87\xa6\xec`\xc2\xde\xf3\
\xe7I'\x92tuv\xd0\xba\x06\xdf\x93R\xbf47\
7o\x06\x8e\x193;\xd7\x8c\x88\xb4\x02j\x00*\x81\
 \xdd\xa6\xa0\xff_\xbd\xbf\xb2\x1aLNN\xd2\xd3s\
\x9a\xb4\x08\x91\xa6F\x22Y\x81YM\x12\xe2\xe5\x94\xdd\
\xc6q\xbb\x9d3N\x0b\x03N\x84)\xc9\xbb7\xa0,\
\xf1.\xa1\xf2kh\x02\x16j\xcb6\x16}N\x03}\
NC\xc1FC\x93\x95b\xa3'\xc6.\xef$W\xfb\
\xc6x\x81o\x8c\xa0q\xf2j\xb0$\xf1\xa7`[n\
\xdc@,\x95b\xe4\xf4i<\xc6b\xe3\xc6\xee9\xb7\
!*\xcar\xf0\xfb|\x0d&\xbb\xbe\x5c\x9e\x09h\x02\
.V:\xb6\xe5\xb2\xae\x0d\x00B\xb7\x18!\xdf\x04h\
\xfaOY.\xe9T\x8a\x13'O1\x15\x8b\xd1\xd0\xd2\
\x8c\xbf\xb1\xa1\xe4\xadzKj_<\xf4\xd8-\x1c\xb7\
\xdb9nwp\xd6i\xc6]\x15\xf1\xae>\x13P\xbc\
\x8e0\xe9\xfa\x99t\xfd\x1cO\xb7\xf0pb\x1b\x1e\x84\
\x1d\xde)\xae\xf6\x8dr\x8do\x8c+}\x13\xf8K\x8c\
/\x98W\x9e\xb7-\xbf<\x14\x89\x00\x999\x07\xe2\x17\
/\x12\x02\xeb\x17\xc0\x00\x00 \x00IDAT\x09\x85\
\xe8\xee\xee\xd6s\x84\xb2,\xbc^o\x18c\xc4\x88\x90\
g\x02\xd6\xf5\xad)\xeb\xda\x00\x08\xd2m\xc4\x90o\x02\
\x8a\xa5\x14\x15e1&'\xa78v\xe28\x81H\x04\
o\xc0Oc`ud\xdf\xc6\xe2\x8c\xdd\x9c\x11\xfct\
;\xbdvKA\x1a\xdf\xac@L\x0b\xeb\xac\x1f\x130\
\xb3A\xc01\x86\x1e\xbb\x89\x1e\xbb\x89o\xc5w\xe0\xc5\
\xe5\x0a_&;p\xado\x8c\xdd\xbe\xc9\xcc\x80\xc3%\
\x8a\xff\xec\xa6Li\xb8\xa1\x01\x01\xfa\xfa\xfbI\xc6\xe3\
twu\xd1\xa03\x11*K\xc0\xe3\xf1\x84\x0d\x88\x18\
C\x9e\x09P\x03P1\x84.1B\xbe\x09P\xf9W\
\xcaell\x9c\x13\xa7N\x11jj$\xd2\xb2\xf2\x14\
\xbf\x8b\xe1\xac\xdd\xcc\x09\xbb\x8d\xe3\xe9vz\xecVR\
,6#\xa5\x80\xa8\x09(\x1c[p,\xdd\xc2\xb1t\
\x0b\x0f\xb0\x13\xbfq\xd8\xeb\x9b\xe0j\xff8W\xfb\xc6\
\xd8\xed\x9d\x9a;\xc0\xb0\x0c\xf1\xcf\xc7\xe3\xf5\x12il\
d\x22\x1a\xe5B\x7f?\x9b\xba\xbbi\xd4\xf9\x05\x942\
\xb0,\xcb\xef\xf1z\x8dc\xdb\xf9&\xa0\xb0\x9fk]\
\xb1\xbe\x0d\x00D\xc9N\xfd\x9b3\x01\x8aR\x8a\xa1\xe1\
azN\xf7\x12ii\xa6a\x15\xfa\xf6\xcf\xd9M<\
\x99\xda\xcc\xd3\xa9ML\xb9E\xb2\x07\x8b\x0a\xa5\x9a\x80\
\xc5\xdaI\x89\x87\x83\xa96\x0e\xa6\xda\xc0@\x93\x95\xe2\
U\x81\x01~!0\xc0N\xdf4,\xf0\xd2Rs\x1b\
X\x1e\x0fM\xad\xadL\xc6\xe3\xf4\x0f\x0c\xb0\xa1\xab\x8b\
\xe6\xe6\xe6\x12;\xa3\xd43\x02\xae\xeb86\xc6\x18#\
beM@\xb2\xd2q\xad\x84um\x00\x04\xb9d0\
\xcc1\x01\xa2\xe3\x00\x94\xe2\xf4\xf7_\xe2\xec\xf9\xf34\
\xb4\xb6\xd0\xd8\xb6\xb2\x11\xe2\xe3n\x90\xa7\x92\x9bx\x22\
\xb9\x99~\xb7\xc4E@I\xa1T\x13Pn;\x93\xae\
\x9f\x87\xe3[y8\xbe\x95-\xde(\xaf\x09\x0c\xf0\xaa\
\xe0\x00m\xd6\xecyx)\x13\x1bY\x96EcK\x0b\
\xd1d\x92\xa1\x9e\x1e:::hQ#\xa0\x14\xc1u\
\x9c\xd8\xcc\x18\x00c\xdc\xac\x09\x98\xact\x5c+a]\
\x1b\x00\x84K\xb9\xd4\x7f\xce\x04\xa8\x01P\x0a9\x7f\xfe\
<\x17\xfa/\xd1\xd8\xd6\xba\x22\xe1O\x8a\x87\xe7S\x1b\
x\x22\xb9\x85\xe3\xe96$_\xb1V,\xdej\x02\x96\
\xdaN\x9f\x1d\xe1\xcb\xf6.\xbe\x12\xdd\xc9\xb5\xfeq^\
\x1d\xb8\xc4+\x82#\x04p\xe6\xbdl\xa1[\x0esX\
\xc6\xd0\xd0\xd4D\x22\x9d\xa6\xa7\xb7\x97\xf6\xd6VZV\
\xa1[H\xa9\x1dl\xdb\x8e\xce\x19\x03\x901\x01\x13\x95\
\x8ek%\xack\x03 \xc8\xa5\xfc\xfe\x7f\x04\x5c\x91b\
S\xa2(uH\xef\xe9^\x06FFh\x5c\xc1\x15\xbf\
`8\x9en\xe3\x89\xe4f\x9eOm )\xb9>\xfd\
\xd5\x14\xc1\xbc\x0aj\x02\x96\xdc\x8e`8\x98j\xe5`\
\xaa\x95\x7f\x9av\xb8!0\xcck\x82\x03\x5c\xeb\x1f\xc3\
PZ\xfcg\xb6d\xebD\x1a\x1bI\xd86\xa7\xcf\x9c\
\xa1\xad\xa5E\x8d\x80\x02\x80\xe38\xd1\xbc\x0c@\xce\x04\
h\x06\xa0b\xe42\x00y&\xc0u]\xf0\xe8R\xc0\
\xf5\xcc\xa9S=\x8c\x8c\x8f\xd3\xd0\xd2L\xe32\xfb\xf8\
\xfb\x9d\x06\x9eHl\xe2\xa9\xe4&\xc6\xdd\xec=\xe4s\
4d\xb5E0\xaf\x82\x9a\x80e\xb7\x93\x14\x0f?N\
l\xe0\xc7\x89\x0d\xb4YI^\x1d\x1a\xe45\xc1A\xb6\
x\xa3E\x9b)\x14\xff|\xc2\x0d\x0d$m\x9b\xb3\xe7\
\xce\xd1\xd4\xd8\xa8\x13\x0b\xd59\xf1Db\xa8 \x03\x80\
\x11Q\x03P)\x04.\x18aX\x8ct\xe4L\x80\xed\
8\xf8\xb3\xeb\xab+\xf5\xc5\xf8\xf88GO\x9c\xa0\xa9\
\xad\x8d\x86\x96\xe5\xf5\xe3\x9eH\xb7\xf1pl7\xc7\xd2\
\xed\xf37\xce\x13\x1d5\x01\xd5h\x02r\x8c\xba\x01\x1e\
\x8cn\xe5\xc1\xd8V\xae\xf3\x8fs[\xf8\x1cW\xfb\xc7\
g\xb6/&\xfe\xf9\xdb\x83\xe10)\xd7\xa5\xe7t/\
\x1d\xedm:X\xb0N\x19\x1b\x1b;U\x90\x01\x98\x16\
c\xd6u\x17\xc0\xba^\x0b\x00\xe0[\x8f=\xf69\x03\
wdn\xa9\xce\x9c4\x1b\xc3\x11\x1d\x07PG8\x8e\
\xc3\xfe\x03\x07\xf0\x84Bx\x979?\xff\xe1T'\x0f\
\xc7v\xd1c\x97q\x957\xef\xd0*r\xac\x95s\xf8\
\x95\xacS\x86\x09X\xd2{\x95\xa8\xb8\xec\xf7Z\xed\xfd\
_\xc2\xd8\x8a%\xd51\xec\xf5Mp[\xe4\x1c/\xf6\
\x8ff\xcb\x17\x17\xff\xc2:\x8e\xe3\x10\x9f\x9af\xc7\x8e\
\xedx4\xd3X7\xb8\xae\x9bx\xe6\xb9\xe7>)\xae\
\x8b\x80\x85\x88\x11x\xfa\xbf\xfe\xe6o\xde[\xe9\xd8V\
\xc2\xba\xce\x00d\x90o\x09\xe6\x0e\x93w'\x80\xed8\
\xf8tA\xa0\xba\xe0\xcc\x993\x0c\x8e\x8d\x11Y\xc6\xa4\
.\x02<\x9f\xdc\xc0\xc3\xb1\xdd\x9c\xb7\xf3\xee\x05_\xf2\
\x95\xa7f\x02\xaa9\x130[G8\x9en\xe6\x9e\xf1\
\xeb\xd8\xe9\x9d\xe6\xb6\x86s\xdc\x10\x18\x9e\xf7\xd2\x85\xc4\
\x1f\xc0\xeb\xf1\xd0\xd8\xd2L\xdf\x85\x8b\x04\x03~6l\
\xd8P\xe2\x8d\x95Z \x16\x8b\xf5Hf\x849F\xc4\
\x15c,#r\xb8\xd2q\xad\x94u\xaf\x92\x22|\xd7\
\x18I\x0a&\x903\x01\xe9tZ\x0d@\x8d355\
\xc5\xe1\xa3Gilk[\xb2\xf8\xbb\x18\x9eNl\xe4\
\x91\xd8..\xcd\x9b\xaf\x9ee\x8a\x8e\x9a\x80\xf5b\x02\
\xc0\xd0k7\xf07\xe3W\xb3\xd9\x1b\xe3m\x91\xf3\xbc\
*8\x88g\xee}\x1d\xf3\xc4?\xffY(\x12\x06\xa0\
\xa7\xb7\x97\xcd\x1b7\xeaZ\x035\xce\xc8\xe8\xe8A\x03\
\xae\x80\x95\xed\x06H\x891'*\x1d\xd7JY\xf7]\
\x00\x00\xdf\xfc\xd1\x8f\x1e2\x867f;\x01\xc0@C\
(\xac)\xbaZD\x84\xfd\x07\x0e >\x1f>\xff\xd2\
\xa6\xec\xb5\xc5\xe2\xf1\xc4f\xfe-\xb6\x93a7\xb7~\
\xfc\x22\xaa\xb1\xac\xf4\xb3v\x07\xac^[\x05\x1b\xd6p\
\xff\xbb<\x09\xde\x1a9\xcf/\x06\x07\xf0\x19wQ\xf1\
\x9f-\xcc\x94\xda\xe94n:\xcd\x96-[\xcaxs\
e\xbd\x91L&\xcf\x1d8x\xf0K\x02&\x9b\xfa\xb7\
\x80\xe3\x1f\xfd\xd0\x87>W\xe9\xd8VJ\x8d\x5c&\xcb\
\xa7E\xcc\x1b\x8d\x11\x04\x83\x11\x88\xa7\x924\x84\xc2\x95\
\x0eLYE\xfa\xfa\xfa\xb800@\xc3\x12\x07a\xa5\
\xc4\xc3\x8f\xe3[\xf8^l'\x13n`v\x83\x81E\
/\x1d5\x13\xb0\x8c\xf7Z_\x99\x80\x1c\x83N\x90O\
O\xee\xe1\xbe\xe9\xed\xdc\x1a\xe9\xe3\xa6p?\x01\x93Y\
\x94h1\xf1\x07\xf0\xf9|\xe0\xf3q\xee\xfcyZ\x9a\
\x9bi\xd2\xa9\x85k\x8a\x8b\xfd\xfd?(\x18\xfc\xe7\x0a\
<U\xe9\xb8V\x83\x9a\xc8\x00\x00|\xf3G\x8f>\x0e\
\xe6\x95&\xeb\xee\x0d\x10Y\xc1\xa00\xa5z\x88\xc7b\
\x1c8t\x88Hk\xeb\x92\x06w\x0a\xf0\xd3\xf8\x16\x1e\
\x8c\xeea\xba\xd8\x14\xbd\x90?\x14|\xe1\x864\x13\xb0\
\x8c:\xeb3\x13\x90\xa3\xd1J\xf3\x9e\x863\xbc.|\
\xa9\xc8W;[R\xb8MDH\xc4bl\xde\xb4I\
3\x905@<\x1e?y\xf8\xe8\xd1/#b\xe5e\
\x00\xfa~\xef\xd7\x7f\xfd\x1f*\x1d\xdbjP3\xea(\
\xc2\xc7\x8c\x91GE\x0c\xb9L@<\x99\xa4\xc1\xe3\xd1\
;\x02\xd61G\x8e\x1e%\xe184\xb4\xb5-\xe9u\
\xe7\xd2M|e\xfaj\xce\xa4Kd\x0bf.\x045\
\x13\xb0\xb2v\xca(\x5c\x07\x99\x80\x1cS\xae\x8fOM\
\xee\xe1\xfb\xf1n>\xd4t\x8a]\xd9u\x07\x16]\x95\
\x100\xc6\x10jh`pd\x04\x9fe\xd1\xd1\xd1Q\
\x22\x08\xa5Zq]7~\xae\xaf\xef;\x00\xccN\xfd\
\x8b\x11\xf9n\x85C[5j&\x03\x00\xf0\xe0\xa3\x8f\
\xce\x8e\x05\xc8\xba{\x9f\xc7C$\xac]\x01\xeb\x0d;\
\x9d\xe6\x99}\xfbh\x5c\xa2\xf0\xc7\xc5\xcb7\xa7\xf7\xf0\
\xa3\xd8\xd6\xcc\x90\xaer\xbd\x9ff\x02V\xa9\x9d2\x0a\
\xd7Q& \xb7\xe5\x0d\x91\x8b\xbc\xbb\xf1\x1cac\x97\
\x08o\xee\x8a\xa4S\x13\x13l\xd9\xb4\x19\x9f_\xe7&\
Yg\xb8\xe7\xcf\x9f\xff\xc2\xe0\xf0p/\x19\x9d\xccL\
0+\xd2s\xd7\x7f\xfaO_\xaalh\xabG\xcdd\
\x00\xb2\xfc\xa1\x087\x19#\xde\x5c& \xed8\xc4\x13\
\x09B:Jw\xdd084\xc4\x99\xf3\xe7\x97,\xfe\
O%6\xf1\xf5\xa9\xbdL\xe6\xa7\xfb\xcb\xb9\x12\x9cS\
O3\x01+k\xa7\x8c\xc2u\x94\x09\xc8m~8\xba\
\x89\xc7\x13\x9d\xbc\xaf\xb1\x97\xff\x10\x1a,\xde\x8e\x99\xbf\
\x1cycs3\xfd\x03\x97h\x8cDh]\xe2\xf1\xac\
T\x8e\xe1\x91\x91\xef\x0c\x8d\x8c\xf4\x98\xdc\x91a\x8c+\
\x22`\xcc\xf7*\x1d\xdbjRS\x19\x00\x80\x07\x1f}\
\xf4\xb7\x80\xff;3\x16 \xfb\x18\x0e\x06u\x86\xc0u\
\xc0\xe1\xc3G\xb0-\x83w\x09\xdfU\xbf\xdd\xc0W\xa7\
\xae\xe2Dj\x91\x13\xacf\x02\xca\xac\xa3\x99\x80Ru\
\xae\xf1O\xf0\xa1\xa6\x1e\xb6xcy\xe5\xf3\xc5?\x1f\
\xc7\xb6I'\x12l\xd9\xba\xb5\x8c@\x94J2==\
\xfd\xc4\xc9\x9e\x9e\x07\x0b\xfa\xfd\x0d\xf0\xf0\x9d\x1f\xf8\xc0\
3\x95\x8eo5\xa99\x03\x00\xf0\xe0\xa3\x8f\xfe=\xf0\
\x9bj\x02\xd6\x0f\xe9t\x9ag\x97\x98\xf2O\x8a\x87\x87\
\xa6w\xf3\xfd\xe8\x0e\x9cr\xc6y\xa8\x09(\xb3\x8e\x9a\
\x80Ru<\x08o\x89\x5c\xe0\x1d\x0d\xe7\x09Xn\xc9\
\xa6s\xe3\x90\xa6\xc6'\xd8\xb2u\x0b^\x1d X\x95\
\xc4b\xb1gN\x9e:\xf5u\x11A\x80<\x13\xf0\xdc\
G>\xf0\x81\x87+\x1d\xdfjSk]\x00\x00\x08\xf2\
\xbb\x06\xf3\x02\x11~\xd1\x18!\xd7\x1d\x10K$\x00\xd4\
\x04T\x19\x83\x83\x83\x9c\xe9\xeb[\x92\xf8?\x9f\xe8\xe2\
kS/`\xcc\xc9v\xed\xacV:xN=\xed\x0e\
XY;e\x14\xae\xb3\xee\x80\x5c\x1d\xc7\x18\xfe5\xba\
\x85\x9f$:\xf9`S/\xaf\x08\x8e,X=\x7f\x10\
rcK3\x97\x06\x06hnl\xa4q\x19\xb3W*\
kG,\x16{\xfaTO\xcf}\xd9\xa7\x96\x01\x93]\
\xf2\xf7\xbc\x18S3\x03\xff\xf2\xa9\xc9\x0c\x00\xc0\xbf>\
\xfa\xc3v\x83y\x12\xd8\xad\x99\x80\xea\xe5\xd0\xa1\xc38\
\x1e\xab\xec\x94\xff\xa8\x13\xe2\xcb\x93Wq8Ylt\
\xf5*^\x09\xcf\xa9\xa7\x99\x80\x95\xb5SF\xe1:\xcd\
\x04\xe4xI`\x8c\xdfh\xee\xa1\xd3\x93\x9c[e\x81\
\xcc\x94\xe38\x88m\xebT\xc2UB,\x1e\x7f\xaa\xa7\
\xa7\xe7k\x22\x82\x88\x18\x98\x19\xf87!\xf0\x85\x0f\xdf\
qG\xbc\xd21\xae\x055k\x00\x00\xfe\xf5\xd1\x1f\xee\
0\x98G\x81\xedj\x02\xaa\x8bt:\xcd\xb3\xcf\xed\xa3\
\xb1\xbd\xfc\xab\xfe\xfd\x89.\xbe8y\x0d1w\xb1\xef\
MM\x80\x9a\x80\x95\xb4SX\xa7\xfc\xfdo\xb0l~\
\xa7\xf9$7\x043\x0b\x0d-v\xfbqnK,\x1a\
e\xd3\xa6MXz\xabr\xc5\x88\xc7\xe3O\xf6\x9c>\
}\xaf+\x02\xb3\xe2o\x80)\x11\xf9\xea\xef\xdeq\xc7\
\xba^\xf1o1j\xda\x00\x80\x9a\x80jd``\x80\
\xb3\x17.\x10)s\xc64\x07\xc37&\xaf\xe4\xfb\xd1\
\xed\x99\x82\xcb)\x82s\xea\xa9\x09XY;e\x14\xae\
s\x13\x00\xf0\x96\xc8E\xde\xdft\x16\x8f)~n\x9d\
=\x9c2\x7f%\xe2qZ\x9b[\x08\x85\xf4N\xa5\xcb\
M<\x1e\x7f\xe2to\xefW\x5c\x91\xd9\xc1~\xb3\xe2\
\xff\xb5\xdfy\xff\xfbkV\xfc\xa1\x0e\x0c\x00\xa8\x09\xa8\
&\x8e\x1c9B\xda\xb2\xca\x9e\xa1q\xc4\x09\xf1\x99\xb1\
\xeb\xe7O\xe8\xa3&\xa0t\x055\x01+h\xa7\xb0\xce\
\xd2\xf6\x7f\x8f\x7f\x9a\x8f\xb6\x1e\xa7\xab\xb0K`\xe6\x8f\
\xb9/p\x1d\x07\x0bh\xd3[\x05/\x1b\xf1x\xfc\xf1\
\xde3g\xbe\xe2f\xf2\xfe\x999\xfe3\x8fS\x88\xdc\
\xf7\xdb\xef{\xdfd\xa5c\x5ck\xea\xc2\x00\x80\x9a\x80\
j`\xdf\xbe\xe7\xf15D\xca\x9e\x99q\x7f\xa2\x8b/\
L\x5cK\xdc]\xc0,\xa8\x09(]AM\xc0\x0a\xda\
)\xac\xb3\xb4\xfd\x8fX6\xbf\xdbr\x8aW\xe4\xba\x04\
f\xea\x15o\xc7\x88\x10\x8bF\xd9\xbcys\x19\x01)\
+!\x91H<\xde{\xe6\xcc?\xbb\xae\x0b`eG\
\xfc\x1b\x81(\x22\xf7\xff\xd6\xaf\xfej\xcd\x8b?\xd4\x91\
\x01\x005\x01\x95\xe4\xa9\xa7\x9f!\xd2\xdaRV][\
,\xbe1y%?\x88m+]YM@\xe9\x0aj\
\x02V\xd0Na\x9d\xa5\xef\xff-\x91~\xeeh:\x83\
\xd7\xc8\xc2\xe2\x9f\xf7\xf7\xd8\xc8(;vl\xc7\xb2\xac\
2\x82R\x96J\x22\x91\xf8\xd9\x99\xb3g\xbf\x94\x15\xff\
\x5c\x7f\xbf\x95\xbd\xf2\xff\xc6\x7f\xfe\x95_\xa9\x0b\xf1\x87\
:3\x00\xa0&\xe0r#\x22<\xf9\xf4\xd3e\xdf\xe2\
7\xec\x84\xf8\xcc\xe8\xf5\x9c\xcd\xa5\xfc\xabM\x04\xe7\xd4\
S\x13\xb0\xb2v\xca(\xac\x11\x13\xb0\xc77\xcdG\xdb\
O\xb0\xa1\xa0K`^\xf5\xacA\x98\x18\x1de\xeb\xd6\
\xad\xba\xa0\xd0*\x93L&\x1f\xef={\xf6s\xe2\xba\
\x86Y\xf17\x222\x0d<\xf8\x9b\xef}o\xdd\x88?\
\xd4\xa1\x01\x80\xc5M@C8\xac\x93t\xac\x12v:\
\xcd\xd3\xfb\xf6\xd1T\xa6\xf8?\x9f\xe8\xe2\x8b\xe3\xd7d\
S\xfe\xab}\xf2V\x13Pi\x11,\xafN\xed\x9a\x80\
L\x97@\x0f\xaf\x0c\x8d\x16\xafV\x90\x1d\x98\x9a\x98`\
\xd3\xc6\x8d\xba\xa2\xe9*\x91\xb6\xed\xa3\xbdg\xce|\xc2\
u\x1c\xc9M\xf2\xc3\xac\xf8\x7f\xf37\xde\xf3\x9e\xa9\xca\
Fx\xf9\xa9K\x03\x00\x0b\x9b\x00c,\x1a\xc3aM\
\xbf\xad\x90x,\xce\xfe\xc3\x87i,#\xedo\x8b\xc5\
\x03\x93{\xf8a\xb40\xe5\xaf&`e\xed\x14\xa9\xa0\
&`\x05\xed\x14\xd6Y\xde\xfe\xdf\xd2\xd0\xcf\x1dMg\
\xf1\xe5\xdf%P\xa4k\xc0\x00\xd1\xa9i:;;\xf0\
\xfb\x17X\xceZ)\x0b\xd7u\xfb\xcf\x9e;\xf7g\xa9\
T*\x9e\x1d\xe9\x9f\xeb\xf7\x8f\x01\xdf\xfa\xd0\xbb\xdf]\
w\xe2\x0ful\x00`\xc6\x04\xfc\x08\xd8\x96o\x02,\
\xcbCc$R\xb6\x0e(s\x99\x98\x98\xe0xOO\
Y\xb7\xf9M\xbb>\xfen\xe4\xc5\xf4.\xb8l\xaf\x9a\
\x80\x95\xb5S\xa4B\x15\x88`\xe9:\xb5m\x02\xae\xf4\
O\xf3G\xedGi\xb2\xec\x05\xc5?G<\x16\xa3\xb5\
\xa5\x85\xa0.h\xb6\x5cR\x17/^\xfc\xf8t4:\
8\x93\xf2\xcf\x98\x80\x98\xc0w>\xf4\xaew\xd5\xa5\xf8\
\x03\xd4\xf5e\xee[\x7f\xf1\xc63\x82\xbc\x03\xb0\xb39\
!D\xc0u\x1d\x92\xc9\xf9}uJi\x86\x86\x868\
y\xe6LY\xe2?\xea\x04\xf9\xeb\xa1\x97\xd3\x9bj\xce\
L\xc1Z\x14)\xfa\xe7\x82\x94\xac#\xab\xd4Na\xbd\
E^\xb0\xac\xf7+\xf2\xa2j\xdb\x7f)\xa3\xe2\xb2\xdf\
k\xb5\xf7\x7f\xb5\x8f#V\xb4\xff'R\x0d|l\xe8\
Z\x06\xdd\xf9\xa2^h\x07B\x91\x08\x93\xd3\xd3\xc4b\
\xb1yu\x95\xd2\xc4b\xb1oFc\xb1~@\x8c1\
Bf\xe2l\x07c\xbe_\xcf\xe2\x0fun\x00\x00\xde\
\xfa\x8b7>)\xc8\x1f\x03\xe4\x9b\x80D*Iv\x94\
\xa8R&}}}\x9c\x1f\x18 \x14\x89\x94\xac{1\
\xdd\xc0\xff\x18\xba\x81\x01;\xaf\xae\x9a\x80\xd2/\xaa\xb6\
\xfdW\x13P\xba\xe2\x02\x9b/\xd8!\xfe`\xf0\x1a\xce\
\xa6\xc33e\xf3\x13A\x99\x12\x7f @,\x91`:\
\x1a-#(%\x87\xeb\xba\x03\x97\x06\x06\xbeCF\xfc\
]fM\xc0\xbe_\x7f\xe7;\x87*\x1c^\xc5\xa9{\
\x03\x00\x80\xf0\xdf\x05y\x14\xe6\x9a\x80\xb8f\x01\xca\xe6\
TO\x0f#SS\x04\xcaHS\x9eJ\xb5\xf0\xd7\xc3\
/g\xc2\x09\xcc\xdf\xa8&\xa0\xf4\x8b\xaam\xff\xd5\x04\
\x94\xae\xb8\xc0\xe6Q\xc7\xcf\x1f\x0e]\xcd\x91d\xe3\x82\
\xe2\x0f\x19c\xe0\xf3\xf9H\xa5\xd3LN\xd6\xd5@\xf5\
\x15155\xf5e\xd7us'\xf2\x9c\x09\xe87\xc6\
\x1c\xacd\x5c\xd5\x82\x1a\x00\xe0\xad7\xde\xe8\x22\xfc\xaa\
 \xa30k\x02R\xe9\xb4f\x01\xca\xe0\xe8\xd1c\xc4\
m\xbb\xac\x05}\x0e\xc4;\xf9\xe4\xf0K\x17\x9e\xdc\x07\
\xd4\x04\xa8\x09(]XC& \xeaz\xf9\xe3\xe1\xab\
x*\xde:[X \xfe9<\x1e\x0f\xae\x08\xe3\xe3\
5=C\xed\xaa \x22##\xa3\xa3O3+\xfc\x00\
Ic\xccO>\xf8\x8ew\x94\xfb\xab\xaei\xd4\x00d\
y\xeb\x8d7\xf6!\xfcAv\x15\xe8\x19\x13\x90L\xa7\
+\x1aW\xb5s\xaa\xa7\x07\xdb2Xe\xdc:\xf9\xd3\
\xe8f>5\xf2B\xd2n\x19\x87\x9d\x9a\x80\xd2/\xaa\
\xb6\xfdW\x13P\xba\xe2\x02\x9bSb\xf1\x17#W\xf2\
\xbdh\xd7\x82\xe2?SfY\x88e\x18\x1b\x1b+#\
\xa8\xfa%\x91L~_D\x9c\x99~\xff\x8c\x09\xd8\xf7\
\x81_\xfee\x1dL\x91E\x0d@\x1e\x02\xf7#\xa4\xf3\
M@2\xa5\xdd\x00\x0b\xd1\xd7\xd7G4\x95*K\xfc\
\x1f\x99\xda\xc9?\x8f]\x8d\x9b;\xa5U\xd5\xc9[M\
@5\x88`\xe9:\xb5m\x02\x5c\x0c\xffgl\x17\xf7\
Mn\x02\x16\xbb\xa1\xc1dnS\xb6,\x86\x87\x87\xcb\
\x08\xaa>\x19\x1f\x1f\xff\xf7<\xf1\x17\xc01\xc6\x9c\xab\
t\x5c\xd5\x84\x1a\x80<\xdev\xe3\x8d\xe3\x02\xff\x9e9\
\x1ff~\xa5\xae+8\x8eS\xe1\xc8\xaa\x8f\xa1\xa1!\
\x06\xc7\xc7K\xa6\xfd\x05\xf8\xda\xf8^\x1e\x9c\xb8\xa2\xf8\
\xc6R\xa8\x09(\xfd\xa2j\xdb\x7f5\x01\xa5+.\xb2\
\xf9K\x13[\xf9\xc7\xf1\xed\xc5\xabd\xb3\x03\x86Lw\
\x80\xb1,\x86\x86\xea~,\xdb<\x5c\xd7\xedK$\x12\
\xa3\x80\x9bg\x02.\xfd\xda\xdb\xdf\x9e\xaatl\xd5\x84\
\x1a\x80y\xc8\xd7s\xbf\xdf\x9c\x09\xb0\xd5\x00\xccab\
b\x82\xb3\x17/\x96\x1c\xf0g\x8b\xc5gG\xaf\xe3\x87\
\xd3[\x17\xaeTU'o5\x01\xd5\x22\x82\x8b\xd7\xa9\
}\x13\xf0\xad\xa9n\xfez\xe4\x0al\xc9\x9f\xbf`V\
\xfcs\xf8\xfc~\xc4\x18\x86\x06\x07\xcb\x08\xaa~\xb0\x1d\
\xe70\x19\xf1\x87Y\x13p\xbe\xb2QU\x1fj\x00\x0a\
\x11\x1e\x04q\xf2M@\xda\xb6+\x1dU\xd5\x10\x8f\xc5\
9\xde\xd3S\xf2V\xbf\xa4x\xf8\xbb\xe1\x17\xf1Lt\
C\xb6d\xb5E\xb0\xc8\x86j\x13\xc19\xf5\xd4\x04\xac\
\xac\x9d2\x0a\xab\xea8b\xc5\xfb\xffX\xac\x9d?\x19\
\xdeKB\xac\xa2\xe2\x9f#\x18\x0cb\xbb.\x83j\x02\
fH\xa7RG\xb2\xa2\x9f3\x01\x8e1\xe6b\x85\xc3\
\xaa:\xd4\x00\x14\xf0\xb6\xd7\xbev\x18\xe1\xa73\xd7\xff\
\x02\x8e\xab\x19\x00\xc8\xcc\xed\xbf\xff\xf0\xe1\x92\x93\xfc\xd8\
b\xf1\xa9\xe1\x17r4\x91]\x03`\xcdD\xb0\xc8\x86\
j\x13\xc19\xf5\xd4\x04\xac\xac\x9d2\x0a\xab\xea8b\
\xc5\xfb\xff|\xa2\x99?\x1f\xbe\x12[\xcc\xa2s\x0e6\
46\x92N\xdb\x0c\x0e\x0c\x94\x11T\xed\x93J\xa5\xfa\
`\xa6\xef\xdf5\xc6\x8c\xbc\xff\xb6\xdbt@W\x01j\
\x00\x8a \xc8H\xee\x87+d\xc6\x01\xd4;\x22\xc2\xd3\
\xfb\xf6\x95\x9c\xdb_\x80/\x8c^3+\xfe\xf9\x1b\xe6\
\xfeQ\xfc\xc5%\x03)cC\xb5\x89\xe0\x9czj\x02\
V\xd6N\x19\x85Uu\x1c\xb1\xe2\xfd\x7f>\xd1\xcc'\
Fv-X%{\x85KSK3\xf1DBM\x00\
`\xdb\xf6\x84\xc9|\xaa9\x13\x90\xa8tL\xd5\x88\x1a\
\x80b\x08\x223'@\xc1\xad\xe3\xf5\x12r<\xf9\xf4\
\xd3e\xad\xeaw\xdf\xf8^\x9e\x89m(\xbeQM@\
\xe9\x17\xa8\x09XF\x9d\xda7\x01\x8f\xc5\xda\xf9\xc7\xb1\
\xed\xf3\xcaM\xc1:\x02m\x1d\x1dLMO\xd7\xfd\x98\
\x80t:=\x861R`\x02\x94\x02\xd4\x00\x14A\xc0\
\xcd\x9c\xfb2'@\x91\xfa\x9e\x0c\xe8\xa9\xa7\x9f\xa1\xb1\
\x0c\xf1\x7fdr'?\x9cZd\xc0\x1f\xa8\x09P\x13\
\xb0J\xed\x94QXU\xc7\x11+\xde\xffoNm\xe0\
k\xd9[\x04a\xbe\xf8\xe7\xe8\xea\xeefdt\xb4\x9e\
M\x80k;N\xd2\x80\x9bo\x02*\x1dT5\xa2\x06\
\xa0(\x92\x9b\x07\x08AX\xbc\xf7\xad\xb6\xd9\xb7\xefy\
\x22e,\xe9\xfb\xd3\xe9M<8\xbe\xbb\xbcF\xd5\x04\
\x94~\x81\x9a\x80e\xd4\xa9}\x13\xf0\xc5\xf1-\xfc\xdb\
t\xe7\x82\xe2\x9fc\xcb\xd6\xad\x5c\x1a\x18\xa8W\x13`\
y\xbd\xde \xc6P`\x02\x94\x02\xd4\x00\x14!\x97\xff\
\x9f\xf9\xad\xd6\xa9\xfe\x1f9r\x04_C\xe9\x85}\x0e\
\xc4;\xf9\xf2\xe8U\x99'\x15\x17\xc1\x22\x1b\xaaM\x04\
\xe7\xd4S\x13\xb0\xb2v\xca(\xac\xaa\xe3\x88\x15\xef\xff\
\xdf\x8e\xee\xe0\xc9\xf8\xc2\xa6<\xb3J\xb1a\xe7\xee\xdd\
\xf4\x9d\xef\xabK\x13\xe0\xf7\xfb#\x80\xe4\x9b\x80J\xc7\
T\x8d\xa8\x01(\x8al\x98Y\x14\x08\xb0\xea\xd0\x01\x0c\
\x0c\x0c\x90\xb6\xac\x92W\x1a\xa7\x92-|f\xf8\xba\xd9\
\x19\xfe\xa0\x0aD\xb0\xc8\x86j\x13\xc19\xf5\xd4\x04\xac\
\xac\x9d2\x0a\xab\xea8bE\xfb\xefb\xf8\xefC\xbb\
9\x9cl\x98\xb7-'\xfe9v]\xb9\x87\x13\xc7\x8f\
\xd7\x9d\x09\xf0z\xbd\x0d\xb9\xd5\xff\xb2&\xa0\xf4B%\
u\x88\x1a\x80\x02\xee\xfb\xde\xf7\xdaE\xf8\x05\x90\x99\xf5\
\x00<eLu[K\xa4\xd3i\xce^\xb8\x80\xd7\xbb\
\xc8\x82=d\x96\xf4\xfd\xbb\xa1\x17\x91\x96\x22\x87Q\xc5\
E\xb0\xc8\x86j\x13\xc19\xf5\xd4\x04\xac\xac\x9d2\x0a\
\xab\xea8bE\xfb\x9f\x12\x8b?\x19\xbc\x92\xb3\xe9\xd0\
LY\xa1\xf8Cf\xb6\xc0=/x\x01\x87\x0f\x1c\xac\
+\x13\x10\xf0\xfb\xb7\xc3\xec\x12\xc0\x18\xd3\xf6/\x0f>\
\xe8\xaft\x5c\xd5\x86\x1a\x80\x02\x04y\x0b\xe0\xc9_\x16\
\xd8\xe7[\x5c\x08k\x8dg\x9f\xdbW\xf2^\xffQ;\
\xc8'\x07^\xb4\xccU\xfd\x16\xaa\xa7&`Em-\
\xc1\x04X\x22\x84\x9d\x14a'\x85Ux\x97\x8b\x9a\x80\
\xd2\x1b\xaa`\xff\xa3\xae\x87\x8f\x0f\xece\xd0\xf6\x17\x15\
\xff\x1c\x91H\x84m\xbbvrp\xff\x01\x86\x06\xebc\
\xda`\xaf\xcfwU\xc1\x22@`LWe\xa3\xaa>\
\xeaK\xd9\xcaAx\x9b\x98\xcc\xc0?\x110F\xf0y\
\xea\xe7c:t\xe80\x8d\xed\x8b\x8f\xf8\x9fv}|\
r\xf0\xc5L8\x01@\x16<\xf1@fsY=(\
3\xf5\x16yA9m-X'o\xc3\x8a\xda\xc9\xab\
 f\x15\xda)\xac\xb7\xbc\xfd\x0f\xb86]\xa9i6\
8\xd3l0QZ\xbd\x09B\x96M\xd0\xe3\x12\xf48\
\x84\xbc\x0e\x01\xafM\xd0\xe7\x12\xf2\xb9\xf8<\xd9;[\
2\xe9Q\xd2\x8eE\x22m\x91\xb4\xbd$l\x0f\x09'\
\xf3/\xe9z\x89;\x1eF\xd2A\x06$\xcc%O\x03\
\x03\xfe\x08I\x8fw\xf5\xf6_\x00S\xa2\xe2\xb2\xbf\xb3\
\x22\x85Uu\x1c\xb1\xa2\xfd\x1fu|\xfc\xd1\xe0^\xfe\
\xba\xfb\x18M\x9e\xf93\x96\xe6^\xb2\xa1\xbb\x9b\xa9\x89\
\x09\x0e\x1d\xd8\xcfu/|!\x1d\x9d\x9d%\x82Z\xdf\
x,\xebj2\xe2\x8f\x88`\x8cqEd\x03\xd0W\
\xe9\xd8\xaa\x09#z\x8f\xfb\x0c\xf7~\xf7\xbb\x11\x0c\xc3\
\x06\x13\xc4\x80!\xb3\xeaVW\x19\xb7\xc0\xd5\x02\x83\x83\
\x83\xf4\x8f\x8c,\xba\xc0\x8f-\x16\xffs\xe0\xa5\xf4&\
\x0b2\x04%\xc6\x0a\x94=\x8c\xc2\xcc\xfbcym-\
\xbc\x94\xda*\xb5\x93WaU\xda)\xacW\xfc\x05\xad\
\xa9\x18\x9b\xecI60\xcd\x06O\x8c\x0d\xc1\x18]\xe1\
\x18\xad\x91\xf4\x9cW\xe4_\x11\xce6Yp?K\xc1\
\xf3\xc2\xf1\x1e\xa6pY\xda\xbc\xe7cQ?\x03\xb1\x10\
\xfd\xc9\x10\x03N\x98~\x13\xa1\xcf\xd7\xc4\xa8\xb5\xc0\xfa\
\x10e\x7fF\xabp\x1c\x15\xadS\xa4\xb0\xaa\x8e#V\
\xb4\xff{\x03Q\xfe\xaa\xfb\x18\xde\xbc\xb1n\x85\xdf\xb5\
\xe38\x1c\xdc\xb7\x8fT2\xc5u/\xbc\xbe\xd6M\x80\
;4<\xfc\xced29AF\xe7\x0c \x22\xf2\xfd\
\xf7\xdez\xabN\xed\x9a\xa5~.m\xcb@\xe0MF\
\x08\x8a\x11\x8c\x18\xc4\x08\xa1@\xa0\xd2a]\x16\xd2\xe9\
4g\xfa\xfaJ\xa6\xfe\x1f\x18\xbbb\xbe\xf8\x03\xd9t\
\xc9\xc2/\xd4L\xc0\xb2\xf6\xbf\xc9N\xb079\xc4^\
\xdf\x08{\x9b\xc7\xe9\xe8\x9c?\xa1\xd9<\xe1\xce\x14\xce\
\xfe\x9d}\xbe\x1a\xe2\x9f+mkH\xd3\xd6\x90\xe6j\
&\xe7\xb478\x15\xe0\xc8X\x13G\xd3\xad\x1c\x09t\
0\xe1\x09\x14\xecW\xa9}\xd7L\xc0r\xf6\xffx2\
\xc2?\x8dm\xe57\xda2\xab\xdd\x16~\xd7\x90\x19\x0f\
p\xe5UWqx\xff~\x0e\xee?P\xeb&\xc0j\
njz\xfd\xe0\xd0\xd0\xbd\x909\x9eE\xc4\x18c:\
\x81K\x15\x8e\xadjP\x030\x07\xf9]\xc1`\x04r\
& \x5cb\xc5\xbbZ\xe1\xd9}\xfbJN\xf6\xf3|\
\xacs\xf1\x89~\xd4\x04\xac\xb0\x1d\x08\xd9i\xaeL\x0d\
\xb1\xd73\xca\x0b\x9a\xc6\xd8\xd8\x19[\xb4~%\xc4\x7f\
\xb1\xf6\xbb\x1a\x93t5\x0eq\xa3\x19\x06Nra<\
\xc8\x91\xc9\x16\x0e\xbb\xad\x1c\xf5\xb7\x133%N9j\
\x02\x96\xbd\xff\x0fNvq]p\x8aW\x85\xc7f\x0b\
\x0b\xbe\xdbp$\xc2\xf6]\xbb\xe8=\xd5\xc3\xa1\x03\x07\
\xb8\xee\x85/\xa4\xbd\xa3\xa3DP\xeb\x13\x9f\xcfw\x8b\
1\xe6^\xc9\xa6\xb9\xb3&`\x1bj\x00f\xd0.\x80\
,_y\xe4\x91\x1b\x0c<\x99K\xc3\x19 \x10\xf0\xd3\
\xde\x5cz\x12\x9c\xf5\xce\xe1\xc3G \xb0\xf8\x00\xd9a\
;\xc4_\x5c\xbc\x81\xb8\x94\xe1\x19\xb5;`I\xed4\
\xdaI^\x9e\xea\xe3\xe5M\x97\xd8\xde:]\xf2\xe3\x9b\
i\xa6\xca\xc4\xbfT\x1b\x08\x9c\x1e\x8b\xf0\xb3\xd1\x0e~\
\xe6\xd9\xc8\xe4b\xd95\xed\x0e(]\xb1\xc8\xe6\x88\xe5\
\xf0\xb7\x9b\x8e\xd0\xedM\x16\xfd\x1d\xe6JN\x1e;\xce\
\xe8\xc80\xc6X\x5c\xf7\xc2\xebk\xd6\x04Dc\xb1\x8f\
\x8d\x8f\x8f?\x93\xed\x020d4\xef\xc9\xf7\xbc\xe5-\
\x13\x95\x8e\xad\x1a\xd0\x0c@\x0e\x91\xdf\x17c\xb2\xe6;\
3\xff_C(\x5c\xe9\xa8\xd6\x9c\xc1\xa1!l\xcb,\
z \xd8b\xf1\x99\xa1kgG\xfc\x97\xbc\x8a\xd1L\
@\xa9v\xbc\xb8\x5c\x1f\xeb\xe7\x95\xe1\x8b\x5c\xd3=\x86\
e-\xcd\x88\xaf7\xf1\xcf\xe9\xd9\xee\xf6\x18\xbb\xdb\xcf\
\xf1^\xf7<\x07.5\xf1Xl\x03\xcf\x05\xbbH\x9b\
\x82\x1b\x924\x13\xb0\xac\xfd\x8f\xba\x1e\xee\x19\xda\xc5\xdf\
l<\x8e\xb7\xe0\xf6\x81\xfc\xaa\xbb\xf6\x5cA,:M\
\x22\x91\xe0\xd0\x81\x83\x5c\xf7\xc2\xebiko/\x11\xd4\
\xfa#\x14\x0c\xbe}\x1c\x9e\xce\x0d\x06\x040\xc6\xec\x00\
\xf6W2\xaejA3\x00\xc0\x97\x1f~h\x17\x98\x93\
\x06\xac\xdcI\xcd\xe7\xf3\xd2\xd5V{?\x88|\xect\
\x9a\xe7\x0e\x1e,\xd9\xef\x7f\xdf\xe8\x95\xfc`\xb2 \xf5\
_\xd6U\x8cf\x02\x0a\xd9\x1d\x1f\xe1\x95\xde\x0b\xbc\xb4\
k\x88\x90\x7f\xfe\xa8\xedrX\x97\xe2\xbfH\x1b\xb1\xa4\
\x87\xc7\x07Z\xf9\xb1\xb3\x91\xe3\xbe\x82\x8c\x9bf\x02J\
W,\xb2\xf9\xadM\x83\xfcF\xfb\xf9\x85\xab\x18Ct\
z\x9a#\x07\x0e\x22\xae\x8b\xe5\xb1\xb8\xf6\xfa\xda4\x01\
\x93SS\x1f\x9c\x9a\x9a:\x033\x83\x01\x01~\xfa\xee\
[n\x89W0\xac\xaa@3\x00\x80\x08\xff\xc5\x18\xb1\
2\xfd\xff\x82\x18CC\xb8\xf4\x14\xb8\xeb\x9dg\xca\xe8\
\xf7\xdf\x1f\xeb\x9c/\xfeP\xe6U\x8cf\x02\x00BN\
\x9a\xff\x90\xee\xe5\xe7\xdb\xfb\xe9\xdc\xb0\xb2UIkM\
\xfc\x01\xc2\x01\x87\xff\xb8}\x84\xd71\xc2\xc0\x94\x9f\x1f\
\x0ew\xf1=\xb3\x99\xa8\xc7\xa7\x99\x80e\xee\xff\xbfN\
vq}h\x8a\x9f\x0b\x8f\x17\x15\x7f\x80HC\x03\xdb\
w\xee\xe0\xcc\xe9\xd3\xb8\xae\xcb\xa1\x03\x07\xb9\xf6\xfa\xeb\
j\xce\x04D\xc2\xe1wNOO\xdf#\x22Vn0\
 \xb0\x1d8V\xe9\xd8*M\xddg\x00\xfe\xf9;\xdf\
i7\xc6\x9c\x03\xc2&\xeb\xb6\xbd\x1e\x0f\xdd\x9d\x9de\
_\xa0\xaeG\x8e\x1c=\x8a,r\xbb\x1f\xc0\x88\x1d\xe4\
\xcf/\xbeb\xf1\xc9~4\x13\xb0 \x8dv\x8a\xd7\xba\
\xa7\xf9\xc5\x8d\x17\x08\xfaV~\xe7Q-\x8a\xffBm\
&\xd2\x1e\xbe{\xa6\x93\x87\xac\xadL\xf8\x03\x9a\x09X\
\xc6\xfeG,\x87\xbf\xdb|\x84\x0d\xdeT^\x1d3\xaf\
\xfa\xc9c\xc7\x18\x1b\x1d\xcdn\xb6j\xd1\x04\xd8cc\
c\xef\x8e'\x12\xc3\x22b\x91\xd1=\x17\xf8\xc9\xbbo\
\xb9%]\xe9\xe0*\x89\xce\x04\x08\xbf%\x22a`f\
\xea\xdf\x86p\xb8\xa6\xc5?\x1e\x8b\x91p\x16\x17$G\
\x0c\x9f\x19\xbanq\xf1\x07\xca\x9b\xed\xacD\xa5r=\
\xa8\xcc\xfbc\x99\xf1\x94\xb1a\x05\xed\xb4\xdaq\xde\x91\
>\xcc\x9fo|\x8c7l;\xa7\xe2\xbf\x84\x18sm\
\x86\xfc.o\xbdr\x80\xbf\xdd\xf1,\xbff\x9f\xa0=\
\x9d\xa0\xe4\x97\xb2\xec\xef\xacHa\x15\x1cG\xf3\xeb,\
m\xff\xa3\xae\x87\xbf\x18\xdc\x85\x9d\xcbz\x17\x11\x7f\x80\
\x1d\xbbw\xcfLw.\x22\x1c>x\x90\xd1\x91\x912\
\x82Z7x\x1b\x1b\x1b\xdf\x0e\xb3S\x03\x1bc,`\
K\x85\xe3\xaa8u\x9d\x01\xf8\xd2\xb7\xbf\x1d\xc4p\xd6\
\x90\x99\x22\xd2\x18\x83e\x0c\x9b6l\xc0*w(\xf6\
:\xe4\xc9\xa7\x9e\xa2\xa1D\xea\xff\xfe\xd1=|\x7fb\
\xdb2\xae\xce\x17\xabS\xdb\x99\x80\xce\xd44\xaf\xf7\x9c\
\xe6\x15\x1b\x07\xf0.qP\xdf\xa2\xcd\xd7\x99\xf8\xcfy\
\x9e}\xb4]\x8b\x1f\xf5\xb5\xf1\xa0l\xe5\x92U\xa2{\
N3\x01s\xb8\xady\x80\x0f\xb5_X\xf4m\x06\xfa\
\xfb9\xdb{&\xb3\xddd2\x01\xd7\x5cwm-e\
\x02\xa2\xc3\xc3\xc3\xefH\xa5\xd3Q2\xbag\x01i\x11\
\xf9\xe9\xbbo\xb9\xc5\xadtp\x95\xa2\xae3\x00\x02\xef\
C\xe8\xca.\xfc\x8bH\xe6\xea\xbf\x96\xc5\xbf\xaf\xaf\x8f\
Hk\xeb\xa2u\xf6\xc7:\xf8\xfeD\xb6\xdf\x7f\xc9W\
\xe7\x8b\xd5\xa9\xcdL@[*\xc6\x07\xdc\xe7\xf9o[\
\x1f\xe7U\x9b/\xa9\xf8/#\xc6\xa2q\xe6\xd5\xf5z\
\x84\xff\xb8}\x84\xff\xbd\xfdy>\xe29B\xa7\xbb\xc8\
X\x0a\xcd\x04\xcc\xe1\x81\x89\x0d<\x1em\x06\x16\xb6\x0e\
]\x1b7\x12\x8eD\xf2\xee\xd8\x14\x8e\x1c:\xc4H\xed\
d\x02\x22M\xcd\xcdo\xca\xed^6\x13\xe03\xc6l\
\xachT\x15\xa6n\x0d\xc0\x17\xbe\xf5-\x03\xf2{\xb9\
\xdfS\xce\x044Djx\xf0\x9f\x08\x17\x06\x06\xe6\x9d\
h\xf3\x19\xb5\x83|q\xe8\xea\xdc\x0b\xe6<\x94n\xbf\
\xbc\x18V\xdc\xc6\x9cz\x953\x01\x1e\x847$O\xf2\
\xc7\x9b~\xc6\xcb7\x0db\xad\xf2\x92\xe3*\xfe\xb3m\
\xe5\xca,\x03\xbf\xb0e\x9cOl}\x9e\xb7%z\xf1\
\xb8\x0b\x5c\xbc\xa9\x09\x98\xc3\xdf\x0c\xed`\xc8^`\xae\
\x0fc0\xc6\xb0s\xf7\xae\x99\xe7\x00\xae\x08G\x0f\x1f\
\xae\x19\x13\xe0\xf3z\x7f\xd9\xb2f.\xefr&`\xeb\
W\xbf\xf3\x9d\x8a\xc6UI\xea\xd6\x00\x00\xb7\x8ap\xe5\
\x8c\xf4\x0bDB!\xbc5\xbc\xf4\xef\xfe\x03\x07hh\
n^\xb4\xce\x97\x87\xf7\x12\x9b\xd3\xef\xaf&\xa0X\x9d\
+\x13C|<\xf2\x13~iG/~\xef\xeag\x10\
U\xfc\x99'\xfe\xf9e\x01\xaf\xcb{\xf7\xf6\xf3?[\
\x9e\xe3\xda\xf8\x02\x02\xa5&`\x86i\xd7\xc3'\x87\xb7\
\xcd\xaf\x93\xf7}546\xd2\xd5\xdd=\xbb\x09\x10\xd7\
\xe5X\x8d\x98\x00cLWKK\xcbk1\xc6\xcd3\
\x01A\xa06gA*\x83\xfa5\x00\x22\xbf\x9fy\x80\
\x9c\x09hjh\xa8hHk\xc9\xd4\xd4T\xc9Q\xff\
\xcf\xc7:9\x1c/\xd6\xe7\xa7& \xf7g\x93\x9d\xe4\
\x03\xf2<w\xed\xdcGw\xd3\xda\xdcF\xac\xe2\xcf\xa2\
\xe2\x9f_\xb6\xb95\xc5\x7f\xbb\xea\x04wZGiq\
\xf3F\xbb\xe7P\x130\xc3\xd3\xb1&~\x1a\xcd\x9bg\
\xa1\xf0\xfb\x02\xb6l\xdb\x86\xd7\xeb\x9d\xf3\x99\xbb\x22\x1c\
;|\xb8&\x06\x06\xfa\xfd\xfew\x19\x90\x02\x13\xb0\xc8\
\xfc\xe6\xb5M]\x1a\x80\xcf\x7f\xf3\xc1\x1b\x04^\x95\x13\
!\x11\x08\x05\xfc\xf8K\x08\xe4z\xe6\xf0\xd1\xa3\xf8\xfc\
\x0bO\xf7\x9b\x14\x0f_\x1b\xde\xb3H\x0b\xf5m\x02,\
\x11nL\xf6\xf2'\xdd?\xe1\xe5\x9b\x06\xcb\x0cl\xe9\
\xa8\xf8S\xb6\xf8\xe7\xb7\xfb\xeam\xe3\xfc\xed\x96}\xbc\
\xc9\xe9\xc3*\xfc\x22\xd5\x04\xcc\xf0\xf7#[H\x88U\
T\xfc\x01\xbc^/\xdb\xb6o\xcf<\xc9\xfb\xccE\x84\
\xa3G\x8e\xac{\x13`\x8c\xd9\xd3\xdc\xdc\xfc\xd2\x02\x13\
\xd0t\xefC\x0f->\x1bZ\x8dR\x97\x06@\x84\x0f\
\xce\xa6\xfe3\xbf\x8e\xe6\x86\xc6\x8a\xc6\xb4\x96\x9c9s\
\xa6\xe4\x84?\x0f\x8d\xed`\xcc\x0e\x968\x97\xd4\xa7\x09\
\xd8\x90\x9e\xe6\x0f\xc2\x8f\xf3\x8e\x9d'W\xe5\x96\xbe\x85\
P\xf1\xa7\xb8\xd0\x97\x10\xff\x1c!\xbf\xcb\x07\xaf\xe8\xe3\
\x7f4\xefg\xb3S\xb0\x88\x92\x9a\x00\x00\x86l?\xff\
2\x96\x19\xf7V\xf8\x9d\xe4\xe8\xe8\xea\xa2!ov\xd0\
\x99z\x22\x1c;zt\xdd\x9b\x80@ \xf0n\x8c\x91\
\x02\x13\xd0\xbd\xf8\xabj\x93\xba3\x00\x9f\xfd\xd7\x7f\x0d\
\x02\xef\xccO\xfd\xfb\xbc^\x82\xc1 \x025\xf7\xcfv\
\x1c\x06\xc7\xf2V\x07+B\x7f*\x92\xb9\xe5/\x87\x9a\
\x80\x19nH\xf6\xf1\x87\x9b\x9eb[\xebt\x99A,\
\x0f\x15\x7fV$\xfe\xf9e\xbb\xda\x12\xfc\xd5\xf6C\xbc\
&\xda?w\xbb\x9a\x00\x00\x1e\x98\xe8\xe2\x5cj\x91U\
N\x8da\xc7\xae]3\xdf\x93d\xcb\x84L&\xe0\xd8\
\xd1\xa3\x8c\x8e\x8eV\xfc\xdc\xb6\xdc\x7f\xc6\xb2^\x11\x09\
\x87\xb7\x15\x98\x80\xce{\x1fz\xa8\xee\xf4\xb0\xeev\x18\
x\x9b\x884\x03s&\xfeA\xa4&\xff\xed\xdf\x7f\x80\
H\xe3\xe2\xd9\x8d\xaf\x8e\x5c\x89#\x05\xa7\xd3:7\x01\
>\xc7\xe5W\xdc\x83\xfc\xda\xce\xa3\x04\xd6\xf0\xaa\x1fT\
\xfc\xf3\xdb*Y\xb6@\xbb\x85eA\x9f\xcb\x9d\xd7\x9e\
\xe5\xb7\xdd\xe3\xf8\xf3'\xbdR\x13\x80-\x86\xbf\x1d^\
\xa0\xdb;\xfb9\x86\xc3a6d\x07\x04\x1a\x00\x91\x99\
Gq]\x8e\x1f9\xc2\xd8\xc8H\xc5\xcfo\xcb\xfd\x17\
\x0c\x85\xde\x98\x15\xff\x9c\x09\xb0L\x1d\x0e\x06\xac;\x03\
 \xc8\x1d\x00\xb9\x09\x90D\xa01\x5c\x9b\xab\xfe\x8d\x8f\
\x8f\xe3\x0d\x87\x16\xad\xf3\xd4t7'\xe2\x0b\xcc\x0bP\
\xa7&\xa0;5\xc5\xc7\x9a\x1e\xe7U[\xd6~\xd9p\
\x15\x7fV]\xfc\xf3\xdf\xefuW\x8c\xf3W\xed3A\
\xe0\xd0\x00\x00 \x00IDAT\x07\xd9\x92\x8e\xcen\
P\x13\xc0\xfex\x03\xdf\x9f*\xe8\x16,\xf8\x1c7o\
\xddJ ;nh\xcew\x97\x1d\x18x\xe2\xd81\xc6\
Jd\x17\xab\x15\x8fe\xbd\xd1X\x16\x05&\xa0\xab\xd2\
q]n\xea\xca\x00|\xe6\x1b\xdf\xd8\x8c\xf0\xba\xfc\x89\
\x7f\xc2\xc1\xe0\xcc4\x98\xb5\xc6\xb1\x93'\xf1z\x17\x9e\
\xca7\xeez\xf9\xfa\xc8\x15\x8b7Rg&\xe0\x95\xc9\
\xf3|l\xebSlj\x8e\xcd\xdf\xb8\xca\xa8\xf8S\x5c\
\xe8WI\xfcslkK\xf2\xd7\xbb\x8ep\xa3\x93g\
\xe8\xd4\x04\xf0\xe9\x91\xcdD\xdd\xec\xb9\xaf\xc8\xe7\xe8\xf1\
x\xd8\xbac\xc7<\xf1\x070\x18\x5cW8q\xf4\x18\
\xe3\xeb\xd0\x04\x18c:\x9a\x1a\x1bo\xc8\xa6\xffs&\
\xa0\xe5k\x0f?\xbc\xf0H\xe9\x1a\xa4\xae\x0c\x00\x22\xbf\
*d\x06\x09\xe7L@c\x8dN\xfc\xd3\xd3\xd3CS\
\x89\x81\x7f\xdf\x1c\xdd\xc5\xe4B\x93\x83\xe4S\x07&\xc0\
\xe7\xba\xbc\x8f\x03\xbc\x7f\xd71\x02kp_\x7f!*\
\xfe\xb3m\x95,[\xa0\xddr\xc4?\xd7N\xd0/|\
\xe4\xcas|\xd8\x7f\x12\xbf\xc9~\xbfun\x02\xc6l\
/\x9f\x1f\xdd\xb8\xe0\xe7\x08\xd0\xd6\xdeNSn\xee\x90\
<\xf1\xcf=\x15q9~\xf4\x18\xe3c\xe3e\x04U\
]\xf8|\xbe[\xb2\xe2\x9fo\x02\xea*\x0bPW\x06\
@\xe0\x0edv\xe2\x1fc\x19\x22\xa1\xc5S\xe4\xeb\x95\
\x91\xf1\x89E\xb7\x9fK6\xf2\xa3\x89\xcd\x99'+>\
\xe9\xaco\x13\x10\xb6S\xdc\x19~\x8a\x9f\xdb<Pf\
\xa3+C\xc5\x7f\xb6\xad\x92e\x0b\xb4\xbb\x14\xf1\xcfo\
\xf7\xb5[\xc7\xf8\xff\x1a\x0f\xd3 \xd9E\xe0\xea\xdc\x04\
|s\xbc\x93S\xc9\xc5\xcf\x81\x9b\xb6l)*\xfe3\
o#\xc2\x89cG\xd7]&\xc0\xb2\xacW\xfb\xfc\xfe\
\xc6\x02\x13\xa0\x06\xa0\x16\xf9\xf4\xd7\xbf\xfeJ`o\xe6\
7\x911\x01\x8d\xe1\xc8\xbc\x13F-\xd0\xdb\xdbKC\
\xcb\xc23\xfe\x09\xf0\x95\xa1\xbdH\xfe)\xb4NM@\
\x8b\x9d\xe0\xa3-O\xb3\xab}\xaa\xcc\xc6V\x86\x8a?\
TJ\xfcse/\xe8\x8csO\xfb\x11\xda\x13\xd9\xf5\
\x04\xea\xd8\x04\x08\xf0\xc9\xc1\xad\x8b6\xd5\xd0\xd8Hc\
ccQ\xf1\xcf}[\x22\xc2\x89\xe3\xc7\xd7\x9b\x09\xf0\
G\xc2\xe1\x9b\xb2\xc7S\xce\x04\x04\xef{\xe4\x91\xda\xbd\
'\xbc\x80\xba1\x00\xc0\xfbg\x06\xfe\x01\x88\xd4\xec\xcc\
\x7f\x83#\xa3\x8bn\xff\xe9\xe4&\xce$\x8b\x1c\xe3u\
f\x026\xa4\xa6\xf9\xfd\xce\xa7\xd8x\x19\xfa\xfbA\xc5\
?\xbf\xad\x92e\x0b\xb4\xbbR\xf1\xcf\xb5\xb1\xad-\xc5\
_n;\xca\xe6Dvp`\x1d\x9b\x80c\x890\x0f\
M,\xbc\xea\x9f\x016m\xced\x0b\x8b\x89\x7f\xaeL\
D8\xb9\xceL\x80\xd7\xeb\xbd\xc5\x80[`\x02:+\
\x1d\xd7\xe5\xa2.\x0c\xc0\xa7\xee\xbf?(\x22\xef\x02f\
F\xff\xfb|>\x02~?\x025\xf5\xef\xfc\xf9\xf34\
\xb6\xe6M\xf7Y@J<<8\x9a]\xf4c\xd5O\
^y\x1b\xab\xdc\x04lO\x8e\xf1\xd1\xcdO\xd3\x16I\
\x96\xf9\xe2\x95\xa1\xe2\x0f\xd5\x22\xfe9\xba\x9al\xfer\
\xf7q\xf6$'3\x05ul\x02>7\xb2\x91\xa4\xcc\
\x97\x83\xdc\xa7\xd5\xd4\xd2B\xa4!2s\x9e\x99\xd9b\
\xb2\xcf\xb3\x9f\xab+\xc2\x89\xe3'\x18\x1b\x1b\xab\xf8\xb9\
\xb0\x9c\x7f\x18su(\x1c\xdeY`\x02\xda\xee\x7f\xe4\
\x91\xba\xd0\xc6\xba\xd8I\xe0\x97\x80\x96\xd9[\xff\x84\xe6\
\x1a\xbd\xfa\xbfxi\xf1~\xec\x1fOlb\xda\xc9\x9f\
\xf2\xb8\xfeL\xc0U\x89!\xee\xda\xb6\x8f\x86\x80]\xe6\
\x8bV\x86\x8a?T\x9b\xf8\xcf\x08[\xd8\xe5\xcf\xaf<\
\xc5\x8b\xec\xecUk\x9d\x9a\x80\x09\xc7\xcb\xb7\x0b\xb2\x00\
\x85\x9f\xdb\xc6\x5c\x16 O\xfc3\x9b\xe7\x1c\xa9\x88\x08\
\xa7N\x9cX7\x99\x80@ pKv\x00`\xce\x04\
x0f\xf15\xd3k\x84\xba0\x00\x22\x99{\xff\xb3\
\x7fc\x8c\xc9\x8c\xfe\xaf\x82\x09)V\xf3\xdf\xa5\xfe~\
\x1a\xdb\x16>nm\xb1\xf8\xde\xf8\xd6\x22\xe7\x80\xfa1\
\x01/K^\xe4\xb7w\x1dX\xf3\xc9}r\xa8\xf8S\
Tx\xabA\xfcse!\xbf\xcb\x1f\xef=\xcdkd\
(S^\xa7&\xe0\xbe\xb1.\xd2R\xfc8\x00hi\
m%\x1c\x0a\x91\xff\xdb60{\x0e\xca\x16\x1a2\x93\
\x05\x9d:\x9e5\x01Upn\x5c\xec\x9f\xc7\xb2\xded\
\x19c\x15\x98\x80\xba\x98\x14\xa8\xe6\x0d\xc0?\xdcw\xdf\
&\xe0u\xb9\xab\x7f\x80p0X\x93\xcb\xfe\x9e\xeb\xeb\
[t\xfb\xe3\x93\xddL\xd8\x81\xcc\x93:4\x01/K\
^\xe4\x03\xbb\x8f\xe0\xb1\xca\x0dhe\xa8\xf8\xb3\xa8\xf0\
\xce)[\xa0\xdd\xb5\x16\xff\xdcs\xaf%|t\xcfY\
^\xe3\xd6\xaf\x09\x18\xb1}|w\xb2\xad\xe8\xe7\x96\xa3\
{\xf3fr\x9f\xda\xdc\x0b\xff\x82c\x06\x10\x84\x9e\x13\
'\x98\x18\xaf\xfa[\x04\xdb#\x91\xc8\xcf\x19\x90<\x13\
\xd0\xfc\xf5\xef~\xb7\xe6\xe7\x04\xa8y\x03\x00|\x94\xcc\
q)9\x13P\x8b\xe9\xff\xe1\xe1a\x1aZ\x17\xbe\xfa\
w\xc5\xf0o\xe3\xdb\xe7\x16\xd6\x91\x09\xb8*9\xc4\x1d\
\xbb\x8e\x16;\xa7\xad\x09\xd5&\xfe\x96e\xe1\xf5x\xf0\
g\xc7\xbe\x04\x03\x01\x22\xc1 \xe1P\x88` @\xc0\
\xe7\xc3\xe7\xf5\xe2\xf1z\xb123\xa4\x95\x15\xe3\x82\xfb\
\x9a\x17O\xc9\xb2\x05\xda\xbd\x5c\xe2?Sl\x19\xfe\xcb\
\x95\xe7yq\xb2~\xbb\x03\xee\x1d\xdb\x90\x99\x16|\x81\
\x1fJk[\x1b\x81`\xa0\xa4\xf8\xe7\xcaD\xe0\xd4\xc9\
\x93L\x94\xb8-\xb9\xd2x}\xbe\xb7\x00\xb9\x19\x01s\
\x8f\x1b+\x1d\xd7Zc\xa4\xd4\xc9t\x1d\xf3\x0f\xf7\xdd\
\xb7\x158\x02\x04\xc9\x1c\x9f\x96\xd7\xe31Wl\xdb6\
\xef$\xb2\xdey\xea\x99g\x16]\xf1\xef\xc9\xa9n>\
?pU\xf1\x8d\xf3\xcf\xbce\xd4)\xa7\x9d\x22\x1b\xcb\
\xfd\xd8\xcbz\xbf\x12\x95\xb2\x9b\xb7'\xc7\xb8k\xfb\xf3\
5\x9f\xf6\xf7z\xbd\xf8\xbd^|^/>\x9fo\xe6\
\xef\xe5\xcet\xe9\xb8.\xb6mc;\xce\xec\xa3\xe3\xe0\
\xe4\xcd\xad_+\xe2\x9f\xff~\x89\x94\xc5\x1f\x1e\xdc\xc5\
\xc9\xc6f\x8aW.\x16X\x99\x85+\xfa\x1d\x992\xea\
,\xe7\xbd\xe6V\xfc\x83\xees\xdc\xd4\xb4p\xff\xfd\xf0\
\xd0\x10\xe7z{\xb3\xaf_X\xfc\xf3\xc7\x0aX\xc6b\
\xf7\x95{hn^\xf8\xf6\xe4\x0a\x93\x9e\x8eF\xdf\x98\
J&\xc7\x00#`\xb2\xb7\x8b\x1f\xb8\xfd\xe6\x9bS\x95\
\x0en\xadXx\x9e\xd8\x1a\xc0\xc0\xdd\x02~f\xad\xae\
\xdb\xd2\xd4d\x99\x1aS\xff\xf1\xb1q\x22-\x0b\x8f\xfc\
\x17\xe0\x91\xb1\xed\x0bnG(\xf8\x05\xcf+(ZT\
\xba\x9d\x22\x1b\xcbi\xa7\xec\xf7\x93\xc5M\x80\xc0\x06{\
\x9a\xdf\xd9\xba\xbf&\xc5?\x98\xbd\x92\x0f\x05\x83\x04\x03\
\x01\xacU>\xac=\x96\x85\xc7\xef'PP.\x22\xa4\
\xd2i\x92\xe94\xa9T\x8a\xb4m\xcf\xc6\x96\x17_\xc9\
\xb2ly5\x89?@\xd0\xef\xf2\xa7W\xf7\xf2\xfb\x07\
w\xd3\xd7\xd2\xb8\x82c\x7f\xb5\x7fGy\x1bV\xfc{\
\xcc\xaf3\xb7\xe2WF\xbbx]\xd3\xd8\x82/m\xef\
\xe8\xa0\xff\xc2\x05\xd2\xe9\xccdJ\xa5\xc4\x1f\xc0\x15\x97\
\x9e\x93'\xb9b\xcf\x9e\xd9\x99\x05\xab\x0b_(\x18\xbc\
-\x95J}\x06\xc9\xcc\x90\x22\xc6\x18#\xb2\x19\xe8\xad\
tpkE\xcdv\x01|\xea\xfe\xfb\xf7b\xcc\xbb\xb2\
\x92#d\xbeOiij23\x055\xf2\xefDO\
\x0f\x96\xb5\xf0W\xf9\xfct'\x97R%\x16<\xaa\xc1\
\xee\x80\x16;\xc1\x877\xd4\xceh\x7f\xaf\xc7Csc\
#\xdd\x1d\x1d\xec\xdc\xbc\x99\xcd\x1b6\xd0\xde\xd2B8\
\x18\x5cu\xf1_\x0cc\x0c\x01\xbf\x9f\xa6H\x84\x8e\xd6\
V6tt\xd0\xda\xd4D8\x14\xc2\xca\xcb6\xacG\
\xf1\xcf\xbdWS\xd8\xe5\xcf\xae\xea\xa5}\xa4\xfe\xe6\x09\
8\x97\x0a\xf2\x93\xe9\x85E\xda\x18\xc3\xff\xcf\xde\x9bG\
Ir\x95w\xa2\xbf/\x22r\xcf\xac\xb5k\xeb\xbd\xb5\
\x22\x89\xad\xb4!d5Hx\xd0\x08\x8c\x11 \xdb\xcf\
0\x18c{\xcc;g\x18\x8c}\xb01\xe0\xf7\xc6x\
a\xf0\xe0\xb1}\xfc\xb0\xfd\x1ex<\xc6`\x1b\xb1H\
BB\xa0\xee\xd6\x0aj\x16\x01j\xa1\xb5%\xa1\xeeV\
/\xd5]\xbdV\xd7\x92{f|\xef\x8f\x88\xc8\xbc\x11\
q#2\xb3*r\xad\xf8\x9d\x13U\x11\xdf\xbdqc\
\xc9\x88\xf8\xfd\xeew\xef\xfd\xee\xd4L\xdd;n}\x87\
\xea\xf7\x9d\xccm\xdbN\xd0\x99\xf1\xd2K/\xe1\xfc\xe2\
b\xd7\xbf\x99\xb2EQ\xd5_Q\x15E\x01\x19\x14A\
\x00\x83h\xec\xce={\x063\x5c,\x06X\x00\x00\xf8\
c\x00\x0a\xac\x10\x8f\x00\x0f\xa5\xd34h\x9d\xff\x96\x97\
\x97\x91\x1c\x1e\xf2\xcds\xdf\xb9\xed\xab\xfcX\xf4\xaf\x08\
HV\xcb\xf8\x9d\xf1}}?\xce\x9f\x88\x90I&\xb1\
qr\x12\xdb7m\xc2\x86\xd1Q\xa4\x12\x09_\xc1\xd7\
i(D\x88\xc7b\x18J\xa7196\x86\xd1\xa1!\
$b1\xe3z\xfa\x90\xfc-L\x0cU\xf0g\x17\x1f\
D\xfaT\xde0\xac#\x11\xf0og\xa7|\xb3o\x98\
\x98\x80\x16\xa9\x0f'&\x81\xfc\x8dm!\xb3p\xffY\
\xd7q\xe8\xa5\x97\xb0\xb8\xd8\x93}\x026$S\xa9[\
\xc8\xe8\x04h\x89\x00\x80hc\x97\xcf\xabm\xe8\x9d\xaf\
H\x80\xf8\xdc\xd7\xbf\xfe\x09\x00o\x83%\xee\x88tU\
Qxbll\xe0\xae\xf7\xc5\x17\x7f\xe6\xdb\xc6\xfbl\
v\x1cG\x8bf\xa7\xc7u\x22\x02\x22\xac\xe3\x83C\xfb\
\xfa:\xc2_2\x1e\xc7\xe4\xd8\x18vl\xda\x84\xa9\x0d\
\x1b\x90\x8c\xc7\x83=\xe96\x22\x16\x8db8\x93\xc1\xc4\
\xd8\x18\x86\xd2iD#\x91\xbe#\x7f\x0b\xdb'\xca\xf8\
\x93\x0b\x0e!:\xbf\xbe\xc2\x06\xbfTL\xe0GY\xef\
\x88\xb8\xaa\xa2`j\xca\x10\x09\xcd\x92\xbf\xb5\xad3\xf7\
\xac\x08\xd04\xed\xc3Z$\x92v\x88\x80\x91;\xef\xbf\
\x7f E\xc0\xc0\x11\xa2I\xfe\x7f\x00\xe3I\xd6\xcd\xff\
<1>\xaej\xaa\xda9?i\x07P.\x95\x10K\
\xfb\xcffx\x9f\xb3\xed\x7f\x1d\x88\x80w\xab\xcf\xf6m\
l\xfft2\x89\xad33\xd845\x85\xa1t\xba\xa7\
j\xfa\xad\x82\x88\x90\x88\xc50:4\x84\xb1\xe1ac\
n\xf9>\x22\x7f\xebx\x97m.\xe2\x83\xa3G\x80\xe3\
f_\xb0u\x22\x02\xfe\xed\x9c\xdc\x0b`\xdd\xa9\x89\xc9\
I\xa1\xf2\xd1\x1c\xf9\xd7\x0e\xc3\x8cC\x07\x0e\xf4\xa2\x08\
\x98H&\x93\xbfc>#\xa2\x08\x98\xb9\xf3\xfe\xfb7\
u\xfb\xe4\x82F\xff~]$\xf8\xdc\xd7\xbf\xfeG\x00\
>\x02;\xf9\xeb\xc9x\x5c\x19I\xa7\xb5n\x07\x9c\x08\
zy\xe9\xa5\x0367\x9c\x13/\xe6Gp /i\
\xcb\x1b`\x11p]\xf9\x18^\xbf\xb9\xfff\xf5\xcb\xa4\
R\xd8\xb6q#f&&\x0c\xa2\x1c0h\x9a\x86\xe1\
L\x06\xe3\xc3\xc3\x88\x8b\xd7\xd7\xe3\xe4o\xe1\xcd\xaf\xc9\
\xe2\xe7W\xe6\xd7\x95\x08x6\x9f\xc2Sy\xfb\x90i\
\xf1N\xa9\x9a\x86\xe1Z\xe7csj1\x16\x8e\xc1l\
\xbf\xd7\xe6w\xcb\xb2\xb1\xae\xe3\xe5\x03\x07\x8c8\x01=\
\xf0=\xb5\x16\x85\xe8\x97R\xc9\xe4\xacD\x04L\x0f\x9a\
\x08\x18\x88a\x80\x9f\xff\xfa\xd7U\x00\x9f`\xe0C0\
\x9eQ\xc5\xfcO\xd1HD\xdb:3\x93R\x15e\xa0\
j\xff\x00\xf0\xe3}\xfb\x90\xf1\x19\xfb\xff\xb7s\xaf\xc5\
\xf39\x9f\x88\x96\xcd\xdc\x11\xf7\x174\xa0r$\x89\xcd\
\xfeB\x1e\xf9\xa6++\xf8\xd8\xb6\x1f#\xa6\xe9M\x16\
\xb4z\x04E\xfe\xc3\xe94F\x87\x87\x11\xd1\x06z@\
\x8e\x0bU]G\xaeP@\xb1\xe8\xee\xa3\xd1k\xe4o\
\xd9\x0a\x15\x05\xbf\xf3\xbf\xa6p\xf4\x921`c\xd4q\
P\x1fH\xf3\x04\xfd\x1eQ\x13yZ?\xd6\x95\xc9\x15\
|f\xf3A\xf7.\xe6\xfdY\x5c\x5c\xc4\x81\x17_\x04\
I\x8e/\xbd\xb7\x12\x9b\xa2(\xd8~\xc1\x05\xbd6D\
p\xa1P(\xfcZ\xa1X<f\x0e\x07T\xc0L\x00\
\x88\x81\x93`\x9e{\xd7\xcd7\xf7=y\xf6\xb5\x00\xf8\
\xfc\x1dw(`\xbe\x15F\xb0\x9f\x0b\x01\x18?\x94)\
\x02TUU\xb6\xcd\xcc\x0cE4m\xa0<\x1d\x00\xb0\
\xb4\xb4\x84\xb93g\xa4/\x14\x00\x9c(\xa5\xf0\xa7\x87\
\xafA\xc37}@D@\x84u|l\xf41l\xec\
@\xbb\x7f\x10\xe4\x9f0\xdb\xf8\x07\xb1\xb6\xdf\x0a*\xd5\
*Vr9T\xac\xa1\x84=J\xfe\x96\xed\xe5S\x11\
|\xf8\x9f\xa6P\xbavh\xdd\x88\x80\xff\xb5\xfdE\xec\
\x88\x16\x04\x9b\xdd\x95\xff\xcc\x93O\xa1b\x0e\x09l\x95\
\xfc-\x9b\xa2(\xd8\xb6cG\xaf\x89\x80#\xb9\x5c\xee\
\xbd\xa5ryI\x22\x02\x8a`>\xc1\xc0\xd9\xdbn\xbe\
\xb9\xdb\xe7\xb9j\xa8\x9f\xfc\xe4'\xbb}\x0e-\xe3\xf3\
w\xdcA\x8f\xef\xdf\xffV\x00\xff\x00\xa2\xf7\x01\x18\x85\
Y\xe3'\xc3\x01E\x9a\xaa*[\xa6\xa62\xd1Hd\
\xb0\xba\xfd\x9bx\xfe\x85\x17\xa0\xc5\x9c#\xb4\xebx`\
a\x8b\xe1\xfe7\xbe^\xfe\x85\x0d\x80\x08x\x8f\xf6,\
\xae\x98l\x7f\xc8\xd1\xb5\x92\xbf\xaa(\x98\x1c\x1f\xc7\xe4\
\xd8\xd8@\x86\xa3n\x15\x8a\xa2\x181\x0c\x14\x05\x95\xaa\
=VC\xaf\x91?\x00\x8c\xa6t\x8c\xa5\xab\xf8\xe1\x83\
*0\xa2\x01\x19\xd5q\x12>\xe8S\x11\x90Tu\x5c\
\x95\x5c1\xf3;\xee\x0f\x11*\xa52\xb2\xd9\xec\xaa\xc9\
\xdf\xfa\xbfx\xfe<\x12\x89\x04b\xbd\xd3\xe1uX\xd3\
\xb4\xeb\xc0\xfcHU\xd7\xf3\x04\xb0u\xb2\x04h \x1a\
%`\xec\xb9\x03\x07*\xfb_z)\x7f\xf9E\x17u\
\xfb|[F_x\x00\xfe\xf1\x8e;&`\xd4\xf0/\
`\xe0\x22\x00\xaf\x07p\x19L\xd2G]\x99)\x00(\
\x16\x8dj\x1b\xa7\xa6F5U\x1d\xb8\x9a\xbf\x85}O\
>\x85\xd4\x90\xbc\x97.\x83\xf0\x89\x83\xd7\xe1\xbc\x15\xf7\
\x7f\xc0E\xc0\xb5\xe5\xe3\xf8\x8d\x8b\xf67\xb9\xc3\xea\xb1\
V\xf2\x1f\xced\xb0at\x14j\x1fw\xeck'\x98\
\x19\xd9|\x1e\xc5R\xa9'\xc9_L\xfd\xcc]\xe3x\
\xe8\x99$p}f\xe0=\x01\x1b\xb42n\xbfp\xbf\
\xa7\xb71\x97\xcb\xe1\x85\xe7\x9e3\xcb\x92\xfc\x0e~6\
G\x99\x0a\x11\xb6\xed\xd8\xd1k\xc1\x82\xe6K\xc5\xe2\x07\
\xf3\x85\xc2\x01\x89'\x80\xc0L\x0c\x14\xc0\xbcd\xfe/\
0\x90\xff\xe5[n\xe9\xf9\x08\x82\x81\x0b\x80\x7f\xba\xeb\
.\x02p\x09\x80Ml\xcc\xa8\xb4\x01\xcc\x930\xd63\
\xa8\x93\xb6ma\x8b\xc8\x0d\x88\x84\xbe\xd9\xb9\x9f\xe8\xe6\
\x17\xec\x0a\x98i(\x9dNM\x8c\x8f\x0f)\x03\x16\xed\
O\xc4\xfc\xfc<\x16\xf3y\xcf\xf4\xe7s\xa3\xf8\xdbc\
\xaf\xb1\x1b\x07T\x04LUV\xf0\xf1m?i{\xa4\
\xbf\xb5\x90\xbf\xaa\xaa\x98\xde\xb0\x01\xa9\xc4\xc0\xc6\x13\x09\
\x14\xe5J\x05+\xb9\x1c\xc4oS/\x91?\x88\x90/\
\x11>\xf4\xf9)\x1c;\xa7\xad\x0b\x11\xf0\x97[\x0e\xe1\
\xca\xd4\x8ag\xfa\xfeg\x9fE\xa1Pp\x17\xd5\x02\xf9\
[6\xb2D\xc0\x90\x7f|\x93\x0e#[\xadT\xfe|\
%\x9b\xbd\xcfG\x04(f\x1a\x81Ya@\x07sQ\
H\x07\x0c\xceUP\xe7^2\xd7\xc5\xffUSD\x14\
\xcd\xfd\x0b\x00\xb2\xcc|\xfe}\xef|g\xa0\x17\x15\x88\
\x00\xf8\xa7\xbb\xee\x8a\x02x-\x80\xeb\x01\x5c\x07\x83\xec\
\x09\x80\xc2\x16A\x9b\x17\x0d;i\x93hc{z\xed\
\x06\xcb\xf6q\x8a\x80h$\x12\x9d\x1c\x1f\x1fM\xc4|\
\xfc\xe2\x03\x82\xc7\xf7\xed\xf3\x9d\xf8\xe7\x0b\xf3\x97\xe1\xb1\
%\xc9\x10\x9e\x01\x13\x01\x0a3\xfep\xe41l\x1d\xcd\
6q\xb0\xd5c-\xe4\x9f\x88\xc7131\x11\xba\xfb\
[\x84\xae\xebX\xc9\xe7Q\xa9Tz\x8e\xfc-\xdbK\
'\x22\xf8\xd0?NAW\x08\xb8.=\xd0\x22\xe0\xcd\
\xc3\xe7\xf1\xb1\x99\xa3\x9e\xe9\xa7N\x9e\xc4\xdc\xb1ck\
&\x7f\x0b\x96' \xd3[\x22\x00\xcc\xfc\xa3R\xa9\xf4\
\xe9B>\x7f\xa8I\x11`\xd9\xadm\xc0.\x02\xea\x9c\
V\x17\x01\x06\xb7\x09B\xc3\xe4\xc6\x223\x9f\x04p\x82\
\x99O\xff\xfa\xbb\xde\xb5\xe6Z\xcf\x9a\x04\xc0\xff\xfe\xc6\
76\x02x\x0f\x98\xafg a]\x08\x1cD\xdeN\
\x11\x10\x8bFc#\x99\xccP&\x95J\x0fZ\x8c\x7f\
\x19\x98\x19O?\xff\xbcg;YQW\xf1\x87\x07\xaf\
GQ\xf7 \x9c\x01\x12\x017U_\xc6\xaf\x5cx\xa0\
\x89\x83\xac\x1ek!\xff\xb1\xe1al\xf0\x11j!\x1a\
#_(\xa0P,\xf6\x1c\xf9[\xf8\x87]#\xb8\xfb\
Gi@!\xe0\xf5i`f0E@\x5c\xd1q\xc7\
E\xfb\x11W\xe4#l\xca\xe52\x9e}\xea)\xa1\x9c\
\xd5\x93\xbf\xb5F\x8a\x82m\xdb\xb7\xf7\x9c\x08\x00P\xd6\
u\xfd\xeer\xb9\xfc\x95|>\x7f\xa0\xc3\x22\xc0\xca\xa3\
3\xf3\x09\x00\xcf\xfd\xfa\xbb\xde\xe5\xed\x9ai\x80U\x09\
\x80\x7f\xfe\xc67\x86\x19\xf8U\x00\xb7\xc0\x98P\xa8~\
\xa1\x1d\x10\x01\x91H$\x9a\x8c\xc7\x93\x99Tj(\x1e\
\x8b\xad+\xbf\xea\xc1\x83\x07Q\xf6\xd19\x8f-M\xe1\
\x0b\xf3\x1e\xb3\xfeY\x18\x00\x110\xa4\x17\xf1'[~\
\x80x\x1b]\xff\xab%\x7f-t\xf9\x07\x8ar\xa5\x82\
l>\x0f\x16\xc7\x95\xf7\x00\xf9\x03@\xae\xa4\xe0\xb7\xfe\
n\x0a\xe7\xb2*\xa0\x12\xf0\xba\xc1\x15\x01\x1f\x9b9\x8a\
7\x0f\xcb;\xda\x12\x8ci\x7f\x97\x97\x96\x02!\x7f+\
\xbf\xa2(\xd8\xba};2\x19\xef\xa8\x84\xdd\x043\xef\
\xabV\xab\xf7\x94K\xa5}\xc5b\xf1x\x87E\x80\xc2\
\xcc:\x80\xc3\xcc\xfc\xec\xfbo\xbb\xad\xe5\xb8\xe7-\x09\
\x80\x7f\xbe\xfb\xee\x08\x80w\x00x\x07\x98\x93\x0e\xa2\x96\
\x8a\x00EQ\x22\x11U\x8dk\x9a\x16'\xa2\x88\xd1O\
\x9f\x9d\xe4\x0f\xc7\xb6u^\x8a\xa2(\xaa\xaa\xaa\x11\x95\
H\xd34-\x1a\x8fF\x93\xaa\xaa\xae\xafA\xd3\x02~\
\xb2\xef\x09d\xc6|\xc6\xfe\x1f}\x0d\x9e\xcf7Q\xeb\
\xecs\x11\xf0\x9b\x91\xa7p\xcd\xa6\xd3M\x14\xbc:\xac\
\x96\xfc\xa3\x9a\x86MSS\x88\xfa\x04h\x0a\xd1:\xaa\
\xba\x8el.\x07]\xd7{\x86\xfc\xad\xe3=\xf4L\x12\
\x7fq\x979\x10\xc9\x12\x01\xd3\x11IA\x1e\xe8\x13\x11\
pej\x05\x7f\xb9\xe5\x90g\xd6s\xe7\xce\xe1\xb09\
Mp\xab#\x01d\xe9\xe2(\x81m\xdb\xb7#\xdd\xa3\
\x22@\xc0)]\xd7\x7f\xca\xc0\x090/\xea\xcc\x8b\xac\
\xebY\x18#\xd3\x0c\xd2\x17\x89\xde\xd8\x87\x1c\x1e\x04\xe8\
\xcc\xb9J\xb9|\xaeT.\x9f+\x97\xcbE4\x16\x01\
\x80\xe1\x11x\x01\xc0\x0b\xef\xbf\xed\xb6\xa6kEM\x0b\
\x80/\xdc}\xf7(\x80?0{\xe1[\xcaDq\xd6\
\xd6\x13\xb1\xd8h*\x91\x98\x8a\xc7b\x13\x9a\xaa&\x88\
h\xdd\x92u\xd0(\x14\x8b8x\xf4(T\x8f\xa01\
\xe7+1|\xe2\xc0uFL\xae\xa6_\xf2\xfe\x13\x01\
\x97\x94\xcf\xe2\xf7.\xfei\x13\x05\xae\x0e\xab%\xffx\
4\x8aMSSa{\x7f\x9b\xa03#\x9b\xcb\xa1\xaa\
\xeb=C\xfe\x16\xfe\xe0K\x13x\xf2p\xbc\xfe5\xbc\
v\xf0D\x00\x01\xb8\xfd\xa2\xe7\xb1A+K\xb3\xe8\xba\
\x8e\xa7\x9f|\x122NY-\xf9[G!\x85\xb0m\
\xdb\xb6~\x10\x01A#\xaf\xeb\xfa|\xb5Z}\xbcP\
(\xfcpye\xe5g\xac\xeb\xf0\x10\x01\x0a3/\x00\
\xf8\xde\xfbo\xbb\xcd\xbb\x97\xb8\x80\xa6\x04\xc0\x17\xee\xb9\
\xe7\x020\x7f\x04\xc08\xe0p\xd13+\x91H$=\
\x9a\xc9\x5c\x1c\x8f\xc5\xa6\x15E\x19\xf8Nx\xdd\xc2s\
\xfb\xf7C\xf5q+\xef9\xb7\x15w\x9d\xbe\xa0n\x18\
@\x11\xa0\x82\xf1\x7f\x8d\xff\x00\xd3CM=\xdf-c\
\xb5\xe4\x9f\x8c\xc5\xb0qj*\x1c\xe2\xd7fXC\x05\
\xabb\xcc\x80.\x93?\x00\x1c;\x1b\xc1\x07>?\x85\
\x8aNv\x1105X\x22\xe0\x03\x13\xf3\xf8?\xc6O\
{\xee~\xe4\xe5\x97q\xee\xdc9{\x11k$\x7f\xc3\
f\xd8\xb7l\xdb\xd6\xb3\xcd\x01\x9d\x003\x9f\xafT\xab\
\x8f-/-\xdd\x95\xcb\xe7\xe7!\x17\x01\x05\x18\x22\xe0\
\x9coah\x22\x10\xd0\xbf\xdcs\xcfu\x04\xfc\x1e\x88\
20\x83\xecX?\x8f\xaa\xaa\xf1\xf1\x91\x91+\xc6G\
F\xae\x8cD\x22\xa3am\xbf\xbd827\xe7\x1b$\
\xe3\xdfN^\x82\x95\xaa#\xb2\xdc\x80\x89\x80\xff\xc8\x87\
p\xf5t{\x5c\xff\xab%\xfft\x22\x81MSS}\
=qO\xbf\x80\x88\x10\x89DP\xd5\xf5Zs@\xb7\
\xc9\x9f\x880\x9c\xd4Q\xaa(x\xe6\x98P\xff9Q\
2\x82\x05\xa5\x06'X\xd0\xd9\xaa\x86[G\xcfy\xee\
\xa6h\x1a\xce\x9d=k{_\x5c\x87Y\x05\xf9\x03\x06\
\xf9,/.!\x96H :\xf8\x83\xbd\xe4 \x8a+\
\x8arQ\x22\x91xK\x22\x91\x18*\x97\xcb/\xe9\xba\
^4\x92\x88\x000\x11E\x00l\xff\xe9\xfe\xfd\xd9\xd7\
^~\xb9\xeflK\xbe\x1e\x80\x7f\xb9\xe7\x9e\x1b\x00|\
\x00\x96\xbb\xc1\xec\xd8\x00@\x19\x19\x1a\xba4\x93J]\
a\x1e,D\x9b\xb1\xb8\xb8\x84\xf9sg\xa5\x1f7\x00\
8R\xc8\xe0\xd3\x87\xaf\x92\xef< \x22`\xac\x9a\xc7\
\x1fo\x7f\x0c\xd16\xc4\xfa_\x0b\xf9o\x9c\x9c\xf4\xfc\
]\xba\x8c<\x80\x13\x00\xe6\x00\x1c7\x17q\xfd\xb8\x99\
o\xa3\xb0lr\xac\xcf\xc0\x18\xe1\xd3s\xc8\x16\x0a\xa8\
\x9a!\x84-t\x83\xfc-\x14\xcb\x84\xdf\xfa\xdc4N\
.\xa9\xf5\x9d\x15\x02\xaeI\x01\x93\x83\xe3\x09\xf8\xdc\xf6\
\x97pq\x5c\xe2\x813\xef\xc5\xb3O=\x85r\xb9\x1c\
(\xf9\x1b\x16\xd3\xa6\x106o\xdd\xba\xae=\x01\x02r\
\xc5b\xf1+g\xce\x9c\xb9G\xe2\x09 \x00?z\xff\
m\xb7\xbd\xec\xb5\xb3\xa7\x00\xf8\xe27\xbfy\x113\xff\
!\x80\x08\x84\x8e~D\x14\x99\x18\x1b\xbb.\x16\x8dn\
\x0d\xfaJBxc\xff\xfe\xe7\xa1&\xbck\xff_;\
u\x11\x1eZ\xd8\xec]\xc0\x00\x88\x80\xdf\x8c>\xdd\x96\
\x8e\x7fkq\xfbo\x9e\x9e\xee%\xf2/\x00\xb8\x1f\xc0\
\xdd\x00\xbe\xbdsv\xf6D\x10\x85>\xfa\xc4\x133\x00\
\xde\x0a\xe0V\x00o\x06\xd03\xb1Z\xc5\xe6\x80n\x92\
\xbf\x85\x87\x9eM\xe2\xd3\xf7\x8c\xd9\x0f\xa6\x12pu\x0a\
\x98\x18\x0c\x11p\xdb\xd8\x19|p\xd2\xf1h\x09\xf7B\
l\x06\x08\x9a\xfc\xad\x7f\x8a\xa2`\xd3\x96-\xa1\x080\
Q\xa9T\xbew\xe6\xcc\x99\xcfV*\x95\x12\xec\x22\x80\
\x01<\xf2\xfe\xdbn;#\xdbO*\x00\xbe\xf8\xcdo\
\x8e\x01\xf8\xbf\x01\x0c\xb10l/\xa2i\xa9\x0dcc\
7j\xaa:\xe6\xda)D[\xf1\xb8O\xef\x7f\x1d\x84\
\x8f\xbd\xf4z,;\xdd\xffN\xf4\xb1\x08\x98\xa8\xe4\xf0\
\xc9\x8b\x1e\x83B\xcduZm\x16k\xe9\xf0\xb7yz\
\xba\x17\xda\xfc\xcf\x00\xb8\x17\x06\xe9\xef\xd99;\xdb\xd6\
\xd9\x90\x1e}\xe2\x89$\x80\x9ba\x88\x81\xb7\xc1\x08\xfa\
\xd55X}\x02\xa4\x1d\xcf\x80\x8e\x92?\x00\xe8\x0c\xfc\
\xe6\xe7\xa61\xb7\xa0\x99U&3A%\xe0\xaa\xc1\x10\
\x01#j\x05_\xbf\xf8y(\xd6\xbc\xbf\x8e{q\xee\
\xecY\x1c9|\xb8m\xe4/\x8e\x0e\xd8\xbce\xcbz\
\xec\x18(\x85\xae\xeb\x07\x16\x16\x16\xfe\x22\x9f\xcf\x9f\x85\
]\x04\x94\x00\xdc\xff\xfe\xdbns}\x1b\x5c\x02\xe0K\
\xdf\xfcf\x8c\x81\x8f\x02\xd8\x0a\xf3\x11ff%\x1a\x89\
\x0cM\x8c\x8d\xbdEQ\x94\x9et\x07\x0e:\x9e\xda\xbf\
\x1fq\x8f\x0e\x80\x87\xf2C\xf8\xcc\x91+\x9b+\xa8O\
E\xc0{\xb5\xe7\xf0s[\xe6\x9b\xc8\xdc<\xd62\xd4\
o\xcb\xccL7{\xfb\xcf\x01\xb8\x1d\x06\xe9\x7f\x7f\xe7\
\xecl{\xe3 {\xe0\xd1'\x9ePaD\xff\xbc\x15\
F\x5c\x90\xae\xcc\x95\xce\xcc\xc8\xe5\xf3\xd0\x9d\xa1\x83;\
L\xfe\xd6\xfe\xdf~2\x8d\xbf\xbeo\xa4^\x98%\x04\
\x14\x02\xae\x1c\x0c\x11\xf0\xf7\xdb\x0e\xe0\xb2D\xceu\x8f\
\x01\xa0T*a\xff3\xcf\x08\xf9\x83'\x7fq\xffP\
\x04\xd4\xc1\xcc\x0b\x0b\x0b\x0b\x9f\xc8\xe5r'a\x17\x01\
\x8b\x00\x1ez\xffm\xb7\xd9\xda\xcc\xdc\xd5\x17\xa2[\xc9\
x\x91u\x18\xfd.XUUu\xc3\xe8\xe8\x9bB\xf2\
\xef\x0e\xce\x9e=\xebI\xfe\x00\xf0bn\x04h\xb6b\
\xdcL>n\x22c\xd3\xe54\xd8\xa9\x89rF+\x05\
\xbcn\xd3\xc9&\x0e\xd8<\xd6\x12\xe4\xa7\x8bC\xfd\x16\
`\x88\xf3\x8bv\xce\xce\xfe\xfe\xce\xd9\xd9G\xbbE\xfe\
\x00\xb0sv\xb6j\x9e\xc3\xef\xc3\x18\x1e\xfcQ\xf3\x1c\
;\x0a\x22B\x22\x1e\xaf\xd7\x0c\x0d\xa3=\x8f\xc3\xd6.\
\xf2\x07\x11n~U\x0e\x13C\xd5\xba\xd1\x12\xd4:\x80\
'r\xc0is\x18\xdd\xaa\xde!\x0f\xe3\xaa\xcbr$\
4Y\xceOs))\xf9\x03@4\x1a\xadw\xd2k\
#\xf9[\x98;v\x0c+\xcb\xcbM\x9c\xf8\xe0\x83\x88\
FGFF>\x11\x89D\x12\x00t\xf3\x9e\xe9D4\
\x0c\xe0\xd5\xce\xfc\xb6Q\x00_\xba\xf7\xde\x09\x00\xbff\
v'\xb4\xee\xb621:\xfa\xf3\x11M\x93\x04\x97\x0f\
\xd1\x09\x1c:\xf42\xd4\xa8w_\xcbo\x9f\xdd\x863\
\xe58\x00\x92|\xc5<\xd0G\x9e\x80\xb7G^\xc2\x85\
\xa3\xc1\xbd\xe0k\x09\xef\xbbqr\x12\x89\xce\xf7@.\
\x00\xf8\x1b\x00\xbf\xbcsv\xf6\xc1m33\x95F;\
t\x1a\xdbff*\xdbff\xbe\x7fd~\xfe\xf30\
*\x16W\xc1\x88\x12\xda\x11\x10\x11\x14E1:\x05v\
\x91\xfc\x01@Q\x00U\x01~|(n\x7f\x87\xac\xfd\
O\x96\x81!\xb5\xafG\x07\x10\x80\x9bG\xbc\xa7\xdf.\
\x16\x0a\xc8\xe7\xea\x1eg_\xf2\x97\xfc\x06\xf5t\xb70\
\x90\xe5_^^F<\x16C4\xda\xa0\x19t\x1d\x80\
\x88\x86\x13\xf1\xf8\xf6\x5c.\xf7(3\xb30:`\xf4\
\xa7\xcf=w\xf4\xb5\x97_^\x9b\xa5\xd0\xe9\x01\xf8E\
\x00*\x8cy\x8fu\x02xlx\xf8\xaaH$\xb2\x85\
a\xba\x03\xc2\xa5\xe3K\xa1\xe4\x1d\xe1\xb1\xc2\x84\x03y\
k\xeaL\x1e8O@\xa6Z\xc4\x0d\x9b\x83s\xfd\xaf\
5\xb6\x7f\x87\xc3\xfb\xea\x00\xbe\x00\xe0\x92\x9d\xb3\xb3\x1f\
\xdd9;\xdb\xf1\xdau\xab\xd89;\xbb\xb0sv\xf6\
\xa30f\x04\xfd\x02\x8ck\xe8\x084Uu\x11@\xa7\
\xc9\xdf\xc2[_\x9b\xc5HJ\xb8t\xb1J\xa5\x03x\
\xb2\xbf=\x01\xcf\xe4\x93\xa8\xb0\xfc\x9e\x10`w\xc9\x13\
\xd9\x8b3\xb7\xd9\x5c\x17\x0f\xc9\xb6ts?\x12\xbe\x87\
BY\xe2\xfe\xcc\x8c\xb9\xb99,\xaf\xact\xfd{\xdd\
\x0b\x8b\xa2\xaaW\x8d\x8f\x8f\xbf\x97\x88\x18uO\x00\x88\
\xe8U\xe2OQ\x13\x00\xffz\xef\xbd\xdb\xc8\x98\xd1\xcf\
zj9\x1a\x8df\x12\xf1\xb8\xcbm\x10\xa2\xb3\x88\xf9\
\x90\xce\xcb\xf9!\x94tQ\xc7\x0d\x96\x08x\x93v\x04\
\x115\x18\x0eY\xeb\xac~\x1d\x9e\xd8\xe7[\x00^\xb3\
sv\xf67v\xce\xcezO\xc3\xd6\xa3\xd89;{\
t\xe7\xec\xeco\x00x\x0d\x8ck\xe9\x08\xa2\x91H\xad\
cf\xb7\xc8\x1f\x00b\x1a\xe3\xb6\xabW\x8c\x1c\x22\xf9\
\x03\xc6W\x97\x01<\xd5\xbf\x22\xa0\xa8+\xd8\x9fO\xba\
\xec\xd6e\xa6\xd3i\xd3\xe0~\xbf\xea\xab\xee\xfb\xd6J\
\xcd\xdf\xb9?3\xe3\xc4\xdc\x1cVVV=7\xce@\
!\x1a\x8d\xde\x9aH$f\x1c\x22`\xe3\xbf\xdcyg\
\xad\x13\x7f\x9d9\x88\xde\x06@7\xc5\x96\x0e\x00C\xe9\
\xf4\xb5\x90\xf5\x13\x08\xd11\x9c>u\x0aQ\x9f\xe0?\
/\xe4F$\xd6\xc1\x10\x01\x89j\x197n>\xee\xce\
\xb3\x0a\xac\x85\xfcUU\xc5\xcc\xc4D \xe7\xd1\x04r\
\x00~e\xe7\xec\xec\xdbv\xce\xce>\xd30w\x8fc\
\xe7\xec\xec3;gg\xdf\x06\xe0W`\x5c[\xdb\x11\
\x8f\xc5\xa0\x10u\x8d\xfc-\xdcze\x16\xe98\xbb\xc9\
\xdf\x82\x0e\xe0\xe9\xfe\x15\x01\xfb\xb2)\xdb\xb6x\x99\x91\
H\xa4\xd6o\xa9\x13\xe4o\xd9B\x11`\x83:\x94\xc9\
\xbc\x07\x00;D\xc0+\xad\x0c\x0a\x00\xfc\xdb\xb7\xbe5\
\x02\xe0BX\x99\x00\x8e\xc7b\x1b\xa2\x91\xc8E\xdd8\
\xeb\x10u\x9c:\xed?\xee\xfd\x85\x9cW\xad\xb4\xffE\
\xc0\x1b\x95\xa3\x81\xcc\xf6\xb7\x16\xf2\x07\x80\xe9\x0d\x1b:\
\xd5\xe9\xef\x18\x80\x9d;gg\xbf\xd6\x89\x83u\x12\xe6\
5\xed\x84q\x8dm\x05\x11!&4\x05t\x83\xfc\x01\
 \x15\xd5\xf1\xf6Y\x81\x88\x9c\xd9-O\xc03y\xe0\
\x8c\xd9\xad\xa3\x8fD\xc0\x13\x82\x00\x90\xdd\x89t&\xd3\
Q\xf2\xaf\x9d\xae)\x02\xb2\xa1\x08\x80\xaai?\x97N\
\xa7/\x84]\x04L\xfc\xcb\x9dw&\x81\xba\x1e\xbd\x82\
\xac^\xfff\xa6L*um\x97\xce9\x84\x80b\xb9\
\xec\x99Vf\x05\x87\xf2~se\xf7\xb1\x08\xd0\x81\xeb\
'\xd7\xde\xf6\xbfV\xf2\x1f\xced:\xd5\xee\xff\x18\x80\
kv\xce\xce\xee\xeb\xc4\xc1\xba\x01\xf3\xda\xae\x81q\xad\
m\x85\xaa\xaa\xd04\xadk\xe4o\xa5\xbe\xe5\xd5\xb9\xba\
\xc1\xcb\x13\xc0\x0c<\x93\xeb;\x11\xf0\x5c>\x89\x22+\
\x9e\xfd\x053\x8ef\x00c\xb5\xbd\xe4/\xe2\xc4\xf1\xe3\
\xa1\x08\x00(\x95J\xbd\xdb\xeaF!\x88\x80\x19\xa0\xfe\
\x18^\x06\x80-\x11\xa0\xaaj4\xa2ia\xa4\xbf\x1e\
@<\x95\xf2L;\x90\x1b6&\x1f\xf1E\x7f\x8a\x80\
\x0b+\xe70\x91)4Q\x907\xd6J\xfe\xaa\xa2t\
\xaa\xdd\xff_\x01\xdc\xb8sv6\xd8@\x07=\x08\xf3\
\x1ao\x84q\xcdmET\xd3\xea\xcf@\x17\xc8\x1fD\
\xd88R\xc1+7\x97\xbc\xc9\xdf\x12\x06\xcc\xc0\xb39\
\xe0l\xff\x88\x80\x0a\x13\x9e\xcd\xb9\xfb\x01XHg2\
]!\x7f\xcb\xc6\x08E\x00\x00\xa8\xaa\xfaZ-\x12I\
8D\xc04\x00\xa8\x17_{m\x1cF \x0f\x82y\
\xcb\x93\x89\xc4E\xb1h\xf4\x92\xee\x9dr\x08\x008q\
\xe2\x04\xfc\x1c\xe0\xdf;?\x83\x97\xac\x11\x00\x8dt@\
\x9f\x0d\x11|k\xfc\x10\xb6\x0e\xaf\xfe\xc5]+\xf9\x03\
\xc0\xe4\xf8x\xbb\x87\xfc\xe9\x00>\xb1sv\xf6#\xbd\
8\xb4\xaf]0\x87\x0c\xdeud~\xbe\x08\xe0Mh\
\xfe\xc9l\x09d\xfe\x9eU3@P\xa7\xc9\xdfB\x95\
\x81\x1f\x1e4\xbdH2\xf2\x17\xf7<S\x01\xd2*\x90\
T\x1c\x056s\xd0\x06\xc6U\x97\xe5H\x10V'\x22\
e\x5c\x99\xcaJ\xf7PT\x15K\x8b\x8b\xa8T*\x1d\
'\x7f\xb1\xb0\xec\xca\x0ab\xeb{\x88\xa0\xa2(\xca\xa1\
B\xb1xX\xb8\x9f\x89'\xf7\xef?\xa8\x10p\x09\x88\
\xac\xd6(\x1d\x00\xc7\xa3\xd1\x0b\xbbw\xae!,\x9c9\
{\xd67\xdd\xd6\x01\xb0\xa1\xca\xef\x1fO\x80\xa6\xeb\xb8\
jZ\x1a\xba\xba)\x04A\xfe\x89x\x1c\xc3\x96\x0b\xb3\
=\xc8\x02x\xe7\xce\xd9\xd9\xbfh\xe7Az\x19\xe6\xb5\
\xbf\x13\xc6\xbdh\x0b4M\x83\xa2H\xdc\xd4\x1d\x22\x7f\
\x00\xb8\xf1\xd2<\x22*\xfb\x93\xbfU\xfdb\x00\xcf\xe5\
\xfb\xc6\x13\xb0/\xeb\xf1\x8e\x98\xf7 \x9d\xc9t\x95\xfc\
\x0d\xe7\x0ac~~\x1e\xd9l\xdb\x1e\xb3\x9eG4\x1a\
\xbd\x8e\x00\x1dDl>eDDS\x0a\x80I+\x01\
\x86{\x00\xaa\xaa\xee`f\x84Kw\x97r\xd5\xbb\xfe\
_\xd0U\x1c.8\xc2_\x0e\x88\x08x\xb5~\x12\x89\
\xe8\xea*\xc4A\x90?\x11ar\xac\xad\xd3]\xe8\x00\
\xde\xb3sv\xf6\x9ev\x1e\xa4\x1f`\xde\x83\xf7\xa0\x8d\
\xf1\x02\xa2\x9a#\x1eQ\x07\xc9\x1f\x00\xd21\x1d\xd7_\
\x5c\xb0g\xb6=pl\xdf\x8f\x01\xec\xef\x0f\x11\xf0b\
!\x8e\x9c\xee\x18(&\x5cK:\x931\xe6i`\xd4\
\x17@\x98\xbb\xc10Z\xdf<3\xd1v\xb4\xda7\xb1\
\x19\x9b\x90\x06\xa1L\xd6u\xcc\x1f?\x8e\x95\x95\x95\xae\
\x7f\xd7\xbb\xb1(\x8ar5)\x8a\xea\x10\x01\x19\x05@\
\x06V\xfb?\x11\xab\xaa\x9a\x22\xa2u\xeb+\xe9%$\
|\xda\xff_\xca\x8d@\x97\x05\xe2\x18\x00\x11p\xdd\xf0\
\xea\xc2\xfe\x06E\xfe\xc3\xe9\xb4\xad\x17y\x1b\xf0G!\
\xf9\xd7a\xde\x8b?jW\xf9\x8a\xa2\xd4Gqt\x98\
\xfc-\xdc|Y\xb6\x9e\xd9\xf6\xc0Y\xfb\xb1=\x9d\x01\
<\x9f\x07\xce\xf5\xb6\x08\xa82\xe1\xa9\x9c\xf0\x9dr\xdc\
\x83T*\x05\xdb\x1d\xafU\xd2\x1b\xd7\xe0\x9d\xefiC\
\x9bd\xd8\xa7X&\x038y\xe2\x04r\xeb\xd3\x13\x90\
\x88F\xa3\xa3\xe6\xf3o\x89\x80XM\x00\xc0\x14\x01\x9a\
\xaaz\xb3N\x88\x8e\xe1\xfc\xf9\xf3\xd0\x22\xde\xe1\x7f_\
\xc8\xca\xc6\xff\x9b\xe8c\x11\x90\xd1\x8b\xb8b\xb2\xf5\x80\
wA\x91?\x00\x8c\x0e\x0f\xa3\x8d\xf8\xd7\xf5\xec\xf6\xf7\
\x82yO\xda\xd61P\xd3\xb4\xae\x91?\x01\xb8v{\
\xc1\x88\x0c(%\x7fq[H\xef\x13\x11P\x8b\x07 \
\xb9\x07\xaa\x18\x9d\xb1\x8b\xe4/b~~~]\x8a\x80\
H$2\x02\x80\x05\x11\x10S\x08HCp\xd0\xa8\xa1\
\x00\xe8\x09\x9c?\xbf\xe8\x99F\x00^v\xba\xff\x9d\xe8\
S\x11p\x0d\xe6\xa1(\xcd\x9e\x98\x81 \xc9?\x93J\
!\xe2t\x19\x07\x87\xc7\x00\xfcv\xbb\x0a\x1f\x00\xfc6\
\xda4D\x90\x88\x5c\xb1\x1c:E\xfe\x8017\xc0\xcf\
\xbf\x22gO\xb0\x91?I\xc4\x01\x8cw\xe6\x85\xde\x16\
\x01/\xe4\x12\x9e\xf7\x80\x00\xc4b\xb1\x9e \x7f\xb1\x8c\
\x93\xf3\xf3\xc8\xe5:\x12\x97\xaag\xa0\xaa\xea8\x11Y\
\xc3\xfdax\x00\x88\xd2$\x0a\x00Eik\xcf\xa7\x10\
\xcd!\x9b\x93+T\xeb\xc3t\xb2\xe8=\xfc\xa6\x86>\
\x14\x01\xd7\x8c\x9fj\xf2\x84\x0c\x04I\xfe\x80\x11\xef\xbf\
M8\x06\xe0\x1d;gg\xd76\xb6q\x80a\xde\x9b\
w\xa0M\xc1\x82D\x01\xd0I\xf2\xb7\xf2\xfd\xfc\xa5\xf9\
zB3\xe4o\xad3\x80\x17\x0b\xc0Bo\x8a\x80#\
%\xf9H\x19\xeb\x12bq#\xbd'\xc8_\xb0\x9d\x9a\
\x9f\xb7MX4\xe8P\x14e\x0cF??K\x04\xc4\
\x14\x00q\x98\x13\xff\x00`\x0a\xa7\xfc\xed\x09\x94%\x01\
\x80\xac\x0fS\xae\xaaa\xb9\x12Y\xe3\xcb+d\xe8\x11\
\x11\x90\xd0\xcb\xd86\xda\xfc\xd0\xbf\xa0\xc9?\x9dL\x22\
\xea\xd3\xec\xb2\x06\xe4\x00\xdc\xba\x1e\xc6\xf9\xaf\x15\xe6=\
\xba\x15m\x08\x1bLDP\x15\xa5+\xe4\x0f\x00\x97N\
\x95\x90\x8e\xeb\xad\x91\xbf\xf5\x9f\xb9\xe1bJN\x00\x00\
 \x00IDATgE\xc0\xf9\x8a\x86\x95\xaa\xc3\xbb\
\x22\xac\xc7\x84\xa9\x9amy\xbaD\xfe\xd663\xe3\xe4\
\xc9\x93\xebF\x04(\x8a2D\xf5\xce\xfe:\x80\x88\x82\
z\x04@\x9d\x8c~\x00!z\x01d\xefY+~\x98\
N\x96\x04\x8d6@\x22\xe0b}\xa1\xd1\xb7\xb7\x86\xa0\
\xc9\x1fhk\xed\xff\xfd\x83\x1c\xe1/h\x98\xf7\xea\xfd\
\xed([\xf3i\xdei'\xf9[\xab\xaf\xdd\x5c\xb2\xa7\
5C\xfe\xd6\x7ff\xe0g\xc5\x9e\x14\x01GK\x1e\xa1\
\x97a\xcc\xcd\xe0D\xb7\xc9\xdf\xb213N\xad#\x11\
\x00\xd4\x02\x011\x11\xe9\xb6\xf1\xff \xd2\xd9\x1c\x84\x11\
.\xdd]\x221\xc7\x0b%<\xd4'\x8b\x0e'\xcd\x80\
\x88\x80K\xe3\xcdu\xfek\x07\xf9'\xe3\xf1v\xf5\xfc\
\xff\xd6 \xc6\xf6o7\xcc{\x16\xf8,\x82DdL\
\x14\xe4\xb4\x1b\x89\xfe\xfb\xd6\x0bi\x9c\xc7#\xdf\xec\x96\
b=\xad\x11\xf9;\x0b%2\xbe\xce/\x15\x81\xf3\xbd\
%\x02\x8e\x16\x8dwGvgb\xce\xc9\xcc\xc8\x9a\xe6\
\xb7\x9e\xdb\xfa\xee5cs\xdeW\xcbf\xb2Z}?\
\xab\x0c\xb2O!\xec,C7=\x01\xb9|\xbe\xeb\xdf\
\xfd6/\xb5UK\x04(T7\xea\xe2\xfd\x09\xd1=\
\x94K\xa5\xda\x14\xc0\xb2\x0f\xd3\xc9R\x12\xae\x9fi\x00\
D\xc0\xa5#\xe7\x1b\x16\xd9\x0e\xf2'\x22d|\x86\x5c\
\xae\x01:\x80\x8f\xb5\xa3\xe0u\x82\x8f\xa1\x0d\xf1\x01\x14\
gg@\xa0#\xe4O\x00\xae\xdc\x5ct\xa7y\x91\xbf\
\xcdNu[M\x04\x98qBz@\x04\x1c)\xc6\xa4\
\xe4\x0f\x183\x03*\x8a\x15\xd9\xd0|W\xfd\x9a\x04|\
l\xad\x04\x00\xb2\x1d\xafA\x19\x00pz\x1dx\x02,\
\xe2\x87)\x02\x14\xb1\xfd\x1f\x80\x0e3\x80B\xb8to\
9{\xf6\x9c\xf1c\x19\xbf\x98\xebG\xac{\x00\x06G\
\x04\xa4\xab%l\x1c\xf1\x7f\xf9\xdaE\xfeD\x84t\xb2\
\x89N\x95\xad\xe3\x8b\x830\xa5o\xb7`\xde\xbb/\x06\
]\xae\xaa\x08\xb3\xa0\x03\x1d#\x7f\x00\xd8>^\xc6h\
\xb2j'\xfcF\xe4_\xebB\xef\xd8>P\xe8\x19\x11\
`y\x00\xbc\x10\x8b\x9a\xcd\x00\xcc\xc6\xd9;\xbey\xbe\
6\x13\xb6<N\x9b\x90Fb\x1eq[R\xa6X\x06\
3\xe3\xf4)S\x04\xf4\x00\x0f\xb4aa\xa0^\xfb\x07\
\xc0F\x13\x80]\x044\xfb\xf9\x0f\xd1&,//{\
~\x98\x08\xc0\xbc\xad\x09`0D\xc0\xc5\xbc\xe0Y\x83\
\x00\xdaG\xfe\x00\x90N$\xea5\x94\xe0P\x00\xf0\xdf\
\x82.t\x1d\xe2\xbf\xc1\xb8\x97\x81\xa2\x16\x1e\xb8\x83\xe4\
o\xe1\xcaZ3\x80G&'\xf9;\xb7\xadG\x95\x01\
\x1c,\x00\x8b\xdd\x17\x01G=F\x02Xhj$\x80\
\xcc\xb6\xca\xfe\x00\xbe5\x7f\xbf\xd1\x01\x0c\x9c>uj\
P=\x01\xb5\x11\x00\xb5&\x00\xb8;\x01\x86\x02\xa0\xcb\
(\x14\x0b\x9e\x1f\x12\x06p\xaa\xe4\x1c\xa8\xd1\xff\x22\xe0\
\xd2\x84w\xfb\x7f;\xc9\x1f\x10\xa6-\x0d\x16\x9f\xdd9\
;{\xb4\x1d\x05\xaf'\x98\xf7\xf0\xb3A\x97\xab*J\
W\xc8\x1f\x00f7\x17\xe5\x1e\x00\xd7\xb6\x93\xfc\x018\
cd\xf4\x88\x088V\x8c\xfa\xb6\xd5\xc4b\xb1\x9e'\
\xff\xda63\xce\x9c93p\x22\xc0\x928\xa2\x08\xb0\
\xfa\x00\xd4D@\xd3\xdd\xb0C\xb4\x0d:\xbb\xdf<\xeb\
W9[N\xa0\xe2\x8c\xbd\x0d\xa0\xdfE\x80W\xfb\x7f\
\xbb\xc9_SU$b1\x04\x1c{{\x81\x99?\xdd\
\xe0n\x84h\x12\xcc\xfci\xf3\x9e\x06\xf6\x1b\xf9\x0d\x05\
\x04\xdaG\xfe \xb2{\x00Z!\xff:C\xd9\xf3\xf7\
\x80\x08(3\xe1d\xc9{\x08\xad\xd5\xa7IDO\x92\
\xbficK\x04\xe4\xf3\x92\xab\xe9S\x18\xe1\x7f\x01A\
\x04(\x00`\x13\x01\xa1\x07\xa0\xebP\x1cC\x95\xc4\x87\
\xb5\xd6\xfe\xdf\xcc\x0b\xdc'\x22 S-bz\xd8\xfd\
\xa2\xb5\x9b\xfc\x09hW\xdb\xff\xa7\xdfp\xe5\x95\xad\xc7\
3\x0e!\x85y/\x03\x17T^\xcd>\xed$\x7f\x00\
\x98\x19\xaa`2SE\xcb\xe4\xef\x97\x0e\x00/wW\
\x04x6\x03\x10\x19\xd1\x00m\xa6\xde%\xff\x9a\x8d\x19\
g\x07O\x04\xe8\xa2\x08P`(\x01\xa7\x08\x08\xd1E\
\xc4\x05\xb5\xec|Xm\xed\xff\x03\x22\x026\xb2;\xf8\
O'\xc8\x1fD\x88\xc7b\xcd\x0c\x9fie\x99\xe36\
\xb8\xac\xd7;\x18\xf8\xacyo\x03\xfb\xad\xa4$T[\
i\x0f\xf9[\xd81.\x04\xfar\x92\xbb\xb3\x10\x19\xf9\
\xcb\x0e\xc8\x00^.\x02K\xdd\x11\x01G\x0a\x92\x8e\x80\
\xe6u\x8b\x02\xa0/\xc8\xdf\xdc\xe6\xc1\x12\x01F\x13\xbf\
 \x02j\x9d\x00\x01C\x04\xb0\xb1\x04\xfdQ\x0c\x97&\
\x97\xc5\xc5%\xa8\xa6\x07@\xf6\xc0\x9ft\xb6\xff7\xf3\
\x02\xaf\xfaC\xe0\xc8\xd0L9-\x1d\xcf\xc88\xa5\xda\
\xdb\xda:E\xfe\x00\x10\x8fF\xebO}0\xcb\xedo\
\xbc\xf2\xca0\xdco\xc0x\xe3\x95W\x16\xc0|{\x90\
\xbf\x95\x17\x8f\xb6\x9b\xfc\x09\xc0\x96\xd1J}c5\xe4\
/\xfdontI\x04\xb8<\x00\xc2u\xab\x8abL\
nF\xe4\xfa\xe6\xd5l\xe4?^\xdf\xb9-\xb3y\x95\
i+Wr\x1c\xa7\xcdY\xa6%\x02\xba\xcd\x0fk]\
`M\x05l\x8a\x00\x85\xc4\xf6\x7fx<\xc0!:\x86\
\xf3\x8bF[\xb8\xd7\xc7\xc8\x15\x04\x08\xe8{\x110\x1d\
\xad\x0b\x80N\x92\x7fL\x1c\x9f\x1c\x1c\xee\x0e\xba\xc0\x10\
5\x04~oI\xf2ly\xe6\xb5\xef\xe8\x9f\xee\x91\xcf\
\xda\xda2\x5c\xf1&\x7f\x91\xd4[!\x7f\xd1\x13p\xa4\
\x08,wV\x04\xd8\x86\x02Jj\xddqg@ \xf8\
\xd7\xfc[\x8a\x01\xe0S\xa6\xad\xdc&j\xfe\xb62\x85\
\xf5\xb3g\xcf\xa2\xd0\xdf\x9e\x00\x8b\xfck\x22@1\x8d\
6\x11\x10\xa2{(\x16\x8b\x9e\x1f#\x020\xef5\x09\
P\x1f\x8b\x80\xa9\x84!\x00:I\xfe\x04\xb4\xc3\xfd\x7f\
\x86\x81\xef7q\xd5!V\x01\x06\xbeo\xde\xe3\xe0j\
D\xe8<\xf9\x03\xc0\x96\xd1\xb2;\xc5I\xfeb\xba\x17\
\xf9;\xd3\xad4\x06p\xb8\xd4Q\x11p\xa4hz\x00\
d\xc4\x0b# \x90\x88~!\xff\x9a\x85\x19\xe7\xfaX\
\x04\x085\xff\x9a\x08\xb0B\x01\xd7E\x00\xc0=\x10\xb0\
`\xdd.\xd5\x8a\xf9\xc2z|<V*>\x93\xd54\
\xf3\x02\xaf\xfaC\xe0\xc8\xd0L9M\x1eo*\x95\xef\
8\xf9\x03f\x8c\xf2`\x7f\xbf{o\xbc\xea\xaaj\xe3\
+\x0e\xb1\x1a\xdcx\xd5UU0\xdf\x1b\xe4o\xd6\x0d\
\xf2\x07\x04\x0f\x80\x1f\xf9;k\xf62\xf2'\x09\xf9\xd7\
<\x01\x0c\x1c)\x01+\x9d\x11\x01\x8b\x15\xd5\x93\xfc\x01\
{\xa7K\xb2\xce\xcf\xfc/\x0d\xd6#\xdb\x96\xed\xefQ\
\xa6\xad\x5c\xeb86\xe9\x07\xdb3\xe0:\x8e\xe3\xbc\x0c\
\x93 \x02z\x80/ZZ\xe0\x16\x01\xf58\x00\xb0\x89\
\x80\x10]\x82\xae\xeb\x9e\x1f\x8f\x0a\x14T\x1aM\xd7\xd4\
g\x22 \xa2\xeb\x18O\x97l\xb6N\x90?\x88\x10\x8b\
F\x83\xf6\x00\x84\xee\xff6\x83\x81\xbb\x83\xfc\xcd\x0c\x02\
\xed,\xf9\x03\xc0\x86t\x15\xf1\x88\x90\xa1\x11\xf9\xcb\x0a\
\xf3#\x7fk\xbb\x83\x22\xa0\xcc\x842Kj\xd9&T\
3\x04\xb3_\x8d\xdc\xb7\xe6\xdfBg@\xe9q\xc8\x95\
\xe2n\x02\xf28/\x9b\x8d\x19\x0b\xe7\xce\xa1P\xe8\xbb\
\xae>l~7k\x22@\x81\x11\x11H\x1c\x02\x18\x0a\
\x80.\x82e\xaa\x16\x00\x88P\xac\xaa\xc1\xbd\xc0=\x22\
\x02&9k\xfb^v\x8a\xfc5U\x95\xba\x10\xd7\x80\
\x02\x80=A\x16\x18B\x8a=hCd@\x19\xdaE\
\xfeF6\xc2fg?\x00?\xf2w\x91\xbb$]v\
`\x22\xe3\xdd;\xda\x19\x11\x90\xd7\x15\xcfk\xaeE_\
\xb4\xce\x0b\xceK\xea\x03\xf27\xb7\xb9OE\x00\x01\xba\
(\x02\x14\xd3 \x8a\x80\x10]\x84\x18\x04\xc8\xf9\x10\x17\
ts\x12\x93\x01\x12\x01\xd3\x8a\xd0\x01\x10\xe8\x08\xf9\x03\
@D\xd3\x82v\xb1\xdd\x7f\xd3\xd5W\x0fV\xe8\xb0\x1e\
\xc4MW_\x9d\x03\xf3\xfdA\xbbF\x9dh'\xf9[\
\xf9\xb6\x8e\x94\x83%\x7f\xd7\x7f\xaaowH\x04\xe4\xab\
\xde\x9djU\xe7\x84@BZ?\x91\x7f\x0d\xfd'\x02\
\xac\xb6\xff\x9a\x08\xa8w\x02\x14D@\xc0n\xd1pi\
a\x11\x9b\x04\x8d\x95\xfa\x03W\xd0\x85\x00AA\xbd\xc0\
\xab.\xc7\x91\xa1\x99r$eMif\x07@\xa0c\
\xe4O0\x22\x00\x06\xfc\xdb\x85\xee\xff\x0e\x81\x83n\x06\
p\xa0\x13\xe4O\x00\xb6\x8cT$\x99\x1b\x90\xbf\xb3d\
/\xf2\x07\x00\xb0\xfbD\xe6\xca@V\xaf%7D3\
\xdf\x10\xc1\x94\x95F)5\xa0\xa8\xf6>\x02\xf5o\x9e\
}h\xa0m\x9b\xbc\x87\xe75e#\xab\x5c\xbb\xa0\x10\
\xcb\x94\x1dGj#\xc9\x90B\x00\x0b\x0b\x0b(\x14\x0a\
]\xe7\x8ef\x16\xb3\xe6_\x13\x01\xf6N\x80\xf5Y\x82\
Bt\x11^\xaa\xb6P\xb5Oc:\x08\x22`,Z\
\xec8\xf9\x030\xc6$\x07\x8bo\x07]`\x08O\xb4\
\xed^w\x8a\xfc\x01xD\x03d\xc7\xb6\xa3d\xd1\xe6\
G\xfe\xb5u\xb6o3\x80c\xa5\xb6\x89\x80\x9c\x8f\x07\
@6\xe4\xb6\x95\x9a\x7f\xeb#\x01j\x16\xdf\xa6\x87V\
k\xfe2\xdb\xc2\xc2\x02\x8a\xbd\xef\x09\xb0\xb8\xbe&\x02\
\xeaq\x00P\xeb\x04\x18\xa2\x8b\xf0\x1b\xc6Rk\x02\x10\
\xd1\xe7\x22 \xa1V;N\xfe \x82\xa6(\x080\xb6\
|\xfeM\xd7\x5cs\xa2\xc9+\x0f\xb1F\xbc\xe9\x9ak\
N0s>\xc8\xb9\x01\x80\xce\x92?\x00\xa4\xa2\xc2\xe7\
\xd6F\xf6\x0e\xd2\xb66Z%\xff\xda\x7f\xab<!\xd3\
\x5c{D@^\xf6\x8d2au\x02\xac\x9d\xe6\x00\x90\
\xbfx\x0e\xe7\xcf\x9f\xefi\x11`\x11?\x04\x11\xa0\xd4\
\xdc\x01\xfe^\xb1\x10\x1d\x029f)\x13\x1fL\x97\x07\
\xc0B\x1f\x8b\x80\xb8f\xb4Iv\x92\xfc\x09\x80\xe6\x98\
oa\x8d\x08\xc9\xbf\xf3\x08\xf4\x9ew\x9a\xfc\x01 \x19\
\x11\x88\xde\x99\xd8\x0c\xf9\xcb\xf2J\x85\x01\xb9\xed\x0c\xe0\
x\xf0\x22\xa0Y\x0f\xc0\xa0\x91?\x000\xb3!\x02\x8a\
E\xd7\xb9\xf5\x0aH\xf0\xf4\x13\xea\xa1\x80\x9d\x22 D\
\x97\xa0\x08*\xd9\xf9\x88\x17\xd8[]\xf7\xab\x08\x88\xab\
\xd5\x8e\x93?\x00(DAz\x00\xe6\x9a\xbb\xda\x10A\
\x81\x99\xe7\x82\xf6\x00\x00\xe8\x18\xf9\x03\xa6\x00\x90\x92?\
\x89\x0f\xad7\xf9{\x09\x01'\xf9\xd7\xd2%\xef\xfa\x89\
`E@\xce\xaf\x0f\x80)\x00\x06\x91\xfcE\xdb\xf9\x85\
\x85\xde\x14\x01D\xd60\xc0\x9a\x08\xd0`\xfdzD \
f\xe3I\xf0\xe8\x19\x1b\xa2\xfdP\x9cce-\x909\
\x0c\xd0\xea\xca!\x83O\x92\x7f\x1e\x87q\xd5\xe582\
05,'\xa1\xd5\x03\x1fu\x92\xfc\x03\xc6\xf1\xa0\x0b\
\x0c\xd1\x10\xc1\xdf\xf3\x0e\x92?\x00$\x22\x92\x16Wr\
\xbc3$\xbch~5}\xa9]\xb2\x9f\xf5\xe2Z\xa2\
\x82\x01\xcc\x97\x80\xe9(\x90R\xd6\xfc\x0d\xf1\x13\x00\xaa\
\xaa\x1a\xbb1\xdb\xef\x8d\xc57D\x00\x0b\x81y\xccm\
\xdb\xe5\x896g\x19DB\xeb\x89\xbcL\x9b\xcd\xf9{\
;mV\xd3\x90\xc3\xd6\xf0\xbc\x00,.,`dd\
\x04\xd1\x98\xc7\x0c\x89\xdd\x80q\x1ft&R\x88Yg\
\x22E!\xd1\xf5\x1fv\x02\xec:j/\x89\x08\x93\xbc\
\xeaM\x00>?Q\x9fy\x02bZ\xb5\xa3\xe4/+\
/\x00\x84\x02\xa0\xf3\x08\xf6\x9ew\x98\xfc\x01 \x19e\
\x07\xa9;\xc9\xdf\xe3 \x8d\xbc\x012\xf2w\x8a\x0a\xd1\
n\x89\x80\x00<\x01\x9eM\x00D\xf5>\x00M\xd4\xbe\
\x1b\xd6\xfc[\xa9\xad\xcb\x8e\xd3\xaag\xa1\x85<\x16\x16\
\x17\x17Q*\x95\xa4i]\x82s\x18\xa0\xae\x81H'\
f\x85\xc5L!\xba\x86\x88\xb3mZ \xaf\x82\x15\x08\
\xc8\x90\xbcp\x7f\x19L\xf4\x91' \x1e\xd5;J\xfe\
\x80\xe1\x8at\x06\x5cZ#\xc2&\x80\x0e#\xe8f\x17\
v\xd4\xfe\xdaM\xfe\x00\x90\x14=\x00\x9e\xe4\xefA\xe4\
\xbeB\xc1\x8f\xfc%\xe9\x80\xf1\x1e\x9f,\x01Sk\xf3\
\x04H=\x00\xe6;\xa8\x08\xfd\x9b\x06\x99\xfc-\x1b\x83\
\xb1x\xfe<\x86GF\x10\x8dJ\xa6J\xee\x0e\xd8\xf2\
\xf63\x91\xa2\x99\x06\x9b\x08\x08\x15@wP\xa9T\x8c\
N\x80\x16\x1c\xe4e\x0b\x044 \x22 \xe1\xf8\x08\xb6\
\x9b\xfc\x89(\xf4\x00\x0c\x06\xdav\xcf;A\xfe\x00\x90\
\xb28\xc1\xf9<z\x91\xbf\xec\xe0.a\xd0$\xf9;\
ay\x02N\x96\x81\xe9\x08\x90\x5c\x9d\x08py\x00\x84\
w\xd0z\xf7\x98\xb9\xc61\xe2\xbb\xc8\xe6\xb6\x93\x7fl\
6\xe1\xfe\xb2\xb0-\xb3\xd5\xb6E\x9bO\xf9N\xb1`\
\xb3\x09\xfb5c\xb3N\x8b\xc1X\x5c\x5c\xc4\xd0\xf0p\
\xd7E\x00\x03LD\xccfs\x091\xeb\xb6\xe9\x80)\
\xec\x04\xd8U\xd8\xdcE\x12\xf2\xb2\x8d\x02`\xd7\x8a\x1b\
=\xde\x1c\xa0\x80\x11QM\x01\xd0!\xf2\xb7\xfe\xd7\xdb\
\xbd\x02YB\x01\xd0a0p<\xc8\xdf\xd0B\xa7\xc8\
\x9f\x88\x10U\x19\xaa\xeaU\xc3\x97\x90\xbf\x97\x10p\xee\
#\xcb\xef\xac\xf9\xfby\x1bN\x96\x81\xdc\xea\x9a\x03l\
\x1e\x00\xc9;(\x0e\x05l\xb9\x86\xdd\xc6\x9a\xbf\x9fG\
\xc2\xef8\xd2c\xdb\x0b\x033c\xa97\x9a\x03\x18\xa6\
\x08\x80\xd9\x1c\x10N\x07\xdcC(\x97\xcc)B%/\
\x0e \x89\x03\xd0\xe7\x22 \xceV$\xb4\xce\x91?`\
v\x02\x0c2\x94,s(\x00:\x0d\xe6\xe3A\xfe\x86\
\xec\xec(f\xa1M\xe4o!\x19\xd1%\xb5u\x1f\xf2\
\xf7\xfcO\xee\xbc\xb6\xed&\xc9\xdf\xda>\xb5:\x11P\
\xf3\x00x|\xc3\x9a\x1a\x09 \xb3\xf5)\xf9\x8b\xc7Y\
^Z\xea\xba\x08 \x83\xe3k\x22\xc0\x9a\x0c(\x1c\x06\
\xd8+\xf0xq<\xd1\xe7\x22\xa0\xd3\xe4O\x08\xb4\xe6\
\x1f\xbe0]B\xd0\xbf_7\xc8\xdf\xb6\x93H\xfe\x0d\
k\xfa>\xe7)\xcd\xdb\x80\xfce\xdb\x0c\xe0\xf4*=\
\x01\x0d\xbea\xeb\x91\xfc\x01\x80\x99{N\x04\x88\x93\x01\
\x85\xd3\x01w\x19\x91h\xc4\xf3\xc5!\x22\xc4U\x8f\xa9\
\xe6\xfbT\x04\x14H\xeb8\xf9\x8b\xedv\x01bc\xf0\
E\x86h\x80`\xef\xb9\x8b\x98;@\xfe\x00reE\
N\xfe\x8d\xfe\xd7\xd6\x83 \x7f\xc9\xd9[J\xf9t\x19\
\xc87/\x02\x92\x8a\xee{/t\xdd\xeed^/\xe4\
/\xa2[\x22\x80`F\x00D]\x048'\x03\x0a+\
4]\x84W'\x11\xebA\x8a+\x1e\x02\x00\xe8K\x11\
\xa03\xa1\x5cm\xec\x12\x0c\x92\xfc\x01\x00\xba\x1et\x13\
@(\x00:\x0d\xe6\x8d\x81\xfe\x86\x22:D\xfe\xa5*\
\xa1Z;\xf4*\xc9\xdf7/\xb9\xf7sm\x93w\xba\
\xf5\xfft\xa5i\x11\x90T\xfd[\x91E\x01\xb0\xde\xc8\
_\xb4\xad,/wC\x04\x88}\xfd@D\xbaF\x80\
\xce\x80Bf\x80\x00#[\xa8\x01\xba\x01MU\xc1\xba\
n\x1b\x09 >4\x9e\x1e\x00\x0b5_\xa6\xa7S\xd3\
7\xc9?\x8f\xc3\xb8\xear\xec\x19\x0ae\x05Q\xcd\xfe\
\xbc\xb5\x93\xfc\xad\x8aM\xc0Ox(\x00:\x0c\x0e\xf8\
\x9e\xcb>\xf46\xbbk\x87\xb5\x91?\x00\xe4\xca\x02\xd3\
\xfa\x91\xbds\xbb\x1d\xe4\xef\xfb\x9f\x813\x15`\x83\x06\
$\xfcG\x07$\x15o\x01\xe0\x9aw\xc1+\xa0\x8fe\
c\x16~\x0e\xaa\xa5I\x03\xf3\xd8\x0f\x04\xbf`=.\
\xf2\x17m\xc2~R\x9b\xec\xd8\xb6\xc34\x17(\x88\x99\
\xb1\xb2\xb4\x84t&\xd3\xd1\xd1\x01\x040\xd7G\xfd\x91\
\x06\x22&\xe6\x9a\x08@H\xff]E\xa5RA\xc4|\
 \x9c\x0fv\xc2\xcf\x03`\xa1\xcfD@\xb1\xa2\x01\xa8\
_W\xbb\xc9\xdf:\xa5\x80\x9f\xf2MA\x16\x16\xa2\x09\
0\x07\x7f\xcf;H\xfe\x80\xe9\xfeoD\xfeR\x02\x97\
\xec\x03\x18\x0f\xb6\x22\x18\xfd\xcaiUt\x00\xc0\xd9\x0a\
0\xee/\x02R>\x1e\x00]\xd7k\xbb\xd5\xbb\x0b\xd4\
\x0bq\xd9\xc8:\x8cp Z\xe3\xf0<\xe18\xceJ\
\x81\xb3\x96\xef\xb29\x9a\x0f\x1b\x0eYl\xc2\xb6\xb2\xb2\
\x82t:]\xfb\xe6\xb7\x19l\xf2=,\x11\x10\xce\x05\
\xd0c\xa8V\xcd\xc9q$\x1f\x8e\xb8Zm\xd1\xfd\xde\
\xfb\xcd\x01\x85\x8a|XP\xbb\xc8\x1fT\x1f\x87\x1c\xe0\
\x12z\x00:\x0c\x066\x06\xf9\x1bv\x9a\xfc\x01\xd3\x03\
\xd0\xb0\xa6\xef\xfc\xefA\xfe\xd66\xfb\x90\xbfX\x9bn\
It\x98\x06\x86!\x02|\x9a\x03\xfc\x9a\x00t\xdd\xde\
?\xc0\xd7M^\xfbg'\x7f\xdb\xe9\xb5\xea\xaa\xb7\x1f\
\xa8\xb5\xb2|\x9a(\xd7bcf\xac\xac\xac\xa0\xdc\xa1\
\xe6\x00\xaa\xf3=\x83HWP\x1f\x02\x18N\x07\xdc\x03\
\xd0\xabU\xcf\x0fG\x5cY\xcd\xd8\xdc\xde\x16\x01\x85\x8a\
\xbb\x0f@;\xc9\xdf8\x97\xc05n(\x00:\x8f`\
\x9b\x00d\x04\xe0\xce\xe4\x9f\xeeQ\x9e\x17\x0c\x0f\x80p\
\xd0f\xc8\xdf\xeb$k\xf98`\xf2\x97\x9c\xf8\xb9\x0a\
P\x90\x7f\x8b\x12>M\x00V\xe5\x06\x08\xc9\xdf\xb9\xbd\
\xb2\xb2\x82r\xb9\xec\xca\x1f0\x18\xa8O\x05L\x00k\
d|\x0eu\x00\x8ay\xd1\xa1\x07\xa0\x8b\xf0\x0aQK\
\xa8O\x9dkdD\xe3/Q\x1f4\x07\x14*jG\
\xc9\xdf\xda\xae\xeaz\x90\x93\x02\x85M\x00\x1d\x06\x07\xd8\
\x04\xd0\x0d\xf2\x07\x84>\x00\xad\x92\xbf\xeb\x80\xc2\x7f\xf1\
}\xf7#\x7f\xe7\xbe~\xeb\xce\xf2\x00C\x04\x8ci@\
\xdc\xde\x1c\xd0\xc8\x03\x00\x84\xe4/\xdd&Bve\x05\
\xa9t\x1a\x91H\xc4\xb5oP\xb0\x22\x01\x12\x00&\x82\
Rs\x07\x84M\x00=\x01\xd6\xdd/\x90Ehq\xa7\
\xba\x1e\x00O@\xb1Z\x9f\xfb\xa0S\xe4\x0f\x22\xd7p\
\xa45b&\xc8\xc2B4\x85\xc0\xee\xb9\xd2\x88\xdc\xdb\
@\xfe\x00\x90/\x93\xbb\xc6^+H\xfcOv\xbb\x97\
Xp\x91\xb6h#\xf9~\xb2m?\xe1`\xfdg\x00\
\xe7\xaa.O\x80_'@]\xd7C\xf2\x97m\x0b\xeb\
\xd9\xf6z\x02\x0c\x0f@}\xd8?\x8b}\x00,\x11\x10\
\xa2\x8bpz\x00DB\x93\x8e\x02\xe8s\x11\x90\xaf\x0a\
\xd3\x1fw\x88\xfc\x09\xee\xf1\xc8kD\xe2\xdb{\xf7\x86\
\x22\xa0C0\xefu\x22\xa8\xf2HQ:N\xfe\x00\x90\
\xad\xc5\x00\x10^\x08\x17\x11\xaf\x86\xfcQ/\x97\xcd\x0d\
_\x82\xf7K\x93\x90\xbfX\xfe\x82]\x044\xe3\x01\xb0\
\x1d.$\x7f\xd79\xe4\xb2\xd9v\x89\x00vE\x02$\
\xab\xd6_\x17\x01\xa1\x07\xa0G \x12\x1a\xe03\x0c\xb0\
\x8fE\xc0\xd9B\xb4\xe3\xe4\x0f\x98=\x92\xcdaI\x01\
-om\xe2\xaaC\x04\x00f~k\x90\xbf\x9dgS\
P\x1b\xc9\x1f\x00N\xe6\xac\x0e\xb0v\x12\xb4\x91\xaf\xb8\
\xeaU\x83\xf7\xac\xcd\x93w\x9a\x9f \xf0\xdb\xdf\x96\xcf\
\x5c9_\x17\x01\x8d<\x00\xb6bB\xf2\x97\x9e\x03\x03\
\x1d\x13\x01\x0a\x80\xfa$@u\x11\x10\xa2\xcbp\x92?\
\x00$\x9b\x0a\x04\xe4\x83\x1e\x14\x01\xf3\xe5D\xc7\xc9\x1f\
\x00\xf4\xe0;\x02\xde\x1at\x81!<\x11\xe8\xbd\x96\x0a\
\x806\x93?\x00\x1c]\xd4\xeaGp\x91p\x0b\xe4\xcf\
\xb24\xb1\xe6\xeeh\x0eX\x8dxp\xbf\x80\xf5u\x86\
!\x02\x8az\xc3a\x80\xf5\xddC\xf2ot^\xf9\x5c\
\x0e\x95`E\x80\x15X\xa1&\x024\x101\x98u\x02\
\x94Z\xf5?\x8c\x04\xd05\xd4\xdeu\xe7\xc3\x83V\x02\
\x015\x93\xa77:\x06\xceW\x93\x00|^\xe26\x90\
\xbf\xd5\x07 \xe0\xa7\xfc\xcd\xf7>\xfah\xf2m;w\
\xe6\x82-6\x84\x88{\x1f}4\x09\xe0\xcdA\x96i\
\x9b\x82\x1b\xe8\x08\xf9\x03\xc0\xd1%s\xecw#\xf2\xb7\
\x1dP\xb2\xee\x22v\x92\xd8$\x1d\xf9d\xebl\x1e\xdf\
\x8f\xfc\xc5\xf2\xc4\xf4\xf3U\x9c_Q0=&\xcbo\
\x8c\x02`3x\x8e5%-\xd8\xd20\x96H!X\
\x81yX\xd8\xb6\x0e\xd3\xc8\xe6\x1as\xef\xb4\x09\x01}\
\xa46\x81\xfb\x9c\xdb6\x9b\xed'jl\xabm\xb7p\
\x8d\xcc\x8cl6\x8bd2\x09-\xa0\x8e\x81\x0a\x91\x11\
\xf0\x8f\x99\x89H\x17\xe7\x02\x08\xa7\x03\xee\x01(\xa4H\
\xc9\x1f\x00\xe2Z\x13\xed\xd6}\xe6\x098\x89D=O\
\x87\xc8\x9f\x80zT\xb2\xe0\x968\x98o\xf6\xbf\xda\x10\
k\x06\xf3\xcd\xe6\xbd\x0e\xe4w#8<\x00\x1d\x22\x7f\
\x06ptI\xf3 qG\x8d\x1dpo\xb7D\xfeB\
\xb9\xec\x95&\xdd\xf0>\x076\xff\x88\xe9\x0c<~,\
\x86\xb9%\x0d2\xd8:\x01\x06Q[w\xee\xd7\xae\xda\
\xba\xd3\xe6 \xfaF\xb6\xb5x7\x00 \x97\xcf\xa3R\
\xa9\xb8\xceg\x15\xa8\x0f\xf77=\x01\xce\xb9\x00\xc2N\
\x80]\x86\xe2\xa8\x8d\x88\x0f\x85F\x0c\xad\x19f\xee#\
\x11P\x22\x05gW\xa2\x1d%\x7f\x0b\xd5j\xb5\xa6x\
\x03Z\xc2f\x806\x83\x81[\x83\xfc\xcdl\xef[\x87\
\xc8\x1f\x00\xce\xe4T\x14\xaa^d\xdb\xa0\x06\xeeG\xfe\
\xb2}l\xeb\x8e\x97\xd1I\xfe\xcd\x1c\xd7\xb6^/O\
U\x00\x02c\xef\x91\x84T\x04\xd4\x9a\x00B\xf2\xb7m\
7\xb4\xc1l\x0e\x08@\x04\x90C\x04(\xb5\x0e\x01\xf6\
\x09\x81Bt\x09\x8a*D\xc6\xab\xad\xd4\x1f\x85L\xa4\
\xb4\x06b\xf6\xca\xd3]\x11pb\xc5\xe8\xd0\xddI\xf2\
\x07\xda\xd2\x0f\xe0m\xdf\xfc\xeew\xd5\xc6\xd9B\xac\x06\
\xe6\xbd}[\x90ej\xd6\xfb\xd6A\xf2\x07\x80\xa3K\
\x82K\xb7\x19\x12n\xf4_BF\xaem\xbf4/\xcf\
\x81_9\xa2\x08 #P\x99\xe5\xcd\xfe\xfe\xd1\x04\xe6\
\x96\xed\x22@\xd7\xf5\x90\xfc\x1d\xdb\xad\xd8\xf2k\xf7\x04\
0`\x0b\x04\xa4\x1b\x1e\x00Q\x04\x84\x02\xa0\xab\xb0>\
H\xb2\x07\x00\x00\xa6\xe3\x05\xd8\x5cy~\xe8\x13\x110\
\x9f\x8bw\x9c\xfc\x89\x08z\xb5\x1ad\x13\x00\xc0\xbc\x01\
\xcc\xd7\xcb\xaf2\xc4\x9a\xc1|\xbdy\x8f\x03\xfb\xcdT\
U\xed8\xf9\x03\xc0\x91E\x93\x1cmd\xda$\xf9;\
\xd3[\x22\x7f\x92\x5c\xa8\x84\xfc\xbd\x84\x834\xdd\xd8\x18\
\x89TA\xe6\xa6\xce\xc0\x0f\x1c\x22\xa0l\x92WH\xfe\
-^\xa3\xb5\xcd\x8c\xc2\xdaD\x80-\x06\x00\xccQ\x00\
\x0cA\x04 \x14\x00]E&\x93\xf6$\x7f\x020\x13\
/\x98[\x83#\x02N\x14\xcd!\xdd\x1d$\x7f\xc0\xf0\
\x00\x88\x0f}\xd8\x0c\xd0\xdb\x08\xda\xfd\x0f\x22C\x00\xa0\
\xb3\xe4\x0f\xc8\xda\xff[$\x7fgF/\xc2\xb6mK\
\x88> \xf2\x07\x80\xd1H\xa5\xb6iy\x02~x4\
n\x5c+\x80R\xb1\x18\x92\xffj\xc9\xdf\xb41\x80B\
\xa1\xb0\x16\x11\xa0;\x03\x01\xd5\xbe\x81\xa6\x08\x08\xd1E\
d\x86\x86P\xadT\xa4\xe4\x0fX\x1e\x00\x0b\x83!\x02\
\xe6+\xf1\x8e\x93\x7f\xedT\x82\x0d\x08\x04\x00\xbfz\xcf\
w\xbe\x13\x0f\xba\xd0\xf5\x0e\xf3\x9e\xfej\x90e\xba\xbc\
m>\x08\x92\xfc\x01\xe0\xe8\xb2\xd9\x04 #\xff\xdaA\
\x1d\xff\x9dv?\xf2o\x86\xe8\x01\xb44D\xd0\x95n\
cA\x8ch\xd5\x9a\x99\xcc\xff\x0c\xc2\x8f\xe7\xe2xy\
A\xb5\x93VH\xfe\x0dm\x9eb\x89\x19\xc5B\x01\xd5\
j\xcb\x22\x80\xcd\xeb\xaa\x89\x00+\x10P]\x04\x84\x1e\
\x80\xae\x82\x88P\xc8\x17\xec6a}&Qt\xec\xd1\
\xff\x22\xe0\x98\x9e\xec\x0a\xf9\x13\xda\x12\x10h\x133\x7f\
Hv\x07B\xac\x1e\xcc\xfc!\xf3\xde\x06\xf6[\xa9\xaa\
\xda\x15\xf2\x07\x80\x83\xe7#\xde\xe4\xefG\xc25\xa2\x0e\
\x82\xfc\xad\x15\xf6I\xf3\xda&W\xda\xa8V\xb5\x91\xbf\
\x91\xcd(\xfb\x89\x13\xaak\xdf\x90\xfcWA\xfe\xe66\
\x03(\xe4\x0b\xb6\x09\x96\x9a\x84.\x8a\x00\x05D\xd6\xf0\
?\x1d\xf5\xd6\xb1\xa0\xdd\xa2\xe1\xd2\xc2R\xa9\xd4\x83?\
8\x1f\x84\xe9\x84]\x1c\x18\xe8o\x11\xb0\x84(\x8e/\
\xd4+\xcd\x9d\x22\x7f \xf0\x90\xc0\x16>~\xf7#\x8f\
\x8c\xb6\xa3\xe0\xf5\x08\xf3^~<\xe8r\xa3M\x8c\xad\
n\x07\xf9\x1f_\xd1p*\xab\x1a\xd5-O\x82\x97\x9d\
L\xed\xa4\xdcy\xfc\xc8_\xb2\xea^\x17\xbe!~\xe4\
\xcf\xc2\xf1\x1di\xa3B\x1f\x00\xe34\xb9\xb6\x9d\xa0\xa2\
Q\xbc\xb0\xafs\xbb)\x9bI~\xb6/\x09\x91\xfbs\
\xd3\x8c\xcd\xaf,\xfb\x07\xa5\x09\x9bP\xd6Z\xaf\x11h\
\xaa,& _(\xa0\xd2\xfch&\x865\xe4\xdf\x14\
\x01\x1a\x0c\xa3N\xcc\x0a[\xc3\x00\x83\xef\x1d\x1d\xa2\x05\
H\xbf\x01\xe6\x0f?\x11+BS\x18\x15\xdd\xf9\x96\xb2\
\xfc\x83\xe2\x04;\x0b\xf6\xcb\xe3\x93\xb9\xa5r|\x8c\xe6\
\xe6\xfe\xb3\x19l\x1c-t\x94\xfc\xad\x97\xddk\x92\x92\
5\xc0\x22\xac\x8f\x06Y\xe8z\x053\x7f\x1c\xc6=\x0d\
\x0c\x11Mk8\x1bd;\xc8\x1f\x00\xf6\xcd\xc7P\xab\
\x95\x8b\xaf\x83'\x89\x8b6\x09\xf9\xbb\xf28\x0c\xd6\xb6\
u,\xcf\x9a\xbe\xe4\x85u\xbfL\xd2rTb\x0c\x99\
\x1e\x00#[\x9d\xfc\x01 F\x05\xa3\xb5\x81\xd9\xfe\x0e\
\x8b\xc1q\x1a\xd9\xac\x8e\x05\xb6K4l\xaeoe#\
\x9bX\x96x\xbf\xd8\x08\x1cdW\x05\xcd\xd8\xac\xb2\xc8\
\xc6\x9f\xce\xedU\xd9j?#\xd9\xef\x0d\x1b\xb2\xa3\x98\
\xcf#\x16\x8f\xd7\xfa\xb3\xf8\x81\x00f\xa3\x5c\x9d\x88\x14\
q.\x800\x10P\x8f \x12\x89x\xba\x80\x08\xc0t\
L\xe6\x05\x00\xfa\xd9\x13\xf0\xdcJ\xa6\xe3\xe4o\xa1M\
^\x80\x0f}\xe3\xe1\x87\xb7\xb4\xa3\xe0\xf5\x04\xf3\x1e\x06\
\xde\xa4\x12\x8bF}\xd3\xdbE\xfe\x00\xb0\xefD\xa21\
\xe9\xb7B\xfeN\x82\x17\x8d\x9ed/\xdb\xa6z9~\
\xe9\x12\x8cD\xaaP<\xc8\x9f\x00\xc4\x91\xb7\x95\xe1\xf5\
}\xf3\xb4\xad\xd6]\xde\xa8,\xc7\xfd\xeaX\xf3B\xb3\
6\x91\xfc\x1d'-\xeeU,\x16\x9bi\x0e\xa8\x87\xfb\
7=\x01\xe2t\xc0\x8c\xfaH\x80\x10]D*\x95\xaa\
oH~ly3\x80\x85\xfe\x14\x01\xcfW\x86\xed\xdf\
\x9d\x0e\x91?\x01p\x86\xfb\x0c\x08q\x00\x7f\xda\x8e\x82\
\xd7\x19\xfe\x14\xc6\xbd\x0c\x0cD\x84\x88&\x8fVg\xa5\
\xb7\x13\x8f\x9f\x8c\x99\x07\x82\xff\x7f\xdb:9\x08\xde#\
\xaf\xe8\x97^\x0d\xf9\xcb\xd2\xbc\xd2\x85\x17v4bu\
\x00t\x93?\x11\x10\xe5|H\xfem\x22\x7f\xcbVj\
,\x02\xc4\x18\x00\xc20@\xfbL\x80\xa1\x00\xe82\x86\
\x86\x86\x8c\x15\xd9\x8f\x0dq(\xa0\x17\xfaO\x04,S\
\x04\xc7\xce\xc5;N\xfe\x96\xad\x0d\x9d\x01\xc1\xcc\xef\xbb\
\xeb\xa1\x87^\xd9\xe8\xd6\x84\x90\xe3\xae\x87\x1ez%3\
\xbf/\xe8\xdf%\xa2i\x9e$\xdfn\xf2?t>\x82\
\x85\x82*'{\xe7\xb6\x83\xa0\xea\x04\xef\x93\xd7\xaf\x7f\
\x80\xecx\xe2>\xb6r\x1a\xa4;\xd6\x8d\x0e\x80r\xf2\
'\x02\x22\xa6\x07 $\xff&m-\x92\xbfe+\x95\
J\xfe\x22\xc0\xf2\xf4\x9b\x9co\xcc\x05`\x17\x01!\xba\
\x8cH$\x82b\xc1\xe8\xed/{_g\x12\xc5&~\
\xa9\xfe\x13\x01\xcf\x9d\x1b\xea\x0a\xf9\x03m\xf3\x02(\x00\
\xfe\xa2\x1d\x05\xaf\x13\xfc\x05\x8c{\x18(\xbc\xdc\xff\xed\
&\x7f\x00\xd8w2\x06\xd7\xd0;q\xdd\xe5~w\x10\
\xba\x94\xa0\xad\xff\x92\xf3\x97\xe6\x13mk'\x7f\xc0\x8c\
\x01 d\x17\xc9_\xe1\x0a4\x94C\xf2o\xd6\xb6J\
\xf2\xafy\x02|D\x00\x19\xf9j\x22\xa0>\x17@\xbd\
] \x14\x01=\x80R\xb1 %\x7f\x10a\xc6j\x02\
\x180\x11\xf0\x5c\xce\xf0|t\x9a\xfc\xc5\xb3h\xc3\xf2\
\x0bw>\xf4\xd0/\xcb\xae:\x847\xee|\xe8\xa1_\
f\xe0\x17\x82\xfe=TU\x95\xba\xff;A\xfe\x00\xb0\
o\xdel\xcd\x10c\xf2{\x12k+\xe4\xefU\x86_\
\xbeF\xe4\x0f\xd4^X\xaf\xf2\xcd\xf5\xb1\x88\xd0\x01\x10\
u\xf2\x07\x80\x84Z\x0a\xc9\xbfY\xdb\x1a\xc9\xdf\xb2\x95\
K%#\xd2\xa9\x1d\x0c\x83\xefk\x22@\x11\x8c\xe10\
\xc0^Zt\xe1\x03a\xc1$<[\x13\x80$\x9b\x1d\
\xdcD\x9ef\xca\x11\xf3\xf8d^\xf5\xb1\x18\xcf\x97\x87\
\xeai\x1d$\x7fk\x8du\xbd\xfe\x06\x04\xbb|\xe1\xce\
\x07\x1f\xbc\xb2\xe1}\x09\x01\x00\xb8\xf3\xc1\x07\xaf\x04\xf3\
\x17\xda\xf1[$\xe3\xee\xee\x04\x9d\x22\x7f\x9d\x81'N\
\xc5\x04\x0b\xfb\x90\xf9j\xc8\xdf\xaf<\xe7\xbe\x92k\xf6\
$yn\x98g,R\x0f\xf3+\x92?\x911\x02\xa0\
\xf6]\xa3\xfaP<O\x1b\xd9\x87\xe75\xbd_\xa3\xb2\
\xc8\xcag\x0d\xe1\xab\xa7\xd5\xf3\xac\xce\x16HYd]\
\xb3\x90g\x0d\xf7\xabX.\xa3jN{n.b\xd8\
\x7f\x80HW\x88\xa8T\xdb\xc7\x10\x01\x8b\x08\xd1u\xa8\
\xaa{\x8er\xeb}KjU\x0cE\x84(P\x03\x22\
\x02r\xac\xe0\xe0\xd9dW\xc8\xdf\xb2;_\xce\x80\x96\
$\x03w\xdf\xf1\xe0\x83\xd3\xee\xab\x0e!\xe2\x8e\x07\x1f\
\x9cf\xe0n\xf3\x9e\x05\xfa;(\xaa\xea\x1a\xfb\xdf)\
\xf2\x07\x80\x17\xceE\xb1RR\x1c\x84\xcc\xc2\xba\xf5\xbf\
\x05\xf2\x87\xd3\xc6\xf2t?\xf2\xf7\xcdk\xad\xb0g\x9e\
\xa4\xaa#\xa6\xb0\x94\xfc\x09@\x8c[\x18\x01\x10\xd6\xfc\
\xc5D1Inkp\xbf\xca\xa5\x928\xca\xe9\x0c\xec\
\x22\x80\x15\x00%q\x1e\x00\x02N\xb9\xce2D\xc7\x11\
\x17k*\x12\xc2\x9bq\x8e\x04\x18\x10\x11\xf0\xfd\xf91\
\x00\xdd!\x7fr\xda\x82\xc5f\x00\xdf\xb8\xe3\xc1\x07\xc3\
0\xc1\x1e0\xef\xcd7`\xdc\xab\xc0\xe1\xac\xfdw\x92\
\xfc\x01\xe0\xfe\x97\x93\x122'\x7f\xf2\x873\xbf$\xcd\
\xab<\xd1n\xbdk~\xe4\xcf\x0d\x8e\xe3\xd1wA\x0c\
\x00\xe4$\x7f\x22 \xd2\xec\x08\x80\x90\xfc\xc5D1I\
nk\xf2~\x95\xcbe#\xd6\x09p\xbc6\x0f\x80\xc1\
\xf9\xba\x02\xa0,\x18\x18\xa1\x00\xe8\x09\xa4\xd3\x19cE\
Bx\x00pA*\xeb6\x0e\x80\x08\xf8~v\x0c\xba\
\x15\xe4\xa8\xc3\xe4_?'n\xd7\xf2:0\xffc\xe3\
\x9b\xb2N\xc1\xfc\x8f\xe6=\x0a\xfc\xde\xabD\x88\x0b\x9d\
\xff:M\xfeU\x06\x1e<\x9c4\x0f^;\x8bz\x06\
?\xf2\x17\xe1%\x0c\xd8\xdc\xf0\x15\x0a>\xe4om\xb3\
O\x9aet\xe4\x99\x8e\x96=\xc9\x1f\x00\x22(\xb8\x8b\
\x0c\xc9_<\xad\xb6\x91\xbfe\xab\x94\xcb(W*'\
\x00aF@\xa2\x9a\x00\x80e \xe0t\x1b?\x80\xe1\
\xd2\xe4\x92L&P\xa9V=\xc5\xfe\xe5#+\x92\x14\
\xa0\xdfE\xc0\x92\x12\xc1Ss\x99\xee\x91\xbfic\xf3\
\xb4\xda\xb0\xbc\xf7\xeb\x0f<\xf01\xe7!\xd7;\xbe\xfe\
\xc0\x03\x1fc\xe0\xbd\xed\xba\xef\x89D\xa2v\xacN\x93\
?\x00<v<a\x1f\xfe'%{\xf6&xW^\
gZ#r\x97\x93\xb7g~W\x9aS\xac\xd4\xb15\
Q\xf2&\x7f\xa5\x0a\xaa\xe4A\xe2\xf7\x0d\x00\x98\xeb6\
s[f\x93\xee\xe7<?\xa7\xcd*\xcb\xba^\x16\xf2\
8\xbe\xb3\xab\xb55\xcc#\xde*a\xdbec\xd4#\
$6\xba\xee\xd5\xde\xaf\xbam\xce\xba\x1bT\x0b\x04T\
\x17\x00\x00\xc0\x0a\xd1)\x009\xe7=\x0e\xd1yd\x97\
\x96\x5c6\xe3]$\xbcbh\x05*\xb1+\x1d@\xdf\
\x8b\x80\xef\x9e\x1d\xeb*\xf9+\x1e^\x97\x00\xf1\xa9\xaf\
?\xf0\xc0\xdb\xdb{\x88\xfe\x81y/>\xd5\xae\xf25\
MC\x22ft\xbe\xeb\x06\xf9\x03\xc0\xeeCI\xf1\x81\
\xb4\xfd\x83\xcd\xcc\x8em\xe1?;\xf3Z\xebM\x92\xbf\
,\xcdU\x96\xe3X~\xe4\xcf\x80B\xc0\x96x\xb9v\
\x18\x91\xfc\x89\x181\xce\x07[\xf3\xeffm\xbd\xd9<\
\x9d\xf2n\xb4\xb6\xdfJ\x22\x1e\x9f\xa3\xfaH?&s\
\x18`\xdeq-\x15\x00\xdfC\x88\xee\xc31\x12\xc0\x22\
\x7f\x00\x88\xabUlO\xfb\xe8\xb4>\x16\x01\xfb\xca\xa3\
\xc8\x15\xcd\xb8\xd6\x1d&\xff\xda7\x97\x08m\x08\x0cd\
-\x0a3\xff\xfb\xd7\xee\xbf\x7f\xdd\x8b\x80\xaf\xdd\x7f\xff\
\xdb\x99\xf9\xdf\xcd{\xd2\x96\xfb\x9dI\x1a\xae\xf7n\x91\
\xffJI\xc1\xde9\xcb\x03!!\x7fw\x95\xd6M\xfe\
\xe2\xba\x17\xf9{\x92;7H\xf7[\xf7)\x9f\x80\xa9\
h\x05Q\x85\xa5\xe4O\x00\x12\xbc\xec:\xd7\x90\xfc;\
N\xfe\x00\xb0\xfb?^\x7f}\x09\xf5\xda?\x03F'\
\xc0%8>\xcfD\xf4\x08Bt\x1d\x99L\xba\xb6.\
\x92\xbf\x85\xcb\x87\x97\xe1\x8b>\x15\x01e&\xfc\xe0\xd8\
p\xd7\xc8\xdf:N\xa3\xc9b\xd6\x88\x14\x80\xbb\xbev\
\xff\xfd\xeb\xb69\xc0\xbc\xf6\xbb`\xdc\x8b\xb6 \x11\x8f\
\xfbF\xfe\xeb\x04\x1e:\x92D\xb9J\xf0%\x7f\x97\x8d\
\x9b\xc8'!gOB\x97x\x16Dx\x91\x7f\x83&\
\x83\xad\xf1\xa2'\xf9\x13\x80\x98\xbeh;\xd7\x90\xfc\xbb\
B\xfe`\xe6\xbb\x1f}\xe2\x09z\xc3\x95W\x1a#\x00\
\xac&\x80[n\xb8\xa1\x0a\xc0\xd6\xa0\xac\x10\xede\xa0\
\xd2\xae\xf6\xb8pin\x19\x1b\x1fG\xb9T\x92\x92?\
\x00\x5c1\xd4@\x00\x00}+\x02\x1e]\x1c\xef\x1a\xf9\
[PU\xb5\x9d^\x00\xcb\x13\xf0\xe9\xaf\xee\xd9\xf3\xa5\
\xaf\xee\xd9\xb3nF\x07|u\xcf\x9e\xf8W\xf7\xec\xf9\
\x123\x7f\xba\x9d5\x7f\x02\x90N&\xbbJ\xfe\x80\xe5\
\xfeo\x85\xfc\xd1\x98\xdce5sO\xf2\xb7V\x9a\x11\
\x15\x8e\x95\x06ba[\xa2\xecI\xfe\x04\x1dZu\xc5\
v-\x0c\xb4>\xce_\xd2'\xa7\x19\xdbj\xf7[U\
Y\xce\xf3o\xf5\x1a\xfdl\xab-\xab\xbe_Y\xd5\xb4\
\xfb\x00\x90 \x02\xf47^uU-\xcc\xe6y\x08 \
C\x10\xfc\x10!\xba\x0aR\x14\xe4V\xec/P-\x0d\
\xc0%\xc39h\xcd0j\x1f\x8a\x80\x17Ji\x9c\x5c\
\xf2\xee\xb5\xddn\xf2\xb7\x8e\xa751\xc5f\x00x/\
\x80G\xbe\xbag\xcf\xc0\xc7\x090\xaf\xf1\x11\x18\xd7\xdc\
VdR)\xa8J\xe0\x91\x84[\xc2\xdc\x8a\x86\xa7\xcf\
X\xd1\xff\x84\x84f\xc8\xd7+\x1f\xc8m\xf7\x22\x7f8\
\xed\xec\x9d\xa7E\xf2W\x09\xd8\x1c/I\xc9\x1f\x04$\
([\x9b!\xb0\xbe\x7fX\xf3\xf7\xdc/\xc8\xb2\xc4\xfd\
\x88\x1e\xda0:\xbaHD\x0a\xea\x22\x80\x81z\x9cm\
W\xf0\x1f\x85\xe8sh\xee\x93\x1f\xa2\x8dP$\x1f0\
\xcb#\x10Ut\x5c4\x94\x0d\x88\xbc{O\x04<|\
\xcc\x8c\x09\xd0%\xf2\x07\x8c\xfb\xdf\xe6\xa6\x00\x0b\xaf\x03\
\xf0\xe3\xaf\xee\xd93\xb0\x11\x03\xcdk\xfb1\x8ckm\
+b\xd1(\x92B\xcf\xffn\xe1\xdb\x07\xcdf\xbc\x06\
dj#_\x17i:6\xfc\xd2\xbd\xd2\xbc\xcaw\xbf\
\x14\x8d\xcb4m\x1b\xe3eD\xcc\xcf\x93\x93\xfc\x09@\
\x82\x1d#\x95B\xf2\xf7\xde/\xc8\xb2\xec\xfb\xb1\xa2(\
\x7f\x0e\x83\xebI\x10\x0e\x0fCW\x00\x00 \x00ID\
AT\x01\x80i\xc4-7\xdcP\x02`\xf3'\xabD\
\xcf\x01x\x00!\xba\x8a\x8c53\xa0\x09\x8b\xfc-\xd4\
\xfa\x01\x0c\xa0\x08\xb8\x7fq\x02\x85\xb2\xbd\x06\xdeI\xf2\
\xb7\xca\xd1\xcc\xd8\xf1mn\x0e\x003of\xe6G\xbf\
\xb2{\xf7\xc0\xcd\x1d\xf0\x95\xdd\xbb\x7f\x99\x99\x1f5\xaf\
\xb1\xad\xf7Q!\xc2H&\xd3\xedKF\xb6\xac\xe0\xae\
\x9f\xa5\x1b\x10\xba\xb8-!wgF\x191\xb3c[\
v\x1c\xf6\xd9\xbf\xb6\xde<\xf9\x03\xc6\xf0?@N\xfe\
D@\xac*\xd4+C\xf2\xf7\xde/\xc8\xb2\x1c\xfb1\
p\xcf\xc4\xd8\xd8\xe3\xe6\xcfb\x89\x00\xda9;\x0b\xc0\
>\xd3\xd6q8\xa0\x12\xfd\x03\x98\xab`F\xb8tg\
\x19\x19\x1eF\xa9(\xcc\x0c\xe8x(_)\xc6\x03\x18\
0\x11\x90\x85\x8a\xdd/\x8e\xd5\xb6\xbbA\xfe \x02\x91\
\xff\xfc\xf1\x01#\x09\xe0\xab_\xd9\xbd\xfb\xde\xaf\xec\xde\
\xdd\xf7S\x09\x7fe\xf7\xeeW~e\xf7\xee{\x01|\
\x15\xc6\xb5\xb5\x1d\xa3\xc3\xc3R\xcfY\xa7q\xd7\xcf\xd2\
X);Cz\xc3c[B\xfe.\x82gw\x9a\x17\
\x5ce\x91w:9\x0d^e\xd8\xcfg{\xbc\xe4I\
\xfe\x0aW\xa0\xe9B\xb02\xf3{f+\xd2\xb9-\xda\
\x1c\xdf\xc1fl\x0d\xf3\x98-\xe25\x9b\xf3\xd2\x04\x9b\
}?\x0f\x1b\x0726?\xb8\xb2\x9c\xfb\x01\x95h$\
\xf2'\x00\x14\x10\x91 \x02j\xb1\x81kO\xe7-7\
\xdc\x90\x05\xb0 \xde\x14\x85\xe8\x08\x01_r\xfeF!\
:\x8b|6'%\x7f\x02pa&\x8b\xa8\xa2\xd7\x8d\
\x03&\x02\xbe\xbd4\x89RE \xec\x0e\x93\xbf\x05E\
Q\xa0i\x9ao\xa7\xcd\x80\x97_`\xe0\xc9\xdbw\xef\
\xfe\xe7\xdbw\xef\xde\x229\xe5\x9e\xc6\xed\xbbwo\xb9\
}\xf7\xee\x7ff\xe0In\xc3\xac~^K&\x9dv\
\xc5\xfb\xef\x06\x8aU\xc2\xd7^px!<k\xef>\
\xe4\xef\x5c\x077!\x14\x9c\xe9-\x90?I\xf2H\xb6\
#d4\x01\xc8\xc8\x9f\x00$('9\x8dn\xd6\xd6\
\xad\x7f\xd6J\x0f\xd4\xd6\x83,K\xb2\x9f\xa2(\xff0\
>:z\x90\x0c\x9e\xb7D\x80~\xc3k_[\xfb\xe2\
:e\xf2q8>\xc7\x9a\xaa\xfe=\xc2\xb8\x00]\x85\
\xa6*R\xf2\x07\x00\x8d\x18\x97\x0e;\xda\xda\x06H\x04\
,\x22\x82\x87\x0e\x98^\x80.\x91\xbfe\x8b\xa8\xaa\xd1\
\xa9\xacs\x1e \x05\xcc\xef\x07\xf3\x8b\xb7\xef\xda\xf5\x99\
\xdbw\xed\x1a\x95\xdf\xa5\xde\xc1\xed\xbbv\x8d\xde\xbek\
\xd7g\xc0\xfc\xa2y\xeeJ\xa7\xeeW<\x12\xa9\x8d\xf9\
\xef6\xbey \x8d\x85\x82\xf0y\xf5\x22tY\xff\x12\
Y^\xdb\x7f\xf6\xcfk+KB\xee.\xa1\xc0\xee\xfd\
\xc5\xf7Q\x22\x066\xc5K\xd0\xcc\xda\xbf\x93\xfc\x89\x80\
8\xdbG(\x85\xe4\xdfY\xf2'Eyh|t\xf4\
O\x01\x10\x88\x14A\x04\x08\xb3\xc8\x01\xc4\x0eW\xc8\xae\
\xbd{\xb7\x00\x98\x10m\xcc\x9c*\xeb\xfa\x17\x00\x5c\x80\
\x10\x1dG.\x9b\x858\xb3\xb3\xf3a\xb8\xe7\xe8$\xbe\
\xf2\xf2\x8c3E\xfeAp\xa2a\x1eI\xeddU\xe5\
\x88y|2K\x92\xc6\xa9\x84\xcf\xbe\xee\x05h*;\
\x8a\xe9\x1c\xf9[e03\x0a\xc5\x22t\xc7{\xd3!\
,\x00\xf84\x80\xcf\xbe\xfb\x96[\x0a\x8d2w\x12_\
\xde\xb5+\x0e\xe0C\x00>\x0e\xa0\xe3BESUL\
\x8e\x8d\xf5\x84\xeb\xbf\xac\x13~\xf5\x9b38\x9d7\x9b\
\x8d\x1a\x91\xbfg\xba\x8fM\xdc\xdfs?\x8ftk\xdb\
\xb5\x8f$\xbfl?\x007\x8e\xad\xe0\xfa\x91\xac\x94\xfc\
\x01\xc6dq\xbf1\x09\x90p\x1e\xcd\x10\x9d\xcc\xb6Z\
\xd2\x14\x8d\xeb\x89\xfcA\xf4\xb3\xa1t\xfa\x96t2\xb9\
\xc8\x86\xbb\xdfp\x901\x17\xae\x7f\xcdk\x8abq\xb2\
\x86\xcd9\x00i\x00\xb5.\xb4D\x94U\x15\xe5\xf7\xaa\
\xba\xfe\xbf\x01\x8cK\xf6\x09\xd1F$S)\x9c9{\
\x16\xb1x\x5c\xfa0\xd4\xe7\x05`\xd8\x1e\x17\xc7\xa6\x14\
\x0d\xf30\xc0M\x88\x80\x96\x8e\xe5\x93Y\x92t\x96\xa3\
\xf8\xce\xa1\x11\xfc\xfcE\x0b]%\x7fk\x9fD,\x86\
\x5c\xb1\x08\xa7x\xee\x00F\x01|\x06\xc0\x87\xbf\xbck\
\xd7\xed\x00\xee\x06\xf0\xfdw\xdfrK\xd5\x7f\xb7\xf6\xe0\
\xcb\xbbv\xa9\x00\xae\x07p+\x80_\x05\xb0\xa9\x1b\xe7\
\xa1*\x0a&FG{\x82\xfc\x01c\xdc\x7f\xd7\xc9_\
F\xe6\xcem\xeb]\xab\xa5\x9b\x06\xaf\xf7X\xb0oK\
\x94<\xc9_\xe1JH\xfe\x9d(K\xbe\xdf\xe9T\x22\
\xf1\xbet*\xb5\x02f\xa3;\x86!\x02\xaa *\xc1\
\x01\x97\x07\x00\x00v\xed\xdd\x1b\x05\xf0\x0a8\x04\x82\xce\
<U\xd1\xf5\xbf6\xd3Bt\x10s\xc7\x8eaxT\
\xa8X\x09?>3\xe1\xbf<v9\x96\xca\xd6\xcf\xe5\
x\x83\x1b\x11sSy\x9a\x10\x01-\x1f\xcb'\xb3#\
iZ+\xe2o\xaf}\xc1\x18W\xdc%\xf2\x17m:\
3\xf2\x85B7D\x80\x13g\x00\xdc\x0bC\x0c\xecy\
\xf7[\xde\xd2\xd6y<\xbe|\xdf}I\x007\xc3 \
\xfd\xb7\x01\xd8\xd0\xce\xe35\x82\xa2(\x98\x18\x1b\xebd\
'M_\xe8\x0c\xfc\xa7om\xc4\xdc\x8a\xe6M\xbc\x9d\
 \x7fY\x19^\xdb\xae2\xfc\xcf/\xa51~g\xeb\
)(\xe4&\x7f\x22 \xa9/a\xa4\xf8RH\xfe\x9d\
v\xfb\x13=\x9bJ&\x7fc8\x939\x0a\xb3a\x0c\
\xcc:\x8c\xc9(\x17\xaf\x7f\xf5\xab\x85\xceb\xe6>^\
\x1f\xb0]{\xf7\xa6\x00\x5c\xe2<\x0ff\x8eWt\xfd\
\x93\x0c\xbcY\xbac\x88\xb6\xe0\xd4\xfcI$\xad\xd0\xc0\
\x92\x1f\xffK\x077\xe2\xbe9\xb1\xe5f\xf0D\xc0\x87\
7\x1d\xc6\x0d;\x96\xe4\xc9\x1d$\x7f\xcb\xa6W\xab\xc8\
\x16z\xca\x13_\x00p?\x0c1\xf0\xed\xf7\xbc\xe5-\
'\x82(\xf4\xdf\xef\xbbo\x06\xc0[a\x90\xfe\x9b\x01\
\xf4D\xd4B\x22\xc2\xc4\xd8\x18b=\xd0\xe9\xcf\xc2\x03\
\x87S\xf8\xd3\x1f\x8c\xfb\x10\xaf\xc5\x98\xb24a\xbb\x19\
\xf2\x17\xd3d\xe4\xef\xda\xd7\xeb\x9c\xc4cJ\xc8\xdf\xb1\
}\xedH\x0eo\x1e_\x96\x92?\x810\xa6\x1fE\xac\
t\xdaqZ!\xf9\xb7\x93\xfc\x15E\xf9\xf6\xd8\xc8\xc8\
\xef\xc5b\xb1,\xea\xc4\xcf\x0c\xe8`>\xff\xfaW\xbf\
Z\x9c\xf4\xaf\xbe\xbf_\x0df\xd7\xde\xbd\xe3\x00\xb6\xc9\
\xd2\xca\xba\xfe^f\xfe\x00\xda\x18\xc7;D\x1d\xc5R\
\x09\xa5R\x09$\xb89\xc5\x87\xe4\xd0J\x02\x7f\xf4\xc4\
%\x8e\xbd\x06K\x04Lhe\xfc\xcd\xd5/\x22\xa6\xe9\
]'\x7fk\xbbR\xad\x22\xd7[\x22@D\x1e\xc0\x09\
\x18\xcdz\xc7\xcdE\x5c\xb7\x86\xfen\x14\x96M\x8e\xf5\
\x19\x08\xcd\x81\xbd\x84\x0d\xa3\xa3\xb5Y\xfez\x01\x85*\
\xe1}\xdf\x9a\xc1|\xde\xe1\x8dp\x91\xb0\xf0\x0e5E\
\xca\xd6v\x1b\xc9_,\xbfA\xde\xdf\xdat\x163\xf1\
\x8a\x94\xfc\x15bL\x97\x9e\x01W\xcb!\xf9\xb7\xa3,\
\xf7~+Z$\xf2w\xd3\x13\x13\x9f3\xdd\x91z\xad\
\xdd\xdf\x10\x01\x8b\xd7\xbd\xeaU\xce\x09\xff\xeae4r\
a\xee\xda\xbbw\x14\x86\x08p5\xb0\xe9\xcc#U]\
\xffm\x06~\x09\xf2\xfe\x04!\x02\xc4\xdc\xdc\x5c\xad\x19\
@Fx\x1f\xfd\xc9%8\x96sV\xce\x06K\x04\xbc\
3s\x12\xff\xe95\xa7\x84\xb4\xee\x91\xbf\x05K\x04\xf4\
@s\xc0\xba\x00\x11\xf5\x1c\xf9\x03\xc0\xe7\x9f\x1c\xc1\xbf\
\xee7\x03w\xc9\x08\xde\xfeew\x7fQ\xa5\xa4l\xfd\
o\xf0\x1e\xd7\xc4Bs$\xee^7W\xfc\xce\x09\xc0\
D\xb4\x8a\xffs\xeb\x19)\xf9\x131\xd2J\x16\xe9\xec\
\x8b!\xf9\xb7\xa3,\xfb~\x15UUo\x1f\xcad\xfe\
.\x9dL\x9eA\xbd\xb6o\x89\x80*\x80\x85\xeb^\xf9\
JO\xf2\x07$\xa4\xee\xc4-7\xdc\xb0\x00\xe0E\x00\
.\x17\x82Bt>\xa2\xaa\x7f\xa9*\xca/\x11p'\
\x80s\x8d\xca\x0b\xb1zp\xd5h\xc2\x91\x11\x1e\x00\xbc\
aj\xc1\x99\x02\xd7\xf8\xba>\x1f\x22x\xcf\xd2$\xe6\
\x16\xcc9\x02z\x80\xfcAF\x90\xa0T\x22\xe1:F\
\x88\xe0\xa1(\x0a&\xc7\xc6z\x8e\xfc\x8f,Ep{\
3\xe3\xfek\xdb\x8ew\xc8+/\xa39\xf2\x17wX\
-\xf9\x13\x1a\x0e\xff{\xd5P\xde\x93\xfc\x01 ^9\
\x17\x92\x7f;\xca\xaa\xefwNU\xd5;\x86\x87\x86~\
q\xd3\xf4\xf4\xa72\xa9\xd4\x02\xac\x08\x7f\xe6X\x7f\x18\
\xdd\xb6\xcf4\x22\x7f\x00\x8d=\x00\x16v\xed\xdd\x1b\x01\
p!\xfc\xa3y)\x15]\x7f%3\xdf\xc8\xcc?\x07\
\xc3\x8d\xd8\x1b\x03s\x07\x00\xa5b\x11\x85R\x19\xaa&\
\x84\xc7\x15\x1e\x94s\xc5\x08\xfe\xebc\x97yPi\x83\
\x8fH\x13\xbbH3\x04R\x8e\x98\xc7'\xb3\x99\xf4J\
m\x19\x9f|\xfd\xe1\x9e \x7f\xd1V\xd5u\xac\xe4r\
\xd0uW_\x9b\x10\x01@UUL\x8d\x8f\xf7L\x87\
?\x11\x1f~h\x12O\x9crL\xfa\xe3\xfc\x0f\x99\xdd\
\xf1\x0e\xb9\xf2\x92\xdd\xde\x88\xdce\xa4\xeeyl\x9f|\
\x12O\x00\x01\xf8\x9dm\xa71\x1c1<\xccN\xf2W\
\xa0c*\xff4\xc0\xd5\xd6\xc9\xdf\xce~\x0e\x9b\xb0\x9f\
\xec;\xd1\x8b\x84\x1d\x5cY9R\x94\xe3\x9a\xaa~/\
\x16\x8b=<62\xf2SEQ\xaal\xb6\xf1\x9b\x8b\
\xcef\xcd\x1f@\x81\x81\xf9\xd7]qES#\x83\x9a\
\x16\x00\x00\xb0k\xef^\x05\xc0\x94\xb94\xf2\x1e\x909\
\xd5gR\x07\xa6\x98y\x02\xc6\xf0Bb\xebQe\xb6\
\x1eY\xd7\xc2\xf5\xf54\x80a\x00C\xe6q/\xc3:\
\x1e\x8a8w\xec\x18F\xc7\xcd\xcb\x97<<\xff\xfd\xa9\
\x0b\xf0\xf4\xf9\xb4\xc7\xde\x83#\x02~w\xd3\x11\xec\xbc\
`I\xb0w\x97\xfc\xadc\xe9\xba\x8e\xe5l\x16\xd5P\
\x04\x04\x8a\x88\xa6ar|\xbcS\xb33\xb6\x84Z\xc7\
?@N\xd4\xb2u\x126<\xc9]$9Yz\xa3\
c\xf8\xbc\xef\xb2\xe3K\xcf\xb1\xfe\x7fG\xa2\x84_\xdb\
\xb4\x00\x19\xf9\x13\x80\x14\x96\x90\xce\xbd\xe4\xfb\x1e\xc9l\
k!\xff \x03\x0c\xad\x95\xb0\x15EY\x88j\xda\x0b\
\x8a\xaa\x9eRUeQU\xd4%UQV`\xb8\xe4\
-\xb2\x16\x09\x9ba\xd4\xd6\x8d\x0df\x9d\x14\x85\x09X\
\x8eF\x22\xa7\xe2\xf1\xf8\xa9X4\xba\x02\xa3=\xbf*\
\x94at\xf0\xb3\x8b\x80\x0a3\x9f\x03\xb0p\xed\x15W\
4M\xea-I\xe9[n\xb8A\x07pb\xd7\xde\xbd\
\xa7at\x0e\xda\xe0\xbc\x17\x02\x98\x88t\x009\x15x\
\x19D\x87\xd9tU\x80\xd9 x\x22\x02\xb3b\x92\xbd\
\x02\x8b\xfc\x99\x152D\x80b\x8a\x04E\x14\x0dL4\
M\xc0\xab@\xf4&\x18\x82`\xdd \x1a\xad\xbb\xbf\x01\
\xf7\xcd\xdf9\xb5\x80\xa7\x17$\x13\x90\x00\x18\xa48\x01\
_8\xb1\x11Wo^A\x22\xaa\xf7\x0c\xf9\x03\x86\x8b\
z(\x9d\xc6J.\x87r\xa5\xe2\xdc3\xc4*\x90\x88\
\xc5\xb0\xa1\x87\xc6\xf9\x8b\xc8\x96\x15\xfc\xdd\x13#\xc6\xc6\
Z\xc8\xdf\x09\x89{\xdb\xf6Zx\x1d\xc3f\x13vh\
\x95\xfc\xad\xdd\x85[\xfe\x9a\xa1<\xbc\xc8\x9f\x08\x88\x95\
\xce\xae;\xf2\xd7\x22\x91\x9f\xa5\x93\xc9\xef\x8c\x0ce\x9e\
\xca\xa4\xd3\xf3\xccu\x82\x06X7\xb7\xeb\xa4\x0d\xaeB\
\xb0\xb1\x99\xcf\xb29:\xf01[\xb1\xfb\x89T2D\
\x00`\xda\x88Ha\xe6*\x80\xf3\x00N_\xdbd\xad\
\xdfv\xd9k\xe9\xb8\xb4k\xef\xde\x18\x0c!0\x02o\
\x8f\x001s\x9d\xdc\x9d\x22\xc0X\x97\x8a\x80Z~\x99\
\x08\xb0\xf2\x13m#\xe0- \xba\x09\xeb\xa0#\x223\
\xe3\xfc\xe2\xa2;(\x90\x89\x92\xae\xe2\x03\xdf\xbf\x0c\xc5\
\xaa\xe2C\xb8>5\x83&w\x91f\x08\xa4\x1c1\x8f\
Of\x02\xde:|\x06\xbf\xf5\x9a\x93=C\xfe\xce\xb2\
\xf3\xc5\x22\xb2\xf9\x86\xcdp!|0:4\x84\xe1\x1e\
\x98\xd9\xcf\x0b\x7f\xbbo\x14w\xbc\x98Y;\xf9\xdb\xd6\
%\xe4\xef*C\xb2\xee\x99\xdfY^\x83\xf2%\xc7\x8b\
(\x8c\xdf\xdfq\x1aQE\x97\x92\xbf\xc2U\x8c\xe7\x9f\
\x06\xa1\x89h\x9d\xfdO\xfe\x95D<\xfe\xfd\x0dc\xa3\
{F\x87G^f\x81\xf0a|\xa2\x83\x16\x01\xf5\xf2\
\xea\x9e\x00\x8b\xf8O^}\xd9e\xae\x00?\xcdbM\
\x02\xc0\x82\xd94\x90\x81\xe1\xaa\x1f\x06\xe0\x1c\x98\xdb^\
\x11`\xfc\xdfL\x8a\xf2\x9f\x01\xf4\xfd\x0cj\x8dp|\
n\xae\xde\x0c \xc0z\xb8\xff~\xff\x16<z\xd2Q\
+q\xe7\xf6\xddlf\x17i\x86\x0e\x8a\x00Ea|\
\xe6\xb2\x83\xb8`\x83}\x18^/\x90\xbfUF\xb9R\
\xc1r6\x1b\xf6\x0bh\x11\xaa\xaabbl\x0cq\xcb\
\xe3\xd5\x83xq!\x8a\x0f\xec\x99\x86\xee\x8a\xa8\xe7\xb7\
\xbeF\xf2\x17\xb7\xfd\xc8\xdf\x96G<\xa6\xc7{\xdf@\
H\xbc:\x93\xc7;\xa7\x17\xa5\xe4O\x00\x12\xd5sH\
\x17\x0f\xdbw\x1d@\xf2\x8fD\xa3?\xdb89\xf9\xc5\
\xe1\xa1\xa1\xa3\x16\xe1\x83\x05\xd2n\xaf\x08(\x02X\x00\
\xf3\x02\x03+W_v\xd9\x9a?*\x81\x08\x00\x11\xbb\
\xf6\xee\x05\x8c\x8e\x7f1\x18B \x02 \x0a \xca\xcc\
\x1a\xea\x22\xc0I\xe42R'fN\x02\x884%\x02\
\x98\x09\x8a\xf2\x06\x22\xfa\xcf\xe8\xd1\xb1\xcbA`ey\
\x19\xaa#\xf8\x89\xf8p?\xbd\x90\xc6\xa7\x9e\xdc!$\
z\x95\xd4\xff\x22`S\xa4\x88\xbf\xbc\xe6 \xe2\x11s\
\x84D\x0f\x91\xbf\x05f\xc6R6\x8bRY\x1a\x8b#\
\x84\x03\x89X\x0c\x13cc\xc6\xc4K=\x8a|\x85\xf0\
\xdb\xbb\xa7qd9\xe2&jO\xe2\xa6&\x85\x02\xf9\
\x94!l7\x93\xc7vL\x9f\xf7\xbd\xc1\xfa\xafmZ\
\xc0\x85\xc9\x92\x94\xfcA\xc0P\xfeg\x88\xe9+\x03K\
\xfe\x8aB\xc5\xb1\x91\x91/o\x9e\x99\xf9\x1e\x0c\xd27\
\xc7\xdb\xfb\x8a\x80\x12\x80,\xcc|&\xd5\x8a\x22@\x17\
D\x00\x0b\x22\xa0\x02\xa0\xc8F`\xaf\x22\x98K\x00\xf2\
\x0cd\xafzE\xb0Ax\x03\x17\x00\xed\xc07\x1fy\
$\x06 \xc5@\x1a\xcci\x00\x13lt\x0a\x94\x8b\x00\
\xa2\xed\xa4(\x1f\xc3\x00w\x16<s\xe6\x0cRi\xa3\
\xb3\x9f\xf3\xe1f\x06>\xf8\xc3W\xe0\x5cQ\x10\x09\x03\
,\x02\xde\x10_\xc0\xef\xbe\xeexO\x92\xbfh\xcb\x17\
\x8b\xc8f\xb3\xdd\x9aH\xa8\xe7\xa1(\x0aF\x87\x860\
\x94\xf6\xea\xc4\xda;\xf8\xb3\x1f\x8c\xe3\xfe\xc3)9q\
\xca\x08ZF\xea\xbe\x04N\x1ev\x9f\xe3\xb9\xf2\x08e\
\xc8l\xb2}$\xe5\x0fiU\xfc\xee\x8e3P=\xc8\
\x9f\xaa%\x8c\x17\x9e\xad\xb7\x01\x0f\x18\xf9\xab\xaaz~\
\xcb\xf4\xf4?\x8c\x8e\x8c\x1ca\x08\x1d\xef\xec\x22`\x01\
\x8cy\x06\x16\x01,\x02\xbc\xf4\xaa\x0b/\xea\xd9\x08a\
\x16\xfaB\x008q\xcf\xc3\x0f\x03\xc0\x0c\x03\x97\x02\x18\
\x92\x89\x00&\x1aW\x14\xe5\x0f\x01\xec\xe8\xe6\xb9\xb6\x0b\
\xa7\xe6\xe7\x91\x19\x19\x91?\xdc\x00\xbe|p\x1aw\x1f\
\x99\xb0\x1b\x07X\x04|pf\x0e\xff\xe1\xd2E\xfb.\
=D\xfe\xd6\xb6\xce\x8c\x95\x5c\xae\x97\xa3\x07v\x05\x99\
T\x0acCCP{\xb0\x97\xbf\x13\xdf:\x98\xc6\xff\
\xf8\xd1\x98\x7f\xad\xb9\x11\xf9\xcb\xfe\xbb\xca\xf2\xd8\xaf\xa9\
u\x09\xd1\xd7\x8e\xe7\xf3\xbeK\xce\xe9\x86\xd1,\xde<\
\xb1\x5c3\xdb\xc8\x1f@\xact\x0aC\xe59W\xd9\x83\
@\xfe\x11M\x9b\xdb\xb1u\xeb\xff\x9bJ&\x16\xc0B\
\xcd\xbd.\x02\xce1\xb0\x0f\xe0\xc3\xaf\xbc\xe0B\xf7\xb1\
z\x1c})\x00,\xdc\xf3\xf0\xc3\xc4F\xac\x81W\x80\
9-\x11\x01\xc3\x8a\xa2\xfc9\x80\xe9\xee\x9ei\xf0(\
\x97\xcb\xa8T\xab\x9edt,\x17\xc7G~t\xb1{\
\xc7\x01\x15\x01Qf\xfc\xe5\xab\x0f`\xebx\xa9g\xc9\
_,\xb7\x5c\xa9`iee\xdd\x8f\x14\x88F\x22\xd8\
02\x82X4\xea)f{\x09\x87\x16#\xf8\xc0\x9e\
i\x14u\xe1\x5c}\xc9\xd8\x87\xc4\x81\x86\x91\xf7\x1a\xf6\
\x19\x10\xb7\x9b\x22\x7f\x9f<\xd6\xb6\xc3\xf6\xc1\xedg0\
\x19\xad\x87\xfe\xb5_\x16c8\xf7<\xa2\x5c\x188\xf2\
\xd7T\xf5\xdc%\x17\x5c\xf0W\xb1Xt\x09B\xad\x1f\
\x86\x08X\x00\xf08\x80\x83W\xec\xb8\xa0oI\xb4\xaf\
\x05\x80\x85\xbb\x1f~\x98\x00\x5c\x06\xe6\x8b%\x22`#\
\x11\xfd9\x8cN\x8a\x03\x853\xa7O#3<l\xb3\
\x89\xc4\xf3\xe7?\xddn\x0c\x09tb@E\xc0f\xad\
\x80\xff\xf9\xba\x97\x11\x8f\xda\x9f\xe9^#\x7f\xd1\x96+\
\x14\xb0\x92\xcb\xa1Z\xed\xca\x8c\xbe]\x83\xa6i\x18\xc9\
d\x90I\x19S\x89\xf4\x03\xf9\x17*\x84\xdf\xde3\x8d\
\xc3\xcb\x1eMk\xad\x92\xbf\x93\x94\xbd\xc8\xdf7\x8f\xe4\
\x98~\xe7e+\xcb\xe7}7\xd7/H\x96\xf0\xeb\x9b\
\xcfI\xc9\x9f\x00D8\x8b\xa1\xdc\x8b\x8e\xd3\x0e\x8e\xb0\
\xbbU\x16)J\xee\x82m[\xff\x9f\xe1tf\x1e\xee\
Z\xff>\x00\x8f]\xbecG\xdf\x93g\xef\xf6\xb2i\
\x01\xb7\xdet\x13\xdfz\xd3M\xcf\x81\xe8E\x12\x87L\
\x1011\x1fg\xe6\xbfBs\x81i\xfb\x0a\xaaj\x1f\
\xf5\xe8$\x9ewm?-\xdf\xd1\xf3N\xb0\xeffk\
e\x09\x19\x02)G\xcc#\xcf|\xac\x12\xc7\xe7\x9e\xb6\
;{z\x99\xfc\x01 \x19\x8fcr|\x1c#CC\
P5\xcd\x16-d\x10\x97H$\x82\x89\xb11l\x99\
\x9e\xee+\xf2\x07\x80\xbf\xfe\xc9Xk\xe4\x0f\x8f\xf4\xa6\
\xb6[$\x7f\xd1\xd0\xb4\xe8`\xef|l\xd8\xde8\xbe\
\xe2I\xfe  ]=\xeb8\xed\xfe'\x7f\x10x\xf3\
\xcc\xf4\x17G2\x99\xd3 +\xcc.Y\x1d\xd3\xf7]\
\xbec\xc7\x0f\x07\x81\xfc\x81\x01\x11\x00\x16n\xbd\xe9\xa6\
\xfd zA\x22\x02\x9e\x851M\xea@atl\x14\
\x15\xd3\x85,#\xa3\xcbG\xb2\xb8t\xd8cz\xf8\x01\
\x15\x01\x0f/\x8d\xe0\xa1\x03\xc6\x84,\xbdN\xfe\xe2\xf1\
\x92\xf18\xa6\xc6\xc606<\x8ch\x0fMo\x1b\x14\
b\xd1(\xa6\xc6\xc7\xb1yj\x0a\xe9d=:x\xbf\
\x90\xff}\x87R\xd8uX\x98\xf8\xd4\x97\xfc\x01\x80%\
?\xb6O~\xf1q\x96\x91\xbf+\x8f\xb3L\xc9\xc1\xfc\
\x04\x83\xf8\x1e\xc9\xce\x93\x80\xad\xf12v$J\x9e\xe4\
\x1fS\xaaPK\xf5\xe9_\x06\x82\xfc\x01\xa4\x93\xa9\x9f\
L\x8eo8\x08K\xf7\xd4E\xc0\xe3\x97o\xdf\xf1C\
\xd7\xce}\x8c\x81\x12\x00\x00p\xebM7=\x0f\xa2\xe7\
\x9d\x22\x00\xba\xfeo\x00d\xb3\xe5\xf45V\x96\x96\xa4\
dd\xe1]\xdb<\xbc\x00\xc0\xc0\x8a\x80\xff\xef\xd8F\
\xbcp\xd2\x8a\xcb\xde\xfb\xe4/\x22\x19\x8fcrl\x0c\
\x13\xa3\xa3H\x9a\xc1\x9e\x98\xb9/\x17\x22B&\x99\xc4\
\xc6\x89\x09l\x9a\x9cD*\x91p\x5c~\x7f\x90\xff\xb3\
gb\xf8\xeb\xc7\xc7\xea\x86\xa6\x89\x9d=\xec>\xe5x\
\x91\xbf\xb8\xbdV\xf2w\x95\xc5\xd2\xb47\x8e\xafx\x92\
?\x81\x91\xd2\xcf\xd6f\xc0\x1c\x14\xf2WUue\xc7\
\xd6-\xbb`\x5c\xa55\xc9\x0e\x81\xf0\xa3\xcb\xb6o\xff\
\x81k\xe7>\xc7\xc0\x09\x00\x00\xb8\xf5\xa6\x9b^\x00\xd1\
q\x87\x08\xc8\x82\xf9_\xbb}nA#\x93\xc9\xf8\xc6\
\x9d\x9f\x1d_\xc6\x8e\xb4O\x8f\xf3\x01\x14\x01%\x9d\xf0\
g\xcfo\xc5\x91s\xf5\x19\xe3\xfa\x81\xfc\xc5\xe3\xc5\xa2\
Q\x8c\x0d\x0fc\xe3\xe4$\xc6GF\x10\xef\xb1\xd9\xef\
\xfc\x90\x8c\xc715>\x8e\xed\x1b7\x1a\xc1|$\xe7\
\xde/\xe4\x7fh1\x82\x8f~w\x02\xc5j\xcd=l\
\x87G\xed\xb9\xbe\xee\xe1f\x97\x96C\xf5\xc7\xb9\xa9\xda\
;\xdc\xe4/\xf5(4S\x96]\xac\xcc\xc4+\xb8$\
U\xf4$\x7f\x95\x18j\xee\xa4y\x0a\x83A\xfe\x00\xb0\
al\xec\xfeX4Z \x82\x8a\xba\x08x\xe9\xb2m\
\x83G\xfe\xc0\x80\x0a\x00\x13\xfbA\xa4\xdbD\x00\xb0\x17\
\x03\xe6\x05H\xa6R8\x7fV>\x0b\xb3\xf5h\xbfk\
\x87\x8f\x17\x00\x18H\x11\xb0\xa2\xab\xf8\xe4\x93[pz\
I\xeb;\xf2w\xdaS\xa6W`\xd3\xe4$F\x87\x86\
\x90\x88\xc5\xa0\x10\xc1\x08\x1d\xd2\xfdE1\xcfq|d\
\x04\xdb7n\xc4\xcc\xc4\x04\xd2\xc9\xa4\xef5\xf5\x03N\
\xe64\xfc\xfe#\x93X.)\xb56q\x1b\x1a\x92\xbf\
\xb5\xc2\x1evq\xdbC`x\xe6\x877\xf97\xb3\xaf\
,\xa3\x90\xf6\xc6\xb1\x15O\xf2\x07\x80\xa4\xbe\x00]\xaf\
t\x9d\xb0\x83,KU\xd5\x95M33O\xc1\xbcd\
S\x04\x00\xa0\xef\xb9v\x1e\x10\x0c\xac\x00\xb8\xf5\xa6\x9b\
V\x00\x1c\x05\x11\x0b\x22\xa0\x02`ww\xcf,x\x0c\
\x8f\x0c\xbbB\xcd\x8a\xa4w\xed\xc4\x126\xa5\x8a\xfe\x85\
\x0c\xa0\x088\x8b\x08\xfe\xf8\xf1-X\xca\xab}I\xfe\
\xcec\xa8\xaa\x8aL*\x85\x89\xb11l\x9e\x9e\xc6\xf4\
\xc4\x04F\x86\x86\x10\x8f\xc5@D\x1d\xeb\xc8GDH\
\xc4\xe3\x18\x1b\x19\xc1\xa6\xa9)l\xdf\xbc\x19S\x13\x13\
\x18\xc9d\x1a\x8e\xe3\xef\x17\xf2_,*\xf8\xc8\xc3\x13\
8\x9d\xb78\x00\xcd\xd5\xaae5x\xbfk\xf6\x22\xff\
\x96=\x01\x0d\xceG\x96\xc7y|\x13\x13\xd1\x0a\xae\xc8\
\x14<\xc9\x9f\x88\x11\xc9\xcfw\x9d\xb0\x83.kx(\
\xb3O!\xd2Q\xef\xf0GDx\xee\x15\xdb\xb6\x9du\
e\x1e\x10\x0c\xf4\xe49\x04\xbc\xc0\xc0&\x183)\x81\
\x01\x1d\xcc{\x98\xe8\x970@\xd7\x9eH\xa5p\xf2\xc4\
<\xc66\x18\x81\x0fe5\xdewn;\x83\xbf{n\
\x93\x7fA\xb2Z\x8e,\xc13_3e\x09\x19:0\
\x8b\xe0\x1c\xc7\xf0'?\xd9\x8cO]w\xcc\x989P\
D\x1f\x91\xbf\x0c\xd1H\x04\xb1H\x04\xc3\xe94@\x84\
J\xb5\x8ar\xb9\x8cr\xa5b[V;\xc4PSU\
D\x22\x11D4\x0dQM\xab\xadG4\xe1\xd5\xf1\xba\
V\xd9\xf5\xf4\x09\xf9\xe7+\x84?\xf8\xce\xa4\x11\xe6\x17\
h\x5c\x8b\xf6\xad\xdd\xfb\xd4\xd2\xfdj\xfeM\xd5\xe6\xcd\
\xe7\xbd\xd1\xbe\x0cyU\xcfI\xfefqo\x18\xcf\xd6\
\xda\xfe\xdd\xe4\x0f\xc4\xabK\x00\x97\xedo\x1b\x91[\xb3\
\x08\xb6\xba\xa9\xb1\xad\x99<A\x97\xa5\x10U7NM\
\xfd\x84\x08\x0a3L\x11\xc0e\x00\x8fb\x801\x10q\
\x00\xfcp\xcf\xc3\x0f_\xc1\xc0\x05\x00ja\x83\x99\xe8\
\x0f\x01\x5c\xd7\xeds\x0b\x12\xb9l\x16Z$b\xb8\x86\
\x01\xd7\x87\xa7\xca\x84\x0f\xff\xe0\x22\x9c*41\xb9\x8a\
\x9f\x9b\xb0\xa9|\xad\xe4iB\x04\xb4|,w\xe6\xd7\
&\xb2\xf8\xe3\xeb\xe6\xa0)V[g\x7f\x93\xbf\xed\x18\
\x8d\xca\x01\xa0\xeb:t\xf3?3\x1b\xdb\xcc \x00\x0a\
\x11HQ\xa0\x10AQ\x94\xda\xe2:\x8e\xab\xf0\xc1#\
\xff\x8aN\xf8\xe8w7\xe0'\xf3q\xb8\x9eMr\xfc\
\xf7[\x07\x00\xa5\xc1\xfbR{W\x9dv\xc9\xb6\xaf\xe8\
 \xb9\xddi\xf3\x12\x1f\x82m4R\xc1\xef]p\x16\
*\xb1\x94\xfc\x09@&\xf7\x22T=/}\xfe\xfc\x9e\
\xc9^\xad\xf9\x13\x11\x92\x89\xc4\x8bW\x5cr\xf1W`\
:\xba\x0c\x11\x80\xc7.\xdd\xbau\xe0<\xc6\x22\x06\xb6\
\x09@\xc0\x01\x12\x87\x04\x02\x0c\xe6\x07\xbb\xddn\x1a\xf4\
\x92L&\xb1\xb4`vo\x90<\xe4*1\xde\xb1\xed\
\xcc\x1a]\xef\xfd\xdb\x1c\xf0\xd3|\x0a\x7f\xf3\xf84\xd8\
\xf0a\xaf+\xf2\x07\x00EU\xa1\xa9\xaa\xe15\x88F\
\x91\x88\xc7\x91N$\x90J$\x90\x88\xc7\x11\x8fF\x11\
\x8dD\xa0i\xda\xba%\x7f\x9d\x81O\xfdp\xcc$\x7f\
@\xda\x81\xafY\xf2'j\xe0\xa2\xf7\xb8'\xadz\x02\
\x08\xa8\x1d\xa8\x19\xafA\xcd&\x17'o\x18\xcf\xfa\x92\
\xbfZY\x86Z\xcd\x81\xaco\x0fP\xfb\x06\xc9l\xb5\
\xb4&l\xcd\xe4YUYf\xe3U\xcd\x06\xb7m|\
t\xe4)\xb2\xbb\xfe\x01\xe0\xfb\x92\xbb7P\x18x\x01\
\xf0\xf6\x9bn*\x008E\xb5_\x9cX\x01\xf6\xc1\x98\
Ky\xa0\x90H\xa5<?,\x04\xe0\xc6\x99\xf3\x18\x8d\
U\xd6\xad\x08\xf8\xee\xd2\x10\xfe\xe7OfP\xd5\xed\xf7\
h\xd0\xc9_Z\x1b\x93\xee$\xb9^\x9f|\x83D\xfe\
\x15\x9d\xf0g?\x18\xc7\x83G\xcc\x18\x05\xb5\xd3\xe6\xd5\
\x91?\xfc\xd2\xcdr\x1b\x96#\xac\xbb\xfc\xeb\xce\xfc\x92\
w\xc83\xaf\xfc\xfc\x86\xb4*\xae\x1a\xce{\x92?\x11\
\x10-\x9e\xea\xaf\x9a?Y\xff\xc8\xb6-\xdaTU\xcd\
MOL\x1c\x04\x81\x04\x11p\xe8\xd2\xad[\x97]\x07\
\x1b0\x0c\xbc\x00\x00\x00\x10\x1d\x03`\x8d\x08`\x10U\
\x00<\xd2\xdd\x93\x0a\x1e\xa9T\x0aK\xe7\xdd\xba\xc6z\
\xe6#\x0a\xe3\xedV\x7f\x96u,\x02\xfe\xe4{3(\
\x94\x8cG?$\x7fy\xbe\xf5D\xfe\xf9\x8a\xe1\xf6w\
\x93\xbf\xb5\xce\x12\x9b\x07d\xeex/O\x00\xf9<\xcc\
\x8d<\x01\xd2\x9a\xbd\xc4c\xe1\xca\xeb-Nn\x18\xcb\
A#x\x92?\x95\xb3\x88\xeb&'\x0e\x08\xf9\x83\x80\
\xa1L\xfa92\xe69V\x04\x11\xf0\x84\xeb`\x03\x88\
u!\x00\x088\x09\xa2\x12\x04\x11@D\x0fv\xfb\xbc\
\xda\x81x<n\xdbv\x92\xc1\x9b7- \x131;\
\x85\xadS\x11\xf0D1\x8d\x8f?\xba\x09\xcbyw\x8f\
\xf5\x90\xfc\xd7\x17\xf9/\x16\x15|\xf8\xa1I\xc1\xed/\
\xc9\xe4Ucwn7\xdb\x16o[_\x85'\xc0\xb3\
lI\x82\x93\xfc=\x8e\x93\xd4t\x5c;\x9a\xf5$\x7f\
\x00H\x96\xe7QKp\x16\xd1\xa7\xe4\x0f\x00S\x1b&\
\x9e5\xb7\x08\x86\x08(\x12\xe8y\xd7\x01\x07\x10\xebB\
\x00\xfc\xe2\x8d7\xea\x04\x1c\x87\xa1\xf2t\x02\x98\x80\xc3\
\x00~\xd6\xeds\x0b\x1a\xc9T\x0a\xcbKK\x00\xe4d\
\x10Su\xbc\xe7\xa2Su\xfb:\x15\x01?\xe3\x04\xfe\
\xe0;\x9bqz\xb1\xde\xa3=$\xff\xf5E\xfe's\
*>\xf8\xc0\x14\x9e?gv\x8c\xf5\x22^67V\
K\xfeNO\x80+\xbdEO\x80\xd4\xd5\xdf\x22\xf9\x8b\
\xe7\x03\xe0\xe6\x89eD\x15o\xf2\x8f\xe9YD*\xcb\
\x03G\xfe\xb1h\xec\xd4\xf0P\xe6\x8c\xd8\xfe\x0f\xe0\xe9\
\x8b\xb7lY\x17\xd3t\xae\x0b\x01`b\x8e\x00\xdd!\
\x02\x06\xd2\x0b\x10\x8bF}\xc9\xe0?lZ\xc0EC\
\xf9\xbaa\x9d\x8a\x80cZ\x0c\x1f\xf9\xee&\x1c>\x1d\
\x09\xc9\xdf+\x8f\x90o\x90\xc8\xff\xd0b\x04\xffe\xcf\
\x14\x8e,\x99\x02\xd0\x8f\xdc\x1b\x91k3\xe4\xef\x85\xb5\
x\x02j6\x92\xe7c\xc1\xe0s\x1e\x9b\x13e\x5c3\
\x92\xf7$\x7f\x22 Y:1p\xe4\x0f\x00\xa3\xc3\xc3\
\xfb\x01\xa8\xb0\xb7\xff\xefs\x1dt@\xb1n\x04\xc0/\
\xdex\xe3\x22\x80\x15\x9b\x08 \xfa\x0e\x03e{\xbf\xd0\
\xfe_\x12\xa9\x14VVV\x8c\x0b\x97|\xe4\x09\xc0\x07\
.;aOZ\xa7\x22\xe0l<\x8a\x8f~o3\xf6\
\xcfI\x9aNB\xf2\x1fH\xf2\x7f\xf6L\x14\xff\xf5\x81\
I#\xc8\x8f\xec\x94\xbdj\xce\xb2\x1a\xbc\xdf5\xb7\xdb\
\x13 Kp\xd5\xf2}\xc8\xdfLz\xc7\xd4\x22\x14\x1f\
\xf2OQ\x16z9[\xfb\xbeX\x97\xc0\xe4\x1eO\x8f\
fl\xe4\x0eZ\xb5Z\x9bm\x9b\xac\xf3#\xdb\xb6\x97\
\x8dH\xa9n\x9c\x9a|\xde\xbck\x96\x088{\xf1\xe6\
-G<\xee\xd8\xc0a\xdd\x08\x00\x00 \xa29\x18\xcf\
\x80\x0ecH\xe0\x12\x01\x8fu\xfb\xbc\xda\x01M\xd3|\
?\xf2\x17d\x0a\xb8e\xb3#\x84\xf0:\x15\x01+)\
\x0d\x1f\xff\xe1F\xdc\xff\xa49=-\x10\x92\xbf\x90o\
\x90\xc8\xff\xbe\x83)\xfc\xeeCfx\xdfV\xc8\xdf\x95\
\x06\xf7\xfdn\xb6\xf6.\xc3\xaa<\x01d\x7f\x9c\xa5\xd7\
\xe3\xf1\x0e\x99y\xaf\x1b\xcdbS\xa2l\x98$\xe4\xaf\
\x10\x10/\xceK\x0e-y6\x9a\xb1\xf5H\xcd\x9f@\
H%\x93\x87\xa3\xd1h\xd9\xbal\x18\x22\xe0'\xae\x03\
\x0f0\xd6\x95\x00\x00p\x82\x88\xaa\xb0\x8b\x80\x81\x9b&\
\x180\xe7\x088'L\xd5)\xc9\xf3\xee\x8bNc$\
\xeah\xeaZ\xa7\x22\xa04\xa4\xe2o\x9e\x9f\xc2_\xdd\
=\x8eB\xc5c\x1c|H\xfe\x1eY{\x9f\xfc\x0b\x15\
\xc2\x7f\xff\xc1\x18>\xfd\xd8\x981\xb1\x8f\x1f\xc1ZF\
\xaf<lm\xb3<]R\x94t{M\x9e\x00\x07\xa9\
\xf9\x8a\x19\x96\x0a\x85\xb4\xaa\xe3\xe6I\xc3S(#\x7f\
\x02\x90\xe2E\x94\x0b+\x8eC\xf7?\xf9\x03\xf8\xff\xd9\
{\xf30I\x8e\xfa\xce\xfb\xfb\x8b\xcc\xac\xbb\xba\xbb\xfa\
\xee\x9e\xfb\x9e\xd1H\x8c.\x10\x86\xb6\x04\x16\xe01\x88\
C\x96\xc0\xaf\x0fX\x1b,a\x9b\xf5\xb1\xaf\xed]\xfb\
\xb5\xfd\x9a\xf59k\xc0^_\xeb\xf7\xb5\xd7\x98\xf5\x8d\
\xed\x17$!`\xf0\x02\xa3\xa3A\xd82 \x0e\x194\
\x9aK\xd3sOOwuw\xddU\x99\xf1\xfe\x91\x95\
UygV\xf5Q\xd5U\xf1y\x9ez*3\x222\
\xf2\x97u\xe4\xf7\x1b\x91\x91\x91\x18\x1f\x19~A_%\
f\xfa\xb6\xbf\xec\xd8y\x0f\xd3W\x06\xe0\xbe{\xee)\
\x03X \x22\x0du\x13\xc0\x18\xfb28_\xe8\xf4D\
>\xeb\xf1\x8aF\xa3Pk5O!H\xc8\x1a\xde\xb5\
\xff\x9a3\xafOM\x002\x0c\x9f+\x0d\xe2\xa7\xfel\
\x02\xe7\xae)B\xfc=\xf7n.\xda\xfd\xe2\x7f6\xab\
\xe0\xa1\xe3\x138~N\xef\xe1\xf1\x14v\xb3\xb8\x06\xb5\
\xc0\xcd\xbf#\xbf\xd6~[=\x01\x1e\x85\xbc\xc4\x1fp\
\xfe\x9c\xbdL\x85)\xfd\x8d\x93+\x881\xcdS\xfc\x19\
4H\xb9\x0b\xd0'\xd61]\x00\xb0\xac\x87MC\xf3\
\xdcd\x0e\x91[\x03\x0f\x93\xd6XoL:T?<\
\xd3zP\x9a,I\xc5\xf1\x91\x91\xf3\xa4k\xa0a\x02\
N\xee\xdd\xb2u\x09}D_\x19\x80:\x97\x00p\x93\
\x09\xa8\xf5\xea-\x81\xc9T\x0a\x8b7\x5c\x9eca:\
i\xdf3\xb5\x84\xc3\x99\x82\xb3L\x1f\x9b\x80\xb9\xe18\
~\xfa\x7fN\xe03_5\x04C\x88\xbf{\xd1\xee\x17\
\xffO\x9eN\xe2\xe1\xcfL\xe0%c^\x7f3\xed\x8a\
\xbfAPO@\x90\xf8\xbb\xf6\x04\x90{\x19{B[\
\xa6\xa3\xf9\x1f\xda\x9d\xac\xe0\xb6\x81\x82\xa7\xf8\x13\x80X\
\xf5:4\xb5j\xfa\xe9P\xa3\x8c\xbdr\xff4s\xf3\
\xdb\xbbW LZ\xd8\x1e\x86\xa0\xb4\xc1\x81\xf4)]\
\xf3\xf5+\x1d\xd0M\xc0\xbf\xa2\xcf\xe8G\x03p\x1d@\
\x15&\x13\xc0\x88\xfe\xb9\xc31\xad\x1b\xa3cc\xc8\x1b\
\x03\x02\x01\xd7?\xc4\xc3\x87\xae@r\xebv\xecc\x13\
P\xd9\xad\xe0\xf7>1\x8c\xdf\xf9\xf8\x08\x8a\x15\xa7\xd0\
\x0b\xf1\xefn\xf1/\xd6\x08\xbf\xfe\xc5\x11\xfc\xb7\x7f\x19\
F\xd9<\xf3\xa3[\xd8\xed\x88\xbf\xb1\xee\xd5\x13\x10V\
\xfc\xfd\x12\xedex\x08\xf1\x0f\xa8\x12\xe0\x90\xc0\xf1\xd6\
\x89e_\xf1'\xad\x0cV\xbc\xda\x93\xe2\x0f\x00\x93c\
c'\xf5k\x01\xfa\xc8\x7f\x02\xca\x00\xbe\x8e>\xa3\xef\
\x0c\xc0}\xf7\xdc\xa3\x01\xb8\x02\x18\x03YIcD\xe7\
\xd1\xa3\xd7~\x98$5\x9f\x06\xe71\xb0mk\xb2\x8c\
7{=\xf1\xb2\x8fM\x00\xf6\xcb\xf8\xfc7\x12\xf8\xc9\
?\x9d\xc0\xa9\xcb\xa6\x16\xa4\x10\xff\x10\xa5:\xc7\xc9\x85\
\x08\x1e:>\x89\xff}.\xe1/\xca\x96\xb46\xc4\xdf\
\xb2\xeec2B\xad\x93\xf5g\xe8t\x9c\x01\xf1\x9b\xe0\
>y\x00fF\xf2\x98\x88U\xbd\xc5\x9f\x00\xb9p\x19\
\x0c\x9a\xa5\xa2^\x11\xffd<~i0\x9d^\x02@\
&\x13\xf0\x95=\xd3[\xaa\xe83\xfa\xce\x00\x00\x00\x01\
\x97a< \xa8i\x02\xfe\xd1|\x05\xab\x97^\x03C\
CX\x08\x18\x10\xf8\x8e\xdd70\x1a\xf3\xf8\xfd\xf7\xb9\
\x09\xb8pC\xc6O\xfe\xd9\x04\xfe\xc7\xa7\x87P\xa80\
!\xfe]J\xbe\xca\xf0\xfb\xff\x96\xc1\xc3\x9f1\xdd\xdf\
o\xe0%\xc2\xbc\xbe\xd2\xae\xf8\xdb\xc5\xbb]\xf17\xe7\
\xb9\x0a\xbd\xe9\xf7\x19 \xf0~_\xe4\xa0\xa2\xe2uc\
9_\xf1\xd7*+\x88j\xd9\xfa\xf9\x83\x1a\x1fQ\xf3\
\x9c\x12&\xcdt\xf5\xdf\xf4\x9b\xb1\xaf\x1bi\xc6-\x85\
\xdc%\xad\xb1\xee\x96\xe6\xb3\x9dW]S\x13\x13\xcf\xd7\
\xa3\xa8w\xfd\x83\x00\xfa\x82\xf7\xa7\xd6\xbb\xf4\xa5\x01x\
\xd3=\xf7\xac\x90\xfe0\xa0\x86\x09\x90%\xe9\xcb\x00N\
w6\xb2\xf5#\x95N\xa3Z\xadz\x9e\x1b\xa22\xc7\
{\x0e^\x85\xa7j\xf6\xb9\x09\xd0\x08x\xf4\xd9\x14\xde\
\xf3G\x13\xf8\xfc7\x12\x8dl!\xfe\xdd\xc1g\xcf%\
\xf0\x83\x9f\x98\xc4\xffw2\x05\xcd.\x90A\x22l\xfe\
\xde\xdb\x11\x7f/\x82>.7\xf1\xb7\x85c\xcd\xe3\xc1\
\xf5\x06\xd4\xf3\x96\xa9\x15D\x18\xf7\x14\x7f\xce5\xc4\x8b\
\x17,\x95\xad\xa6\xe5\x1ff\x02\xa0\x8dj\xf9\x13\x80h\
4\xb28>:r\x19\xd4\xe8\xfag\x00N\xef\x9e\x9e\
>\xe7\x0c\xac\xf7\xe9K\x03\x00\x00 \x9a\xab\x9b\xd5\x86\
\x09`D\xff\xd8\xe1\xa8\xd6\x8dH$\x82\xfc\x8a\xc7\xc3\
\xad\xea]\xdaw\x8d\xe7p\xfbh\x1e\xc2\x04\xd8\xc80\
`\xaf\x0c\x10\xb0\x90\x93p\xec\xe3\x19\xfc\xfc_\x8d\xe2\
\xc2\x0d\x97\x81eu\x84\xf8o\x0c\xe7\x97\x15\xfc\xf4g\
\xc7\xf1k_\x18\xc1B\xc9\xf4l\x87\xb0\xad\xe3FO\
\x00_\x9d\xf8[z\x14<\xf6\xef\xb5}\xe0~\xcc\xeb\
.=\x01^emy\x07Re\xdc\x9c.y\x8a?\
\x00D\xcaW!\xa3\xdc\xa8\xac\x97\xc4\x1f\x00&FG\
\xbf\xdd8\xec\xa6\x09\xe8\xd91`A\xf4\xaf\x01\x00n\
\x80(o6\x01\x8a$\x9d\x80>H\xb0'\x19\x1a\x1e\
F\xcen\x02l\xd7\xb3\xdf{\xe8*R\x8a\x0aa\x02\
ld\x18\xb0O\x06$\x00\x04|\xed\x5c\x0c\x0f\xff\xbf\
\xe3\xf8\xf0\xe7\x07P\xae\xba\x08\xae\x10\xffu\xa5T#\
\xfc\xe9s\x83\xf8\xe1ON\xe0\xabW\xa3\xde\xa2\xe9+\
\xa6\xb6e\xf3\xedg\xed\x88\xbf\x1f\xf62\xab\x1a\xd0\xe7\
\xd2\x13\x10`8\xe2\x12\xc7\xfdS\xcb\xbe\xe2/\xf1\x12\
\x94\xf2\xd5\xc6\x86\xbd&\xfe\xb2,\x17\xb7NN\xbe\x04\
@2\x99\x80k\x00\x9es\x06\xd7\x1f\xf4\xad\x01x\xd3\
\xddw\x03\xc0\x05\x10\x19O\x08\xd4\x00\xd4\x18\xd1\xc7:\
\x1b\xd9\xfa\x22I2\xb8q\xa2s\x19\xcc6\x16\xaf\xe2\
?\x1e6f\xfe\x12&\xc0\xc2\x10\x03\xf6\xc8\x8d\xb3g\
M#\xfc\xdd\x17\xd2x\xcf\xff3\x81\xcf?\x9f\x80f\
4\x22\x85\xf8\xaf\x1b\x1a\xd7\xbb\xfb\xdf\xf5\x89I\xfc\xf5\
\xf3i\xd44[|\xed\x8a\xbfA\x98\x9e\x00?\xf17\
\xd6\xb9\x98f\x06\xd0\x00\x00 \x00IDATK\x9a\
9!@\xb0\x03\xf3\xfc&\x0br)\xff\x8e\xe9%\x0c\
G\xf4\xc1\xc0n\xe2\xcf\x88#V\x9c\x83qF\xe85\
\xf1\x07\x80\xf1\xd1\x91\x17\x19c\xc6\xa1\x1b&\xe0\xf8\xae\
\xa9\xe90g\x86\x9e\xa4o\x0d\x00\x00\x10p\x0d@\xc5\
l\x02d\xc6\x1e\x07\xe7\x85NO\xe2\xb3^\xafX<\
\x86\xe5l\xd6U\xfc\x0d^1\x9e\xc3\x9bw,\xd6\xd7\
\x84\x09\xb0\xd00\x01\xf5u\x02\xae.K\xf8\xedG2\
x\xf7\x9fL\xe0S\xcf%QSC\x08\xbb\x10\xff\x96\
\xa8j\x84\xc7O%\xf1\x83\x8fM\xe2\xd7f\x87q\xa5\
`t\xf7{\xb4\xda\xdb\x11\x7f@\xff|\xfc\xc4\xbb\x95\
\xd1\xfe\xaei6\xf1\x0f{\xc9\xc05\xdd\xe3r\x80m\
\xbb\xef\x1c)\xe0\xf0@I\xcfr\x11\x7f\x22\x8exm\
\x11\xa8\xe4\xa1O\xdeS\xaf\xaf\xf1\x0a\x93\xc6Mi\xdc\
s\xbd91O=\xdf\x96F.\xe5\xece\xc2\xa6\x99\
\xebb\x8cU\xb7MN\x9e\x01@D\x8d\x87\xfe\xe4\x09\
\xe8\xcb\xc1\x7f\x06\xd4h\x0d\xf6)\x9fz\xea\xa9m\x1c\
\xd8\x01\x80\xc09\xe3\x00Uj\xb5\x1f\xe7\x9c\xbf\xa3\xd3\
\xb1\xad\x17\x9a\xa6A\xd34D\x22\x11\xef2`\xf8\xc5\
\x7f\xd9\x86\x17\x97\x8c\x87\xe4x\x9c\x8dB)I\xc8\x8c\
U\xd5e*\xb0&\xf5\x98\xcb\xb8\x14^\xe2\xc0\x19\x97\
'\x86\x1206\xa0\xe2\x1d\xaf\xcc\xe1\x8d\xb7\x15\x10\x95\
\xb99\xab\xbe \xc4?,e\x95\xf0\x89\x17\x93\xf8\xbb\
\xe7\xd3\xfa\xc3{\x00\x0f\xe1\xa5\xe6\xf2j\xc4\xdf\x8c\xbd\
yd\xcfoy?>-\xff\xb0f\xc2\xfd\x07`1\
\xa4f\xb6%\xaa\xf8\x89]\x0b\x90\x88{\x8a\x7f\x84T\
D\x96\xbe\x0dM\xad\xb9~\xefk2]o3\xd1r\
8\xe6\xb4\xf5j\xf9\x83\x08c\xc3\xc3\xa7\x0e\xec\xd9\xfd\
5\x98\xc6|q\xce?\xbasr\xea\xe3\xce \xfb\x87\
\xbe\xee\x01\x00\x00\x10]&@\xbf\xe8]\xef\x09\x90\x19\
\xfb'\x00=\xfb<h\xc6\x18\xca\xa5\x92g>\x11A\
\x22\x8e\x9f;r\x19I\xd9\xb8\x17X\xf4\x04X\x18$\
`\xb7\x0c\xc7\x89\x9e\x80\xeb+\x12\xfe\xf8\xb3\x83\xf8\xc1\
?\x9e\xc0\xdf=\x93B\xa1L\xae'-;B\xfc\x9b\
\xe4\xab\x0c\x7f\xfd\x8d4\xde\xf1\xb1)\xfc\xc1\xb3C\xb8\
^\xf0\x13\x7f\x00\x08\xd1u\xdf\x8a\xf8\x13l\xad\xea6\
\xc5\xdf\x92\xee\xf2;2\xca\xfa^2\x08\xc0c``\
L\xe2\xf8\xa1\xadY_\xf1'\x00\xb1\xf2\xc5\x9e\x16\x7f\
\x22\xd2\xb6o\x99>]\xcf2Z\xff\x15\x22\xfa\xac3\
\xc8\xfe\xa2\xef{\x00\x00\xe0SO?\xbd\x1b\x9cOq\
\xe3?\xc29+\xd5j\xff\x17\xe7\xfc\x0d\x9d\x8em=\
\xc9.,`dt\xd4\x92f\xff\xe3\xfe\xcb\xd5\x14\x8e\
=7m.\xe1^Y\xbf\xf6\x04,s\xe0lM?\
\xf1\xba\xb5\xc2\x08H\xc58\xder{\x1e\xdfs\xa4\x88\
\xe9!w_)\xc4_\xe7\xe2\x8a\x8cO\x9dJ\xe2\xe3\
/$\x91\xab\x9a\xda'\x1e\x9f\xads\xb9\xbe\xe0h\xbd\
{,\x03\xfe\xe2\x0e\xe8\x8f\xc4\xf3\xcbo\xa7'\xc0\xab\
\xac\xa7y\x08\xb3?k\xbd\xef\xda\x9e\xc5\xcd\x03%_\
\xf1\x8f\xabY\xf0\xe5\x97\xd6]\xfc\xc3\xa6\xad\xb5\xf8\x03\
@fp\xf0\xe2-\xfb\xf7\xfd[\xbdi`\xf4\x00|\
z\xc7\xc4\xe4\x9f;\x03\xe8/\xe4\xe0\x22}\xc1%\x10\
M\x12\xe7\xc6D\x15\x9a\xcc\xd8G\xab\xaa\xda\xd3\x06 \
\x95N#\xb7\xb2\x82T:\x0d\xc0\xfd\x0fy\xd7D\x0e\
\xf7m_\xc4\xe3\xe73\xf5\x14\xb3\xd2\x99\xf0H\x0eW\
\xc6\x96\xb1\xaa\xbaL\x05\xfc\x9e\x85\xde\xd6\xbe\x5c\x0a\x0f\
\x10\xb0K\x06\xce\xd5\x9c\xd9\xf53n\xaeL\xf8\xdbg\
\xd2\xf8\xdbg\xd2\xb8y[\x05\xaf\xbf\xb9\x80\xd7\x1c,\
!\x15\xd5\x1a\xc5\x9a\xdb\xf4\x9f\xf8\xe7*\x0c\x9f?\x17\
\xc7g\xce$\xf1\x8dk\xf5\xcbRn\x22\x17J\x049\
\x1a\xd7\xf1\x83\xb6\x03\x82\xc5\x9f\xa0_Gn(\xa7K\
\xbe\xdf\xb6~1\xba\x95u\xfb=\x861\x05\xb6zg\
F\xf2\x81\xe2\xcf\xb4\x0a\xf8\xca\x5cO\x8b?\x01\xd8>\
=u\x06DT?\xbf3\xe8=\xbe\x8f;\x03\xe8?\
D\x0f@\x9dO=\xfd\xf4~\x00\xa3\xe0\x9c\x8c\x9e\x80\
R\xa5\xf2\xbb\x1c\xb8\xb3\xd3\xb1\xad'\xb9\x95\x15$\x93\
I(\x8a\xf7=\xed\xaaF\xfax\x80\xe5\x98)\xd5\xe3\
\xac\x14JiBf\xac\xaa.S\x815\xa9\xc7\x5c\xc6\
\xa5\xf0\x0a\x07\xce\xa9\xcdAH\xe63\xaey\xb3z\x92\
\x22q\xbcj_\x19o8\x5c\xc0+v\x95 1\x97\
\xf2^a\xf5\x80\xf8\xab\x1c\xf8\x97\x8b1|\xe6t\x02\
\xb3\x17\xe2\xa8\x9a\x07N\xb6-\xfep~G\xcc\xafl\
\x08\xf17/\xb7Z>l\x8ckb*\x9a\xeb[\xe3\
5\xbco\xf7\x02d\xc6=\xc5\x9fs\x8e\xc8\xca)\xc8\
Z\x11vzI\xfcS\xc9\xc4\x8d\xdb\x0e\x1f\xfe\x12\x8c\
\xd6?\xe7\x9c\x03_\xd811\xf9\x01g\x10\xfd\x87\xe8\
\x01\xa8C\xc0%\x0e\x8c\x80\x08FO\x00c\xec\xa3\xaa\
\xa6\xf5\xb4\x01H\xa5\xd3X\x9c\x9f\xc7\xd8\xc4\x84k>\
\x01\x90\x19\xc7\xcf\xddv\x05\xff\xe7\x17\xb6#_3\xce\
\xa8\xa2'\xc0B\x9a\x80\x9d\x12\xf0\x92jm1\x1a\x90\
u\x93\xaa\xc6\xf0\xe4\x0bq<y2\x8e\xa1\xa4\x86{\
\x0f\x16q\xef\xa1\x22\x0eLV<\x1b\x9bz\xe2\xe6\x15\
\x7f\x8d\x03/\xccG\xf0\xbf\xcf\xc6\xf1\xb9\xb3\x09,\x96\
X8\x81kYXM\xeb\xc6W\xb5Z\xf1\x07\xfc{\
\x02\x82\xb65c\xfe\x1d\xadfl\x81K/G\x5c\xe2\
x\xe7\xb6\xac\xaf\xf8\x13\x01\x94\xbf\xdc\xf3\xe2\x0f\x00[\
&'\xcfA\xb7\x81\x1a\x00\x06\x22\x8d8\x7f\xc4\x19D\
\x7f\x22z\x00L|\xfa\xe9\xa7o\xe2\xc0 \x00\xaa\xf7\
\x04\xb0b\xa5\xf2Q\x00S\x9d\x8em\xbdYZX\xc4\
\xc8\x98m<@cA_\xfa\xd2\xd5\x14\x8e}e\xca\
\xfe\x8fs\xaf0\x94\xf2\x84\xccXU]\xa6\x02kR\
\x8f\xb9\x8cK\xe1\x15\x0e\x9cW\x9d\x83\xba,'vr\
O\x07\x90\x8ai\xb8u[\x15\xb7m/\xe3\xf6\xede\
\xec\x1c\xa9:\xb7\x0b\x0a\xb5\x8b\xc4\xfflV\xc1W.\
G\xf1\x95KQ|\xf5J\xc4z]?\xcc(\xfb\xb6\
\xc4\x9f\x9ce\xdd>\xff0u\xb9\xe5\xb9\x8a\x98\xcb\xb2\
\xd7G\xeb\xc8\xf71\x15Au\x01\x96\xcf\xf1]\xdb\xb3\
\xb8e\xb0\xec/\xfe\x95eD\xf3\xe7\x9c\xbb\xea1\xf1\
\x8f(J\xf1\xae\xdbn}\x0a\xcd\x9b\x155\x00\xdf\xdc\
>>\xf1\x0b\xce@\xfa\x13\xd1\x03`\xe5\x0a\x01i\xae\
;E\x10\xe7\x1a#zL\xe3\xfc\xbd\x9d\x0el\xbdI\
\x0d\x0e \x9f\xcb!\x99J\x01p\xff\xf3\xbdr\x22\x87\
\xfbvd\xf1\xf8KC\xa6\x02\xa2'\xc0B\x9a\x80\xed\
R\xd3\x04\x04\x89\x8f\x19\x02re\x86\xd9\xd31\xcc\x9e\
\x8e\x01\x04d\x12\x1an\xdfVn\x18\x82\xa9A\xd5(\
\xeaQGg\xc5\xff\xd2\x8a\xdc\x10\xfc/_\x89b\xb1\
\xe82\x90\xcfXv\xb4`M\x09F\xba\xebgh\xdb\
i\x90\xf8[\xeaY\xa5\xf8\x03\xce\x1e\x1e{9\x0e\xef\
\xfb\xab\xc8V\xce8\xee\x80\xdf\x85o^\xbd\x9e\x99\x91\
B\xb0\xf8\xab\x15(\xf9\xf3\xcejzL\xfcA\x84\xf1\
\x91\xe1\xcb\x040\x8e\xc6c\x0d\x19\xc4\xb5\x7f\x0b\xc2\x00\
X\xc9\x02P\xeb\xff)\x06\x22(\x92\xf4x\xb9Z}\
\x08=~\xcb\xa4\xc4\x18\xaa\x9cC\xad\xd5 \xcb\xf5\x9f\
\x85\xcb\x9f\xf6\x87\x0f\xce\xe3\xe4R\x0c'\xb31a\x02\
\x82L\xc0\x9c1\xe0\xb8\x8e]4<[\x8dMAX\
,0|\xee\x858>w2\x0e\x100\x9eV\xb1k\
\xb4\x86m\x99\x1a\xb6\x0d\xd5\xdf35\x8c\xa6\xd4\xc6I\
v\xbd\xc5\x9f\x03\x98\xcfK\x98[\x92q~I\xc6\x5c\
\xfdufQ\xc1\xb5\xc0\xdb\xf5\xec\xc7j\xce#gY\
G\xe0~\xeb\x1e\xe2\xef\x95\xd0\x8e\xf87\xe0\xce\xfd\x99\
\xcb\xb6<\x98\xcfe\x03\xbbyq\xddNg{\xbc\x8a\
\xfb\xa6r\xbe\xe2\x0f\xaeA\xc9\x9d\x03\xe3\xaa\xb5\x1a\xa2\
\xe6\xd8\x95\x16\xd2\xda\xdd\xae\x9e\x88\xc6DA\xa6u\xcb\
a\xf9\xa49\xc4\xdfY\x17\xdf25u\x19\xf5{8\
\xea&\xa0\x02\xe0\xdf h .\x01\xd8\xf8\xf4\xd3O\
\xef\x03\x90\x01@\xf5\x11\xa3T,\x95>\xc2\x81}\x1d\
\x0emC\xc8-/#3<\xec\xd9\x22!\x00\xcb\x15\
\x09\xbf\xf0\xa5\xad\xb8\x98\x8f8O\xc0^\x1b\x05\xe1Y\
&\xe0\xa4\xdd\xd6\xfeB\x98\x80\x96\xf7\xe5Rx\x85\x03\
\x174\xf7\x16\xa3\xaf z\x1c\xb3};S^,\x02\
l\x1d\xaaa{\xdd\x18\x8c\xa7U$\xa3\x1c\x09EC\
\x22\xc2\x11W8\x12\x11\x0d\x09\x85#\x19\x05\x22\x92\xf5\
\x7f_Q\x09\x85\x0a\xa1P%\x14\xaa\xac\xfeN(V\
\x19\xf2\x15\xc2\xd5\xbc\x84\xb9lS\xecK\x8eA{\xe4\
<\x0e\xb7\x8f\xc6\xad\x0c\x99\x12\xfc\xb6\xf5\xbb\xb5/H\
\xfc\xed\xfb\x08#\xce\xa1\x8e'\xa4\xa9\x08\x10\xf0\xc0z\
\x1c\xe5\x9b\x8bcQ\x15\xef\xdb\xb3\x80\x94\xacy\x8b?\
\x80h\xe1\x02\xa8t\xc3Ze\x0f\xb6\xfc\x01 \x1e\x8b\
\xe6_~\xe4\xc8\xb3\x0088\xd7\xa0\x0fA\xf9\xe2\xf6\
\xf1\x89\xf7;\x03\xea_D\x0f\x80\x0d\x22Z\xe0\x9c\x0f\
\x01\x00\xe9?\x1a\x06\xa2op\xce\xfb\xc2\x00$\x07\x06\
\xb0\x98\xcd\x22\x93\xc98\xf2\x8c?\xd9@D\xc5\xfb_\
q\x09\xff\xe5\x99\xadX(\x99'\xc3\x11=\x01\x16\xd2\
\x04le\xc0E\xad\xd9\x11\xe0%\xfe\x8d\xf5\xd6\xc5\x1f\
D(U\x81S\xf3\x0aN\xcd+\xce\xed\x5c\xf6#I\
@\x22\xa2\xf7\x8c\x16\xaa\x12T\xfb\x98\x05\xf3r\xa0\xa0\
o\x80\xf8\xd7\x9bq\xee\xfb\x09#\xfe\x80\xe7\x17\xda\xae\
\xf8\xdb\xeblW\xfc\xc3\x98\x5c\x8f\xe3\x1b\x905<\xb4\
k1P\xfc#\xb5,P\xbaa\xfd\x04\x88\x1cS\x5c\
Q\x88\xb40e\xfc\xd2\x0c8L\x01\xa2\xf9\x15\xfb\xa5\
5\xd6\xdd\xd2L\xdb\xa5\x92\xa9\x15\x18\x87J\xc4\xea=\
\x04_\x84\xc0BOwk\xb7\xc9\x12\x11\x19\x8f\xc3\xe3\
\x04hD\xf4\x8dN\x07\xb5\x91$\x92I\x14\xf2yK\
\x9a\xddu\x8f\xc7kx\xff\xcb/!\xa9\x98\xc4\x0d\x80\
\xeb\xacy>\xc9\xe1\xcap\xdf\xd5\xf6\xf6\xc7\xd7\xa8\x1e\
s\x19\x97\xc2i\x02\xb6\xb0\xa6\x90z\x09\x95\xf9lm\
\xcf\x0f\x10\x7f\xd7\xba\xdc\xdeM\xf9\xaa\x06\xac\x94\x19V\
\xca>\xe2\xef\x86\x97x{\xec\xc73&\xfb\xf6a\xb6\
\x05\x5c4<\xac\xf8\x1b\xeb\xbcY\x8f[\xbe\xdb\xfe|\
\xeb\x0e\x11\xbfC\x05m+~\xf1{\xa5A\x1f\xf1\xff\
\xf0\xeeE\x0cGT_\xf1Wx\x19\xb4r\xdeZU\
\x07Z\xfe\x8e\xb4uh\xf9\x1bi\x03\xe9\xd4\x0a\x9a\xb3\
\xfeQ=\xffK\x8e\xa0\xfa\x1ca\x00l\x1c\x9d\x99\xa9\
\x01\xc8\x11Qc\xceh\x89\xb1\xd3\x1d\x0ekC!\x22\
\x80\x18T\xd5e\xc0\x99\xe9\x8f\xb6#]\xc1/\xdfy\
\x09\x11f\x17Sa\x02,\x18=\x01\x1b)\xfe\xa1\xd6\
[\x15O\xfb\xb2\x8f[\x08%j-\x8a\xbf\xb1\xceM\
+m\xc5\xef\xf3\x85z\x1d\x92\x9f\xf8\xdb\xab\x0c}<\
\xe4,\xebk\x16\x9aed\x06\xfc\xc8\xce,&c5\
_\xf1\x97\xa0_\xf7w\x5c#\xb7\xef\xa6\x87\xc4\x1f\x00\
R\x89D\xa1\xbej\x98\x80on\x1b\x9fXv\x04\xd6\
\xe7\x08\x03\xe0N\x15\x007L\x00\x11-u:\xa0\x8d\
FVd\xe4s9\xeb\xe0\x1d\x97?\xf6\xe1L\x09\xff\
\xf9\xb6+\x8d\x916M\x84\x09\xb0\x90\x22kO\x80A\
\xbb\xe2\xef&\x9e\xad\xb4$[\xbdv\xed'\xfe\xc6\xa2\
[\xabz\xad\xc5\xdf\xbc\xd2\xb6\xf1\x813f\xb72\xbe\
\xe5|\xbe3\xbf\xfd\x9a3\xbc\xf2\xfcz'\xa0\x7fu\
\xef\xdc\x96\xc5\xeed\xc5W\xfc\x19\x80h\xf1\x02\xd4j\
\xa9\xaf\xc4\x1fD\x88*\x8a\x8a\xa6\xf83\x00\x8b\x108\
\x10\x06\xc0\x1fND\x9a\xd4\x87\x06\x00\x00b\x89\x04\xe6\
\xe7\xe7\xf5\x15\xb7?v\xfd\xfd\x15\x13y\xbc\xef\xe6k\
\xfa\x8a0\x01\xde\x85S\x04L3k\xcb\xddO\x88\xfd\
\xc4\xdf\xcdH\xd8\x97=\xf3\xc9\xbb\x9c[z\x18\xf1\xf7\
\x8d\xd7\xb6\xceW)\xfeF\xfc^B\x19\xb8\xee\x12\x7f\
\x90a2\xf6\xe7'\xfe\xe6\x98\xbc\xea\xe4\xf5\x0cOc\
\xe0\xb1\x9d\x89\x07\xb7.\xe3\xb0q\xbb\x9f\x87\xf8\x13\x00\
\xb9x\x19jq\xb1\xef\xc4\x1f\x00\x22\x8a\xa2RS\xfc\
\x8dw\x81\x0d\xf1\xa1\xb8c\xf9KK\x92\x94C\xf3^\
\xd2\xbeb`h\x08W\xae\x5cq\xa4\xdb\xff\xea\xaf\xdf\
\xbe\x82w\x1eX\xd0W\x84\x09\xf0.\x9c\x22`\x8a\xf4\
\x13U[\xe2\x8f\xee\x16\xff\xa0z=\x9b\xb5\x1e\xcb\x8e\
\xbc\x00ulG\xfc\x81p]\xef\x84\xa6y\xf1+\xe7\
;x\xb4\x85\xf8]~>G'\xf3\xb8k\xb8\x18(\
\xfeT\xba\x01*^\xebK\xf1g\x00\x97d\x99\xd7S\
\x0c\xf1\x17Z\xe7\x82\xf8PB\xa0iZ\x14}\xfcY\
\x0d\x0d\x0f\xe3\xfa\xd5k\x8du\xc7_\xbd\xfe\xc7{\xfb\
\xdeE\xbcyg\xbd\xb3D\x98\x00\xef\xc2)\x02\xa6\x03\
\xc4\xdfO\xe0\xcd\x8f\x7f\xedF\xf1\xb7c\x17\x7fc=\
\xcc%\x03G\x9e\xcb\xb1\x87\xee\x09\xf0\x88?(\x86F\
Z\x08\xf17\xd2]\x7f#\xe4\x8c9L}uf\xc6\
\x8ax\xddD.X\xfc+Y(\x85\x0b})\xfe\xf5\
\x8f\x9eTM\x93@d<a\x83\x00H\x8e \x05\xe2\
6\xc00\xd44-\xd3\xef\xf3%$\x07\xd2X\xb8q\
\x03###\xd6\x0c\xdb\x9f\xf1\xa1\xc3\xf3X\xaaHx\
\xeaR\xca\xd6\x12\xf2h\x16\xf9\xb6\x96\x82\xca\xd82V\
U\x97\xa9\xc0F\xdc\x22\x98$}\x82\xe9+\xb6\xdfU\
\xa0\xf8\x9b*wk\x0d{\x0aYH\xf1\xf7\xac\xa7\x05\
\xf1w]&\xffr\xa1b0\xf08v\xbf\xba\xbc\xe2\
w-\xeb\x96\xef\x12\x7f\xa8\xfd\x9a2\xfc\xb6\xf54\x1d\
:\xb7fJx\xeb\xf4r\xb0\xf8WW \xad\xbc\x04\
P\xfd\xc9\xa6 \xb8M\xa6\xc3]&\xd3\xe1\xb6I~\
\xec\xe7\xbcv\xd3\xec\x13\x01\xf1\xfa\xfe\xc8%\xcd\x18\xac\
\xd8\x1c\xe7iK#\xeb\xf1xmW\xaeT\x22\x89X\
\xac\x04\xfd\x16@-\xc4?\xba/\xe9\xdbVm\x00\x16\
c\xa4i\x9a\xf3\xa6\xf8>\x831\x86h,\x86\xa5l\
\xb6\x99\xe8\xe2\xc4\x09\xc0\x7f:r\x0d\xb7\x8e\xd6\x1f4\
\x22z\x02\xbc\x0b'\x09\x98$\xeb\x87\xb7\xda\xd6\xb0\xeb\
\xba\xad\xe5\xd9\x8a\x00\xfa\x89\xbfg\x5c!b2/\xb7\
\x15S\x0b=\x01~\xe2\x1b\xca\x84x\x88\xbf\xdfe\x03\
\xaf\xcf?\xb0\xac3m_\xba\x82\xffc\xdb2\xcc\x0f\
\x8ct\x15\x7f\xb5\x00i\xf9,\x189?\x08\xb7\x962\
li\xcdUg@k9a\x10\x88\x5c\xbe\x22\xef\xb8\
\xec\xb1\xbb\xa5\xd9\xb7\xabV\xab\x0a\x8c\xeb\xffzO\xc0\
\x903\x10\x810\x006\x8e\xcf\xce\xca\x00\x92\xe64\x8d\
\xf3\xed\x1d\x0a\xa7\xab\x90d\x19\x92\xa2\xe8w\x07\xb8\xfd\
\x19\xeb\xc8\x8c\xe3\x97\xee\xbc\x82[\xc7\x84\x09\xb0\x96\xf1\
0\x01\x13\xd4\x1c\xaad\xe0&\x18A]\xdd\xae\xad{\
r\xd6\xeb7P\xcda\x14Zh9\xfb\xc6\x1f`V\
\xc2\xc4\xe4\xc8\xe3!\xdau.\xe2\xdb\xd2\xe0A\x9f\x96\
\x7fX\xe3c\xff\xde[0\x12\xfb\xd2\x15\xfc\xc8\xce,\
\x14\xe2\xbe\xe2\xcf\xd4\x12\xa4\xa5\xd3`\xa49*\xe97\
\xf1\x07\x80B\xb1\x18\xabg\x19&\xe0\xd6\x0b\xd7\xaf\x09\
\x13`C\x18\x00'\xfa\xd3\x00Mh\x9avk\x87b\
\xe9:$Y\x86\x0a\xa0T\xd4\xc5\xdd\xeb\xfc\x1b\x939\
~\xf5\xe5Wp\xf7tNO\x10&\xc0\xbb\xb0a\x02\
\x0c\xfc\x04\xdeK\xdc\xc3\x8a\xbfgY8\xcb\xf2\x101\
ym\xeb\x9a\xe7\x22\xd8\xab\xaa\xd7\x96`6/FB\
\x90p\xfb\xa5y\xdd\xad\xe0\x95\xe6\x97ntw{\xe6\
;\xb7\xbfu\xa8\x84\xf7\xec\xca\x22\xca\xfc\xc5\x9fx\x15\
l\xe5\x0c\x18TG%\xfd(\xfe\x00\xb0\xbc\x92K\xa1\
\xf9\x8fa\x00$\x10\xdd\xed\x0c\xaa\xbf\x11\x06\xc0\x89\xa3\
\xbb\x9fs~\xa4\x13\x81t+\x8a\xa2\xa0R\xad\xa2Z\
\xa9\xb8\x17\xa8\xff\x11\x15\xc6\xf1\xf3\xb7_\xc3[v\x89\
\x81\x81\xd62.\x85\x13u\x13\xd0-\xe2\x0f4[\xed\
a\xca\x86mU{]\xb6p\x88\xb7G~c\xddC\
\xfc\xcd\x09A\xc2\xedy\xc9\xa0\x8d\xf4\xa01!d\xde\
ap\x9d3\xa3\x05\xfc\xe0\x8e\xa5\xc0\x96?\xf1\x1a\xe4\
\xa5\xd3`Z\xc5QQ\xbf\x8a?\x00,\xe7\xf3)2\
\xcf\x04\xa8/\x7f\x973\xb0\xfeF\x18\x00\x13\xc7gg\
%\x00isZMU3\x1c\xd8\xdb\xa1\x90\xba\x16%\
\x12A\xb1X\x84Z\xabY3l\x7fN\x02\xf0\xf0\xe1\
\x1bx\xd7Aq\x8b\xa0\xb5\x8c\x87\x09\x18\xf7\x10\xf6\x0d\
\x17\x7f\x8f8\xfdD\xd9\x8e\xe7~xp=\xab\x11\x7f\
#\xdf\xef\x1a}\x10f\xc1\xf6\xbb<aN\xf7\xfa\xfe\
-\xa6\xc3\xa5\x90\xcd\x94\x1c\x9d\xcc\xe1m[V\x02\xaf\
\xf93h\x90W\xce\x82\xb4\x92\xa3\xa2~\x16\x7f\x00(\
\x96J\xb1r\xa5\xa2\xd8L\xc0+/\xcc_O;\x0a\
\xf71\xc2\x00X\xc9\xc0\xf6\xdb*U\xabo\x83\xf8\x9c\
\x5cQ\xa2Q\xac\xe4\xf3\xd0\xb4\xfauG\xb7?g\x9d\
w\xec\xcd\xe2\xa7^v]\xcc\x18h)\xe3a\x02\xc6\
X\xf3\x17\xe7'\xfe\xa6$\xcf\xf5U\x89\xbf\xb1\xec\xd2\
\x13\xe0UO\x98\x9e\x00\xaf:C\xd5\x13R\xfc]\xf7\
\x19\xb0/\xd7\xb2>c\x17\xdc\xd2\xc3\x98\x0e\xee^'\
\x11\xf0\xf6m\xcbx\xddD\xde*\xf6n-\x7fp\xc8\
\xb9s\xa0Z\xdeQQ\xbf\x8b\xbf\x11\xc7\xa5k\xd7F\
\xea%\x0c\x13\xa0\x00\xb8\xd7\x19d\xff\x22\x84\xad\xce\xf1\
\xd9Y\x05\xc0\xb49\x8ds\xceTM{\x90C\xff_\
\x8b\x97\xf3\xa5D\xa3X^Y\x81f\xbf\xd5\xc8\x85\xef\
\xde\x91\xc3/\xdfyU<;\xc0R\xc6\xcd\x04@7\
\x01\xc6\x1d\xcc\x0d\x5c\xc4\xdfN\x18qu[\xf7\x14\x7f\
c\xd9G\x08\xdbm\xcd\x13\xf7.\xe7F\xa8[\xff<\
\x8e\xdd/\xa6\xa0t\xfb\x03\x84\xfc\xca\x07}\x16\x8dt\
k/\x88L\x1c?\xbc3\x8b\xbbFBL\xf2\x03\x0e\
\xa5p\x1e\xbc\xb2\x5c\xff\x1fR\xe3\xffh\x84\xc9\x89\xac\
\xeb\xb6\xb4z\xe5\x8e\xffs\xbbi^e\xe0\x91\xe6\x15\
\x97y\xbd\xe5\xe3\xb1\xc5q\xe5\xfa\xfc0\xe7\x5c\x86\xd5\
\x04\xfc\xf4\x85\xf9\xeb\xe3\xf6\xcd\xfa\x15a\x00\x00\x1c\x9f\
\x9d\x05\x80\x9d\xb0\xdd\xfeW\xa8T^\x03`r\xe3#\
\xda\x5c(\xd1(\x16\x17\x17\x9d\x97\x03L\x18\xae\xfc\xae\
\xc9\x02~\xe3;\xae\x88\xa7\x08Z\xca\xb8\x14\x8e\x03\x18\
37\xff[m\xf9\x07\x04\xd0\x96h\xf3\xd6\x05/P\
\x10\x03\xcc\x8aq\x18\xae\xadK\xaf\xe5\x00c\x11\xb4\xee\
\x9a\xe7\xf2y\xb6R\x8f[\x99\xbai\x8eK\x1a\x1e\xde\
\x93\x0d5\xbd/\x83\x069w\x16\xbc\xb4\xe8\xa80L\
K\xd9\xad\x85\xddLZ\xbb\x96\x7f\xd8\xb4\xd5\xb6\xfc\xfd\
z\x03*\xb5\x9armaa\x00\xfa$@\x86\x09\x18\
\x04\xf0\x1b\x17\xe6\xaf\x0b\xed\x830\x00\x06\x93\xb0]\xfb\
\xd78\x8f\xd4j\xb5\x9f\x02\xe7\x10\xaf\xe0W,\x1e\xc7\
\x8d\x1b7P)\x97\x1d\x1f\xae\xfd\x8f\x7fx\xb8\x84\x0f\
\xbc\xfa2\x86c\xaa0\x01A&`\xb4n\x02\xbc\xc4\
\xc6\xb7\xe5\x1e \xaeny~\xf9\xe6\x16v`9\x9f\
:\x83\xca;\xfb\x8c\x83\xebs\xa4\x878v\xbfz\x5c\
\xcbz\x1c\xbbW=\xf6\xaf\xd4\xa5\xcc\x80\xac\xe2}\xfb\
\x16\xb1;\xe5\xff`\x1f\x02@\xbc\x06\xb6t\x0a(/\
\x9b\x9a\xc1\xfa\xff\xcf\xd2f\xb6O\xf2\xe3\x96f\xfcw\
\xcd\xa1\xd9\xfe\xd3\xbei\x8d\xbe\x87\x16\xb73\xbf\x8c\xb8\
l\xebni\xe4\xb7\x9dm[\xf3\xfe\xce\xce]\x18\xd7\
4M\xbf\x0b\xa0i\x02\xee\x04\xf0\xc3\xceo\xa3\xff\xe8\
{\x03p|v6\x09}N6\x0b\x85R\xe9]\x00\
\xb6m|D\x9b\x97d:\x8d\xf9\x1b7P,\x14\x1a\
i\xae\xae\x1f\xfa\xa3\x84?4s\x09[SUa\x02\
B\x99\x00\x13\xa1\xc4\xdfX\xe7-\x94\xb5\x85\xe1Y\x96\
\xaf\x9d\xf8\xdb3\x1de\xc9\x1aS`}\xe6\xf4\x80\x0f\
\xbf-S\xc2-o\xbe\xfb7\x97s)3\x16\xad\xe1\
?\xee_\x0c|\xa4\xaf.\xfeUHK\xa7@\xb5\x82\
\xa3\x9e\xe6_\xac\xde*n\xb7\xf5\x1dP\x9e\xcc\x01\x01\
p\xb9\xba\xdf\x15-\x7f\xf3\xfe\xca\x95J\xe4\xdc\xc5K\
\xa3\xf5M\xcc&\xe0\xc7/\xcc_\xbf\xd9\x19X\x7f\xd1\
\xd7\x06\xe0\xf8\xecl\x04\xc0.\xd8~O\xe5ju\x9b\
\xaai\xef\xeeLT\x9b\x9b\x81\xa1!,d\xb3XY\
^\xf6\x14\x7f\x83\x89x\x0d\x1f\x9c\xb9\x82\x03\x99\xb20\
\x01A&`\xa4\xde\x0b\xd0\x92\xf8\x1b\xef.\xad\xe1\xd5\
\xb4\xc8\xcd=\x01\xad\x18\x0aG\x19\x0a\xd8>D\xcb\xdf\
\xbe\xee\x10\xdc\x10=\x16~\xf5\xb8\xe5\x99M\x80\xffO\
\xdc3\x7f{\xa2\x8a\xf7\xed_\xc4pD\x0d\xee\xf6W\
K\x90\xb2'Aj\xc9Q\x8f\x10\x7fo\xf17\xb8t\
\xed\xdah\xbeX\x8a\xc2j\x02\x14\x00\xbfsa\xfe\xfa\
\xb4c\x83>\x82\xfau\x8e\xfb\xba\xf8\xef\x07\x101\xa7\
\xd7T5](\x95>\xc2\x81\x9d\x1d\x09\xacGX\xca\
f\x91\x88\xc71<<\xec\x9aO@\xe3\xcf[\xd3\x08\
\x7f\xfe\xef\x19<zf\xc0\xbfu\x18\x90\x1c\xaeL@\
\x8b\xb3\xad\xfd\xd1\x1a\xd5c.\xe3R\xb8\x04`\xa1E\
A\xb3\xbc\x93\x7fY\xb7e\xcf\xb2\xb6\xba\xc2\xd4\xb9\x1a\
\xf1\x0f\xac\xcf\x96\xdf\x8a\x99h\xa5\x1e\xb7:\xfd\xb6w\
Y\x9f\x19+\xe2\xbe\xe9\x1cdf\x13{\x8f\xe9}Y\
\xf6\x14\x98\xcb\xc3H\x85\xf8\x07\x8b\xbf\x91\x16\x8bF+\
\xb7\x1f\xbe\xe9\x9c,I5\xe8\xd6M\x85~\xc1\xe0\x22\
\x80\x87\xb6\x8e\x8e]r\x06\xdb\xfb\xf4\xa5\x01\xf0\x12\x7f\
\xce\xb9\xbcR,\xfe\x11\xe7\xfc\xe5\x9d\x89\xac\xb7\xc8.\
.\x22\xaa(\x18\x9f\x98\xb0\xa4\x9b\xc5\xdf\xcc\x17/'\
\xf0{\xcf\x8d\x22_c\xf6\xd2N\xfa\xdd\x04\xb4,\xfe\
\xc6r\x08a\xf5Z\xf6\x12\xff\xb0\xcb\x8d\xf5 \xf1\xb7\
%\xba\xe5\x87\x11]\xaf\xb8\xdb\xad\xc75?\x84\xa9\xaa\
\x13\x978\xde\xbec\x19\xb7\x0c\x95\x1b\xbb\xf6\x15\xff\xea\
\x0a\xd8\xd2\x19\xd3\xdc\xfe\xa6\xea\x85\xf8\xb7\x1c\xc3@*\
U8r\xe8\xe0y\xd2\x1f\xed.L\x00\xfa\xd0\x00x\
\x8a?\xc0r\x85\xc2\xafj\x9c\xdf\xd7\x99\xc8z\x93\xec\
\xc2\x02\x08\xc0\xd6m\xfap\x0a/\xf17\xf2\xae\x14d\
\xfc\xf6\xbf\x8d\xe1\xe4R\xd4\x96\xe3\xb1A\x10\xbdj\x02\
\x16C\x0ersx)\x0fa]\x8d\xf8\xbb\x96\xf3*\
\x13F\xfcM+~\xf9A\xc7\xee*\xf0\x01\xe6\xa5\xad\
\xf5\xe0\xdf\xd2\xd6D\x0d\xef\xdc\xb5\x84\xe1\xa8\x1aJ\xfc\
Q\xc9BZ>\xa7\xcf\x9b\xe1\xb9;!\xfe\xad\xc4@\
D\x18\xcdd\x96\x0f\xee\xdds\xb1.|}o\x02\xfa\
\xca\x00\xf8\x89\xffJ\xa1\xf0+\x1a\xe7o\xe9Ld\xbd\
Mva\x01\xb5J\x05{\xf6\xec\xf1\x15\x7f\x83\x1ag\
\xf8\xf3\xe73x\xe4l\xda\xa3Dpr\xb82\x9b\xdc\
\x04dm\xff]?Q\xf6\x13\x7f{Y\xb72\xe6\xed\
\xc3\x88\xb2\x97\xf8\x9b\xd7C\x09m\x08\xc3\x126\xa6\xc6\
\xba\xcf\xf7\xde\xb6\x19\xf0\xf8l\x00\xcc\x8c\x17\xf1&s\
\x97\xbf)\x04W\xf1/\xceC\xce\xcf\xb9\xfeW\xda\x15\
\x7f\xbf\xf18\xfd\x22\xfe\x06c\xc3\x99\xa5\x83{\xf6\x5c\
\x12&\xa0\x8f\x0c\x80\x10\xff\xce\x92]X@!\x97\xc3\
\xc1C\x87\x1c\x7fP\xaf?\xf83\x97\x13\xf8\xd0s#\
\xc8W\x99[I\x8f\x0a<\xe8E\x13PF\xb8\x9e\x00\
\xb3\xc2\xf8\x95\xddH\xf1\xf7\xdb\x9f#\x8d\xfc\xcb\xb6e\
\x06\x5c\x8e'\xa8\x9e\xa0\xf2\xb6:c\x12\xc7;v,\
\xe3\xe6\xc12\x88\x9a\x9e\xc7K\xfc\x19\x00V\xb8\x04*\
\x5c\x15\xe2\xbfN\xe2o0>2\xbct`\xf7\xee\xbe\
7\x01}a\x00\x84\xf8w\x07\xd9\x85\x05d\x17\x16p\
\xf3-\xb7@\x92$\x00\xfe\x7fp\x00\xb8V\x90\xf1[\
_\x1e\xc5\x0b\x8b\xc6%\x01a\x02,\x94\xe1\xdf\x13`\
\x88\xaf\xaf8\xdb\x96\xbd\xc4\xdf\xab\xbc_\xbd~\xdb\x1b\
\xeb\xa1\x84\xd6\xc3\x80\x84\x8d\xc35\xcfM\xb0<\xca\xda\
\xcb\xf8\xfd\x96\x08\xd8\x96\xa8\xe2\x87v.#\x13UC\
\x89\xbf\x04\x0dJa\x0ejaA\x88\xff:\x8b\xbf\x91\
66\x9c\xe9{\x13\xd0\xf3\x06\xc0W\xfc\xf3y!\xfe\
\x1b\xcc\xe2\xc2\x02.\x9d?\x8f[n\xbd\x15\x03iS\
\x17\xbf\xdb\x1f\xb5\xfe^\xd3\x08\x1f\xfe\xd6\x10>vz\
\xc0\x96\xe3\xb1\x81\x1f\xbdn\x02\xfc\xc4\xdf5\xdfgy\
\xbd\xc5\xdfH\xf3\x13mK9\x1f\xc1\xf6\x8b\xc336\
\x97B\xbe\xe2\x1e\xa2\x0c\x01\xdf9^\xc4\x1b\xa7\xf3\x90\
\xeaO\xf2\x0b\x12\x7fE+AZ>\x03\xb5Z\xf2\x10\
\xff\xb5\x13\xbf\xf6E\xd9xs~\x9fn&\xa1\xdb\xc5\
\xdf`lxx\xe9\xc0\x9e\xfe5\x01=m\x00\x84\xf8\
w'\x8b\x0b\x0b8\xfd\xc2I\x1c<tP\x1f\x1c\xe8\
#\xfe\xcd\x04\xc23W\xe2\xf8\xd0WF\x90\xab2\xb7\
\x12\x1e\x1b\xb6Rf\x93\x9b\x80%\xfb-\x82m\x88\xbf\
\xb1\xbeZ\xf17V\x1c\x82\x1bPO\xa0h\x870\x14\
^yF\xba\xf3\xc7\xe5\x1d\x8fW\xfd.e\xe2\xb2\xde\
\xe5\x7fxP\x7f4o\x18\xf1\x8fT\x16\xc0\x97_\xd2\
%G\x88\xbfgZsu\xed\xc4\xdf\xa0\x9fM@\xcf\
\x1a\x80\xe3\xb3\xb32\x80\x03\x00\xcc\xc3\xc9\x85\xf8w\x09\
\x8b\x0b\x0b8\xf5\xedocbr\x127\xdd|3d\
\xb9\xf9\x18\x067\xf17\xb8^\x90\xf1\x07_\xcf\xe0\xd9\
\xabq\xb7\x92\x1e\x15\xb4Rf\x93\x9b\x80e\xd3L8\
\xed\x8a\xbf}\xfb\xb0\x82\xdf\xae\xf8\x1b\xeba\xcb\xf9}\
\x9e^\xf5\xd8\xebr\xd4\xeb&d\x01\xeb\xa6\xb4\x03\x83\
\x15\xdc\xbf-\x87\xe1\x88\xda\xa8\xceW\xfc\xb9\x06\xb9p\
\x11T\xb8\xee\xb9\x7f!\xfe\xeb/\xfe\x06>&\xe0<\
\x80wn\x1d\x1d[\xf2\xad`\x93\xd2\x93\x06\xe0\xf8\xec\
,\x01\xd8\x0b\xdb\xfc\xfeB\xfc\xbb\x0b\xdd\x04\xbc\x80x\
\x22\x8e#\xb7\xde\x8a\xf4\xc0\x80\xaf\xf8\x9b\xf3\xbep9\
\x81?\xf9F\x06\xd7\x8b\xb2}\x0bga/z\xd1\x04\
T\x00,\xfb\xd4\x19V\xfc\x8d\xb7\xd5\x8a\x7f\xd0v\xad\
\xc4g\x89)@\xb0[\x10o\xd7\xcf3\xcc\xf6\x00\x06\
#\x1a\xde\xb2-\xd7\x18\xe8\x07\x84\x10\xffZ\x19\xd2\xca\
\x19\xb0Z\xb1\xb9\x81}wB\xfcmU\xaf\x9f\xf8\x1b\
\xf8\x98\x80\x7f\x05\xf0\xe3[G\xc7\xd4P\x15m\x22\xa4\
\xf7\xbf\xff\xfd\x9d\x8ea\xcd9u\xfe\xfcv\x00\x19s\
\x9a\x10\xff\xee#\x1e\x8f#\x91L\xe2\xfa\x95+\xb8x\
\xe1\x22\x22\x91\x08\x06\x07\x07\x9b\x05<\xc4\x1f\x00\xb6\xa7\
\xabx\xe3\xce\x1c4Nx!\x1b\x81\xc6C\xb4\xe0\xdc\
\xe85\x13 A\x7f\xa6e\xd9%\xbbU\xf17'\x85\
\x16\xf1U\x88\xbfy\xddO\xb0\x1b\xcb!\x05;\x94\xf8\
\x9b2B\x88\xbfD\xc0\xdd\x13E\xfc\xd0\xeeeL\xc5\
k\xa1\xc5\x9f\x97\xb2\x90\x97N\x81i\xd5\xe6\x06\xf6\xdd\
\x09\xf1\xb7U\xbd\xfe\xe2\x0f\x00\x85b1V,\x95\x22\
#\xc3\xc39\xd3\xbf\x80\x13\xb0\x05@f \x91|:\
te\x9b\x84\x9e\xeb\x018>;;\x06\x97\x87\xf8,\
\xe5\xf3\xbf\xa8q\xfe`\x07B\x12\x04\x90]X\xc0\xa9\
\x17^\x00\xe7\x1c\x93\x93\x938|\xf3\xcd\x90\x15\xa5\x91\
\xef\xad\xd1z\xce\xf9\x15\x05\x7f\xf4\xb5\x0c\xbe6\x1fs\
)\x13\x22\x80^3\x01\x80\xde\x13\xb0\xe2Q_+\xe2\
o\xac\x87\x12\xd45\x12\xff\x96\xca\x06\x08v\x90\x91\x08\
\xaa\xcbe\x9b\xdd\xe9*\xde\xba5\x87\x89\xb8\xfd!>\
\xde\xe2\xcf9\x07r\x17\x11)_3\xd5\xb9\xc1\xe2\xb7\
N\xe2\xdf\xfe~\xbaG\xfc\xcdL\x8c\x8ed\x0f\xec\xda\
u\x19\xce\x9e\x80\xdf\xda::\xf6\x0fmU\xda\xa5\xf4\
\x94\x018>;\x1b\x07p\x10\xb6\xdf\xd4J\xb1\xf8\x8e\
\x9a\xaa\xfe\x97\xceD%\x08\x83n\x02N\x02\x9c#\x91\
H\xe0\xc8m\x1e\x97\x04\x0c\x5cN\x1e\x9f\x9bK\xe2O\
\xbf9\x84\xc5\xb2d+\x1b\x22\x80^6\x01\xab\x15\x7f\
\xf3\xb2\x9f\xf8\x9b\xcb;\xea\xb1=\xa5gM\xc4\xdf\xb6\
o\xb7\xb2Au7\xd2\x83\xbf\x93TD\xc3\x1b\xb7\xe4\
q[\xa6\xd4\x14\xfb\x10\xe2Oj\x19X>\x0bY5\
=\xc9O\x88\xbfg\x9ag\xdd\xabLk\x85]\xdb\xb6\
^\xdd69\xb9`3\x015\x0e|\xff\xd6\xd1\xb1\x93\
\xab\xaa\xbc\x8b\xe8\xb5\xa7\x01n\x81\xed7\x95/\x95^\
^S\xd5\x9f\xebP<\x82\x90\x0c\x0d\x0fc\xef\x81\xfd\
 F(\x14\x0a\xf8\x97/}\x09s\xe7\xcf\xbb\x17v\
;y\x00\xb8w[\x1e\x1f~\xdde\xbcu\xf7\x8a\xf5\
\x5c\xd2\xafO\x11\x8c\xc0:\x0af\xb5\xe2\xef\x86]\x80\
]\xeb1\xc7\xe6\x12g\xbb\xe2o\xaf.\xe8\x9c\xef'\
\xfe~\x9b\x11\xf0\x1dcE\xfc\xec\xa1\xc5\x96\xc5?R\
\xbd\x01)\xfb-!\xfe.\xe5\xbaU\xfc\x01\xe0\xdc\x85\
\x8b\xe3\x0bKK\xa9ze\x84\xfa\xc55\x02~j\xd5\
\x95w\x11=\xd3\x03p|v6\x05\xfd\x96\xbf\x06\xe5\
juK\xa1\x5c\xfek\x00\x03\xee[\x09\xba\x8d\xec\xc2\
\x02N\x9f|\x11\x9ck \x10&&&p\xf0\xa6C\
\x88F\xeb7sx\x88\xbf\x05\x22\x9c\xcaF\xf0\x07\xcf\
e\xf0\xedE\xd3\x1d\xa0\xabju\x07\x88\x5cKu\x99\
\x0a\xacI=\xe62.\x85+\x00\xf2\x01\xe5\xdbi\x91\
\xfb\xb5\xbe\x1be\xbc\x04\xdfe\xbf\xbe&\xc3#\x9f<\
\xe2\xf7\x8b\xc9m{\x8f2[\x935\xbcm[\x0e[\
\x12\xd5F\xf10\xe2\x1fA\x0dJq\x0e\x95\xfcbg\
\xc5O\x88\x7f\xdb\xc8\x92\xa4\xdez\xd3\xa1\x97\x12\xb1X\
\xd9\xd6\x13\xf0\xee-\xa3c_^\xb3\x1du\x90^2\
\x00\x07\x00$\xcdi\xd9\x5c\xee\xf79\xe73\x1d\x0aI\
\xd0&\xd9\xc5E\x9c9y\xb2\xfe\x9f#\xc8\xb2\x8c\xbd\
\xfb\xf6a\xdb\x8e\xed r\x1d\x82\xd4\xc4\x94\xcf\x01|\
\xea\x5c\x0a\x7f\xf1\xfc \x96*\xf5\xce\xae~5\x01U\
\x009\x8frk-\xfe\x06,\xa0\xb5o>\xf6\xd5\x88\
\xbfW\x0c\xae\xdb\xf8lo\xcaO\xc8\x1a\xde0]\xc0\
\xcbGK`\xf5n\x86P\xe2\x0f\x8ehm\x1eX\xb9\
\x08M\xadm\x12\xf1\x0f\x91f\xf9\xaa{_\xfc\x0d\x86\
\x06\x06\xf2/;x\xe0\x02\x00\xcdd\x02\xbe\xbaet\
\xec\x9dk\xbe\xb3\x0e\xd0\x13\x06\xe0\xf8\xec\xec\x10\x80\xdd\
\xe6\xb4B\xa9t\xa4\x5c\xad~\xb8C!\x09V\x89n\
\x02^D\xe3\xf7I@z`\x00\x87o:\x8c\xc1\xa1\
A\xf7\x8d<\xccAY%<~6\x85\x7f|1\x8d\
\x1b%\xa9\xbfM@\xde\x96\xdf\x8e\xf8\x1b+\xbe\xe2\xec\
53\xa1\xcb\x8a\xd7\x85H\xdf\xd8<>\x0c\xdf\x98\x02\
\xb6'`@\xd603Q\xc4+F\x8b\x88H\xba\xa0\
\x1b\xc5\x83\xc4\x9f\xa9E(\xb9s\xe0\xd5\xbc3\x04!\
\xfe\x9ei\xcd\xd5\xee\x12\x7f\x83\x97\x1d<0740\
P\x80\xd5\x04\xfc\xd4\x96\xd1\xb1\xcf\xaf\xdbN7\x88^\
1\x00{\x00XT!\x9b\xcb\xfdO\xce\xf9m\x1d\x0a\
I\xb0\x064L\x80q\x12\xae\x9f>\xb6n\xdb\x8a}\
\xfb\xf7C1\xdd)\xe0%\xfef\xaa\x1a\xe13/%\
\xf1\xd1\x93i\x5c\xf1\x9a?\xc0L\xcf\x9a\x80\x0d\x12\x7f\
\xf3\xb6^\xe2\xefU\x8f\xd7q\x9a\x15\xd7-\xcf3&\
\xdb\x8a\xadL&\xaa\xe2\xee\x89\x22\xee\x18)A&\xa3\
H8\xf1\xe7\x9a\x0a\xa9x\x05R\xf1R\xe37*\xc4\
?\xdc~\x9a\xab\xdd)\xfe\x00\x90N&\x8b\xb7\x1d\xbe\
i\x0e\xba\xf0\x1b&\xe0\xa9-\xa3c?\xbe\xae;\xde\
\x006\xbd\x018>;\xcb\x00\xbc\x0c\xa6vD\xaeX\
|U\xa5V\xfb\xc3\xceE%X+\x96\x16\x17q\xe6\
\xc5\x17\xd1\xe8\x08\xa8\xff\xd7\x95H\x04\xfb\xf7\xef\xc7\x96\
-[B\x89\xbf\x01\x01P9\xf0\xf9\x0bI\xfc\xdd\xc9\
4\xce\xaf(\xc1\x1b\x84\xc9\xd8l&\xa0\xe0\x13\x7f\x90\
\x18\x13\xf9\xe4y<\x98\xc8]Q\x02\xca\xba\xe5{|\
F\xa1\xcd\x8cu\xffc\xb1\x1a\xee\x9e,\xe2H\xa6\x0c\
\x89\xcc\xbb\x08'\xfe\xb5\xe2\x12\x94\xc2K\x90y\xb9Q\
w\xeb\x22\xeb-\xa4\xd6\xcd\x82\xd3B\xcd\x05\x10:.\
S\xd6:\x88\xffj\x8f\xd5+m=\xb8y\xdf\xdeK\
#\x99L\x0eM\x13P\x06\xf0\xaa-\xa3c\xc5\x0d\x09\
`\x9d\x08\xd1\x0c\xeaz\x06`\xebD\xac\xa9\xea\x9b:\
\x14\x8b`\x8d\x19\xccd\xb0{\xdf>\x9c}\xf1T\xa3\
'\x00\x00\xaa\xd5*\x9e\x7f\xfey\x5c\xbax\x117\xdd\
t\x13R\xe9\xb4O-:\xc6\xa9Bb\x84\xd7o/\
\xe0u\xdb\x0b\x98\xbd\x14\xc7\xdf\xbc0\x80SY\x0f#\
\xc0\x01wA\xb2ex\x96\x0bS\x97\xa9\x00\x0fa\x02\
Z\xda\x97Ka\x05@\x827M\x80\x9f\xf8\xdb1\xd7\
\x19V\xfc\x1b\x9b\xac\x81\xf8\x9bv\xefY\x97W\x0c\xa6\
\x95\xa9D\x0d\xf7L\x16px\xa8b\x11\xf5\xb0\xe2\x0f\
\xb5\x0c\x9e\x9bC\xbc\xb6h\xa9[\x88\x7f\xab\xfb\xe9~\
\xf1\x07\x80+\xf37\x06F3\x99\x02\x074\x00\x0cD\
Qp\xfej\x00\x9f\xdd\xb0 \xd6\x81^0\x00\x96\xae\
\x7f\xce9\xd38\x7fU\xa7\x82\x11\xac=\x83\x99\x0cv\
\xed\xdf\x87\xb3/\xd6\xc7\x04\x98N\x22\xd9l\x16\xcf<\
\xf3\x0c\xb6\xef\xd8\x81\xbd{\xf76\x1e3l\xc7\xeb\x84\
\xfb\x9d\xd3E|\xe7t\x11\xffz5\x86\xbfya\x00\
\xcf\xdf\x8887\xeee\x13P\xf4\x11e{\x9ae\xd9\
V\xa7\x9f\xf8\x03\xe1\xc4\xdf#T\x8b\xf8\xfb\xc5\xe4\x97\
VO\xdc\x9e\xaa\xe2\x9e\x89\x22\xf6\x0fV,\x1d\x0aa\
\xc5\x9fA\x83\x5c\xba\x02\xe4/\x83\xa0Y\xea\x16\xe2\xdf\
\xea~6\x87\xf8\x03@vy9\xc19'\x22b&\
\x13\xf0]\xd8\xe4\x06`S_\x028>;\x0b\xe8\xdd\
\xff\x0d#\x93\x17\x83\xffz\x96\xa5l\x16gO\x9d\x02\
\xe7\xdc\xf5\xc4\x12\x8bFq\xe0\xe0ALLLX\xb6\
\xf3;\xe1\xd8\xf9\xda|\x14\x7f\xf3\xc2\x00\xber-\xea\
\xcc\xf4\xdc\xdc~\x92\x0c\xdcM\x882!L@\xcb\xfb\
r)\x5c\x83\xde\x13\x10FH\xc9-\x9dZ\x13\xc5y\
\x17\xe0\x00\x00 \x00IDAT\x7f{\xbe\x9f\x19h\
\xac\x874\x0fn\xeb\xf5\xb4\xdd\xe9*\xee\x99,bW\
\xaa\xda\x10\xf3V\xc4\x9f\x11\x10W\x17\xc1\x97\xe7\xa0\xd5\
\xca\x8e\xcfT\x88\x7f\xab\xfb\xd9<\xe2op\xeb\xc1\x83\
\x97\x86\x06\xd2E\xe8\xb3\x02j\x00\x16\x00\xbcz\xcb\xc8\
\xa8\x16\xb0i\xd7\xb2\xd9{\x00\x14\xd8\x8e\xa1\xa6\xaa\xe2\
\xb6\xbf\x1eeph\x08\xbb\xf6\xee\xc5\xb9\xba\x09\x00`\
9\xb1\x94\xcbe|\xfd\xeb_\xc7\xf0\xf00\xf6\xec\xd9\
\x83\xa1\xa1\xa1\x96\xc4\x1f\x00\x8e\x8c\x96qd\xf4:\xce\
-+\xf8\xec\x5c\x02\x9f\x9dK`\xbeX\xefU\xe8\xc5\
\x9e\x00\x19\xce\x9e\x00\xf8\xd4\xe9\x10\xdc\x80\x06\xc4z\x8a\
?`=$[\xfe\x80\xa2\xe1e\xc3e\x1c\x19\xa9`\
<\xd6\x9c\xb6\xb7U\xf1O\xf2\x1c\xa4\xc2ET\x0a\xcb\
\xb6\xfd\x08\xf1oo?\x9bO\xfc\x01`>\x9bM\x0e\
\x0d\xa4K\x00@\xfaM\xae\xc3\x00&\x00\x5c\xeeXP\
\xab\xa4\x17\x0c\x80\x05\x8d\xf3\xfdn\x05\x05\xbd\x81a\x02\
\xce\x9e:\xd5\x18\x11`?\xb1,,,`qa\x01\
\x99L\x06\xbbv\xed\xc2\xc8\xe8h\xcb\xfb\xd95P\xc5\
C\x87\x97\xf0\xa37-\xe1\xab\xf31\xfc\xf3\xf9\x04\x9e\
\xbe\x14G\xa9\xe6%\xca\x9b\xdc\x04\xc4M&\xc0\xad.\
#\xcdGp\x9d\xdb\x844\x15^y\xe6c\x0f\xdc\x97\
\xfe\xa60\x8eCC\x15\x1c\xc9\x94\xb1+]\x83\xc4x\
#\xbbU\xf1W\xb4\x1c\x22\x85\x8bP\xcb\xcbPm\xfb\
\x11\xe2\xdf_\xe2\x0f\x00\xf9B!\x02}\xbc\x99\x064\
L\xc0(\x84\x01\xe8\x18\xce\x91[\x9c\x8f`\x13_\xd6\
\x10\x04308\xd80\x01\x96\xdb\x03\xb8\xf5v\xc1\xc5\
\xc5E,..bp`\x10\xbbv\xef\xc2\xd8\xf8x\
\xa8\xfa-\x8dTF\xb8}\xbc\x8c\xdb\xc7\xcb\xf8\x99Z\
\x16O_\x8a\xe3\x9f\xcf'\xf0\xd5\xf9\xa8\xcb\xcf\xac\x87\
L\x80\x19{\x12G\x88{\xf7C\x88\xbf\x11\x86g\xdc\
\x1e\x83\x0dm\xf5\x12\x01;SU\x1c\x19.\xe3\xd0P\
\x05\x11\x89\x83@ jO\xfcy%\x87h\xf1\x02X\
u\x19\x96\xbe]\x22\xcb\xd4\xcbV=\xd2\x7f\x7f\xfei\
\xe6\xdf\xa8\xb9N\xeb\x0f\x89B\xa4\xb9\x951\xear\x08\
pP\x9a\xe9\xb8\xa8~l\x08\x11s{\xfbi\xfdX\
=\x8fw\x83\xa9V\xab\x12\xf4\x8f\xc1l\x02\xc6:\x1a\
\xd4*\xe99\x03\xc09o\xbd\xb9'\xd8t\x0c\x0c\x0e\
b\xf7\xde\xbd8{\xfa4\xcc\xe3X\x1a\xad\x17j\xae\
///\xe3k\xcf}\x0d\xc9t\x0a\xbbv\xed\xc2\xc4\
\xc4\x84gk\xc2\xad\xf5b\x10\x939^\xbf\xbd\x80\xd7\
o/`\xbe(\xe1s\x17t3pn\xd9\xfc3\xec\
\x01\x13P\xb24\x07\x9d\x90\xc7\xbe\xec\xe2\x1f(\xf0\x01\
\x18qz\x1c\xfbX\x5c\xc5-\x992n\x19\xae`0\
\xa2\xc1\x10\xe5v\xc4\x1f\xe0\xa0\xca2X\xe1\x12\x22\xea\
\x8a\xf5p\x9a\x85<V)D\x9aw+\xdaZop\
\xda\xda\xb6\xfc\xdd\xe2\x0a\x8ey5\xfbi&\xb5\x9f\xd6\
\x09*\xd5\xaa\x04\x22\x06\xce\xf5A\x80\xba\x09\x10\x06\xa0\
\x83\xd8\x0d\x00\xd5\xaf\xcb\x08\xfa\x80\xd4\xe0 vZ\xc6\
\x04\x90\xedn3j4\xd8\x88\x80|.\x87o~\xe3\
\x9b8}\xea4v\xed\xda\x89\xc9\xa9)0\xd6l\xca\
\xfa\x9d\xf0\xed\x8c\xc6U|\xdf\xbe\x1c\xbeo_\x0e\xa7\
\xb2\x0a\xfey.\x81\xcf\xcd%\x90-3lz\x13\x10\
\xab\x9b\x00/\xf1w\xdbWPY7\x8c|_3a\
-\x90\x945\x1c\xceTp\xcbp\x19S\x09\xb5!\xf0\
\xed\x8b?\x87R]\x04\xcb]\x04S\x0b\x00Qco\
\x0d[\xe9\xd2]n\xb6\x9cF\x11\xef4\xab\x90r\xb7\
:\xebi\xf66.\xd9\xd2\xec\xebF\x9a\xf9\x93\xb2\xc7\
\xec\x99Fnq\x19\xeb\xd6/\xc4\x1es\xbb\xfb\x09:\
\x8e0i\x9d\xa2R\xab\xe9=\x00V\x13 \x0c@\x07\
\xb1tD\xaa\x9a\xa6@\x7fj\x93\xa0OH\x0f\x0c`\
\xe7\x9e=x\xe9\xcc\x19h\x9a\xad\xbb\xd5X\xb2\xa5\x95\
JE|\xeb[\xdf\xc2\x993g\xb0c\xe7Nl\xd9\
\xb2\x05\x92\xc9\x08\x04\x89\xbf\x19\x02\xb0o\xa8\x8a}C\
K\xf8\xf1\x9b\x97\xf0B6\x82\xe7\xaeG\xf1\x95\xebQ\
|\xf3F\x14e\xd5\xd6\x1a\xf6\xa3\xdbL@\xd9\x96\xee\
%\xd2\x8e}q\xebg\x18(\xf0\xdey\x0a\x03\xb6\xa4\
j\xd8\x99\xaabG\xaa\x86\xe9D\x0d\x8c\x9a\xc2\xde\xae\
\xf83\xd2\x10\xad\xde\x00r\x17\xf5\xc7\xf5\xa2QY@\
K\xd6\x19h\xbb-\xff \xc3\x19\xa6\xe5\xdfvo\x80\
O\xcb\xdfuZ\xad>n\xf9\x1bp\xce\xa1i\x1ac\
\x8ci&\x13\x90\x0c\xdc\xb0\x8b\xd9\xec\x06\xa0j^\x91\
\x18\xab\x00(\x00Ht&\x1cA'H\x0f\x0eb\xc7\
\xee\xddx\xe9\xcc\x99FO\x80\x81\xfdDl>\xa7\x94\
\xcb\x15\x9c|\xe1$\xce\x9d;\x87\xed\xdb\xb6a\xeb\xd6\
\xad\x90\x95\x80\x99\x01M\xd8OO\x8c\x80C\x99\x0a\x0e\
\x0dW\xf1\xfd\x07r\xa8i\x84o-(\xf8\xca\xf5(\
\xbez=\x8a\x7f_\x88\xa0\xc6\x03Nj\xddd\x02\xc8\
t9\xc0O\xc0\xed\x9b\xdb\xeb\x0c\x12\x7f\xd3\xba\xc4\x80\
\xe9D\x0d\xdbS5\xecLW1\x9dP!3n\x15\
\xf2U\x88\x7f\x84j\x88U\xafC\xcb]\x82\xa6V[\
\xeb\xda\x16\xe2\xdf\xf6~\xfcb\xde\x0c\xe2\x0f\x00\x92$\
q\x891\xe2\xcd/\x9a\x81\xf3\xf9\x0e\x87\xb5*6\xbb\
\x01\xa8\xd9\x13\x08\x98\xe7\xc0\xf6N\x04#\xe8\x1c\x0d\x13\
p\xf6,\xb8f\xbe\xb6\x0b\xf8\x9d\xacA@\xa5R\xc1\
\xa9\xd3\xa7q\xf6\xec9\x8c\x8d\x8dajz\x0a\xc3\xc3\
\xc3\xbe'!\xcf\x1c\xd362\xe3\xb8e\xb4\x82[F\
+\xf8\x0f\x87VPV\x09\xcf\xdf\x88\xe0\xab\xf5\x1e\x82\
\x93\xd9\x08T\xb7\xfe\xcdn1\x01\x12Z\xeb\x09p\xe4\
q\xa7\x08\xd8V\x19\x01\x13\x09\x15\xdb\xeb-\xfc\xad\xc9\
\x1a\x94z\x1f\x1e\x11\xb7\xb5\xdc\xdb\x13\x7f\x80\x83\xd5r\
\x88W\xaf\x81\xca7P\xd34k(B\xfc\xeboB\
\xfc\xfd\x88(\xb2\x06\xfd\xc8\x8c\xc9\x80\x00\x22a\x00:\
H\xd5\x91B4\x0f\xce\x85\x01\xe8C\xd2\x83\x83\xd8\xbe\
k\x17\xce\x9f=k\x1a1\xec/\xfe\xcd\x14\x82\xa6i\
\xb8z\xed*\xae^\xbb\x8ah$\x8a\x89\xc9\x09LN\
N\x22m\x9bf8\x8c\xf8\xbb\x11\x938\xee\x18/\xe3\
\x8eq\xbd\xcb\xb9P#|}^7\x03/,Fp\
>'\xd7\xc7\x10\xa0\xbbL@\xd4d\x02\xfc\xc4\xdf\x8e\
K\x9d\x09\x99#\x13U1\x19W\xb1=]\xc3\xb6d\
M\x1f\xb5o\x11\xf6\xb5\x11\x7f^+A\xae.@*\
^\x83\xc2\x8b\xe0\xa6\xeb\xc9B\xfc\xad\x0bB\xfc\x83\x89\
(\x91\xc6\xe0?\x93\x09\xb8\xde\xe1\xb0VE\xcf\x19\x00\
\x02\xaev\xcb\xa0\x11\xc1\xc63P7\x01sg\xcf:\
\x1e T_\xb3\xbc\xe9\x8bd\xcb\x22T*\x15\xcc\x9d\
\x9f\xc3\xdc\xdc\x1c\x92\xc9$\xa6\xa6\xa6011\x81X\
\xd4e\x86@\xe7N\x9c\xd9.i\x09\x99\xe3\x95\x93%\
\xbcr\xb2\xd4\xd8>We\x98[\x911\x97\x93q\xbe\
\xfe>\x97\x93q!'\xa1\xaa\xd9k\xd9`\x13P\xb1\
\xa5{\xd4)\x110\x14\xd5\x90\x89j\xc8DUd\xa2\
\x1a\x86c\x1a\x86\xa3*\xa2\x12o\x0auC\xec\xd7P\
\xfcy\x0dJu\x01R\xe9:\xa4\xdar\x80\xf8\x09\xf1\
\xd7\xdf\x84\xf8\x87!\x1ai\x18\x00\xa0i\x02\x84\x01\xe8\
 \x0e\x03 1\xf6\xac\xa6\xaa\xdf\xd3\x89`\x04\xdd\x81\
a\x02\xce\x9f;g\xbbw8\x9c\xf8\xdb\x8b\x17\x0a\x05\
\x9c>}\x1ag\xce\x9cA&\x93\xc1\xe4\xe4$\xc6F\
G\x9b\xcf\x1dhC\xfc\xad\x05\x9a%R\x8a\x86C\xc3\
\x15\x1c\x1a\xaeX\xb6\xd38p\xb5(anE\xc6\xf9\
\x9c\xdc4\x099\x19Ke\x09\xd5U\x8f-@\xb0\x09\
\x884M\x80\xc4\xf4\x1e\x8d\xa1\xba\xc87\x05_\xc3@\
D\x03\xb3\x8b\xb9\xe9c^k\xf1g\xd0\x10U\x97 \
\x97\xaf\x81\xca\x8bp\x8c\x1b\x17\xe2\xef\x12\x97\xf1&\xc4\
?,\xc3\x83\x83*\xf4\xc35L@\x8d\x80+\x1d\x0c\
i\xd5l\xeag\x01\x00\xc0\xf1\xd9\xd9\x030\x8d\xc4,\
W\xab#+\x85\xc2g\x10\xe2\xbc+\xe8mV\x96\x96\
1w\xee\x5c\xfd\x01Bz\x9a\x9b\xc0\xdbM\x00\xe0\x7f\
B\x22\x22H\x92\xa4\x8f\x17\x98\x9a\xd2\xa7\x1c\xf6(\xdf\
\x8a\xf8\xb7\xb4\x9d\xad\x8e\xaaF(\xd6\xf4W\xbe\xcaP\
\xa8/\x17j\xfar\xc1m\xb9\xaa\xef%\xa1p$d\
\xfd\x95T4$d\x8e\xb8l\xa4\xe9\xeb\x09\x85#)\
k\xc8\x16$|\xf9R\x0c\x04\xb7n{\x0f1_\x07\
\xf1g\xc4\x11\xe7+\x90\xcb\xd7\xc1\x0b\xd7\x00\xaen\x80\
h\xb6'fA\xe2\xd6\xae\xf8\x87:\xb6\xd0\xe6\xc7\xba\
 \xc4\xdf\xc9\xcc\x9dw,G#\x11\xb5>\xfa\x9f\x03\
xvjx\xe4\x8d\x9d\x8ek5l\xf6\x1e\x00\x00X\
\x82\xc9\x00D\x15\xe5F\x8e\xe8\x05\xce\xf9\xc1\x0e\xc6$\
\xe8\x02\xd2\x83\x03\xd8\xb6s'\xe6^:W\x7f\x80\xd0\
\xda\x88?\x00\xa8\xaa\x8a+W\xae\xe0\xca\x95+\x88F\
\xa3\x18\x1e\x1eF&\x93\xc1\xd0\xd0\x10b\xb1\x98\xbdJ\
\xaf\xca\xdc\x93\x83\xb6s\xa9Ca\x1c\x91\x08\xc7`\x04\
@s\xe2\xdaP\xdb\xb7\xb2\xbf\xc9\x84\x8atD\xc3\xec\
\xf98L\x0ff\xdc\x10\xf1g\xbc\x06\xa5\xb6\x82\x88\xba\
\x08\xa5r\x03Z\xadb\x9a\xe7A\x88\xbf\x10\xff\xf5#\
\x9dL\xaa\xb1HD\x9f#\xb1y\x0b\xe0?w:\xae\
\xd5\xd2+\x06`\xda\x9c\xc0\x88\x9eR\x85\x01\x10\xa0i\
\x02.\x9c{\xc9\xf4\x00!\xe3\xad=\xf1\xb7\xa7U*\
\x95\x86\x19 \x22\xc4\xe3q\x0c\x0d\x0d!\x93\xc9 3\
4\x84H\xc4\xe5\x11\xc3k(\xfe-og\xda\xbe\x9d\
\xed\xb6\x0c\xd40\xb3\xbd\x88/\xce\xc5\xa1\xf1u\x14\x7f\
^C\x94\xe7\xa0T\xb3\xa0\xca\x22\xa4Z\xae^\x9e,\
S\xf4\x0a\xf1GK\xc7!\xc4\xbfuF3\x19\x15\xfa\
\xd1\xea\x83\xfft\x13\xf0\x99N\xc7\xb5Z6\xfd%\x00\
\x008>;{3\x80\xc6Y\xb6\x5c\xad\x0e\xaf\x14\x0a\
\x8fB\xcc\x07 \xa8\xb3\xb2\xbc\xac\x9b\x80\xc6\xdclk\
#\xfeAe\x00 \x91L\x22S7\x04CCCP\
<\xe6\x1a\xd8\x0c\xe2o\xe6\xe2\x8a\x8cg\xe6\xec=\x01\
\xed\x8b?q\x15Q\xe4\xa0\xd4\x96 U\x16\xc1\xcc\x83\
\xf8\x1aa\xb7'\x9aB\xfc\x85\xf8\xb7\x8b$Ix\xf5\
\xed\xb7\x15#\x8a\xa2B\xef\xfa\xe7\x1c8;\x95\x19\xbe\
\xb5\xd3\xb1\xad\x96^\xe8\x01\x00\x80,\x80\xc6\x93^\xa2\
\x8a\xb2P`\xecoUM\xfb\xd1\x0e\xc6$\xe8\x22\xd2\
\x03\x03\xd8\xbas\x07.\xbc\xf4\x12\x9c\xf7\x82\xad\x9f\xf8\
\x83\x08\x85B\x01\xc5B\x01\x97.]\x02\x88\x90J\xa5\
\x90\x19\x1a\xc2\xd0P\x06CC\x83\x90$i\xd3\x89?\
\x00lI\xd7\xf0\x1d\xdb\x8a\xf8\xd2\x5c\x0c\x1c\xd4\xb2\xf8\
\xcb\xa4B\xd1\xf2\x88\xa8K\x90*\x0b`\xd5\xa5\xc6\xe0\
A\xf7\xb0\x85\xf8\xbb$\xeao\xb6u\xb74!\xfe\xed\
\xb1}jR\x8d\xe8\xa6\xdd\xfc\x10\xa0Ov4\xa85\
\xa2Wz\x00\x14\x00\x87a\x9a\x1a\xb8Z\xab\xa5\x96\xf2\
\xf9O\x00\x18\xe8X`\x82\xaecey\x19\x17_:\
\xdf\xe8\x09\x00\xd6W\xfc\x01\xaf\x93sS%\xa3\xd1(\
\x12\x89\x04\x92\xf1\x04\xe2\x898\x12\xf18\x12\x89\x04\xa2\
n\xb7\x1cv\x89\xf8\x9b\x99[\x96\xf1\xec\xc5\x98Q\xbd\
\xfe\x8e\xa6\xf83^E\x84J\x88\xf2\x22$\xad\x00Y\
\xcd\x83\xa9y\xa0V\xb4\x85\x16\xfe{\x10\xe2\x8f\x96\x8e\
C\x88\x7f{(\xb2\x8cW\xdfqGE\xd6\x9f+m\
\x0c\xfe\xcb\x0382\x99\x19\xde\xb4\x8f\x016\xe8\x09\x03\
\x00\x00\xc7gg\xa7\x01L\x9a\xd3\xb2\xb9\xdc\x0f\xd4T\
\xf5g;\x14\x92\xa0KYY^\xc6\xc5\xf3\xe7\xf5\x81\
\x81\x1d\x16\x7f\xbf4\xc6X\xc3\x0c$\x12\x09\xc4\x13\x09\
$\xe2q\xc4\xe3q\xc8R\x1b\x8f\xbcX\x07\xf178\
\xbb\xc0\xf0\xd5K\x12\x22TD\x94\x17!k\xf9\xba\xd0\
\xe7 \xdb\xee\xd6mU\x18\x84\xf8\x0b\xf1\xef\x14\xfbw\
\xed\xd4vLO\xab\x1c\xe0\xf5AD\x1a\x80\x0fNf\
\x86\xff\xefN\xc7\xb6\x16\xf4\xca%\x00\x00\xb8\x0a\xfd\xc9\
L\x8d3\xe3P*\xf5w\x0b\xcb\xcb\xb7j\x9c\xdf\xdb\
\xb9\xb0\x04\xddFz`\x00[\xb6o\xc7\xc5\xb99\xcf\
g\x8cwZ\xfc\x01@\xd34\xe4\x0b\x05\xe4\x0b\x05\xc7\
>\xa3\x91\x08\xe2\x89\x04\xa2\x91\x08dY\x86$I\x8e\
\x97l^\x97\xe5\xc6\xbaW\xdc\x9cs\xa8\xaaj}i\
ZcY3\xaf\xd7\xdf\xab\x95\x0a\x8a\xa5\x12*\xd5J\
}$.9b\x0d\xfa\xcc\x84\xf8\xb7\x96&\xc4\x7fc\
\x18\x1f\x19\xc1\x8e\xe9i@\x9f\xb1Z\xe3D\x00\xe7K\
\x00>\xd4\xe1\xd0\xd6\x8c\x9e\xe9\x01\x00\x80\xe3\xb3\xb3\x13\
\x00\xb6\x98\xd3j\xaa\x1a\xcf\xe6\xf3\x1f\xe6\x9c\xef\xefP\
X\x82.%\xb7\xbc\x8c\x8bss\xf5[\x04M\xf8\x9c\
\x0c\x9b\xab\xee'4\xff\x13}\xb0\xf8o\x84`1\xc6\
\x1af\x00@C\xd05n\x7fx\xadK\x0c\xaeq9\
\x8e\xa6}!u\xd9O+\xdb{\xa5\xb5\xfaY\xb6r\
\x1c\xae1\xb8\xec\xbb\xd5\x98C\xa5\x09\xf1_\x17\xd2\xc9\
$^q\xcb\xcd\xc6\x7f\xc4\xe8\xfa\xd78\xf0\x8b\x93C\
\x19a\x00\xba\x91\xe3\xb3\xb3\x0c\xc0\x01\x00qsz\xa9\
R\x99\x5c)\x14\xfe\x0a\xc0pG\x02\x13t-\xb9\x95\
\x15\x5c\xaa\x9b\x003\xad\xb6*-\xe9!\x0c\x84\xdb>\
\x5c\xe7)XK\x81ke\xfb\xb0i\xeb\xdd\x8a\x0e\x1b\
\x97\xbd\x0e\x17\xf5\xdb0\xf1\x0f}\x1c\xc6\xdbz\x8b\x7f\
\xb0\xc9\x12\xe2\xdf$\xa2(\xb8\xeb\xc8\xcb\x10\x8bF\xcd\
\xf1k\x00\x9e\x03\xf0\xea\x89\xa1L\xa9s\xd1\xad-,\
\xb8\xc8\xe6\xe1\xe8\xcc\x8c\x06\xe04lO\x09\x8cE\x22\
W\xe2\xd1\xe8\xcf\x00\xc8u$0A\xd7\x92J\xa71\
\xbdm\x9b\xe5D%\xc4?d\x9a\x10\xff\xc02\x9e1\
\x0b\xf1\xefJdI\xc2\xad\x87\x0e\x22\x1a\xd1\x07\xe0\x9a\
\x1a\x06\xf3\x00\xee\xef%\xf1\x07z\xcc\x00\x00\xc0\xd1\x99\
\x99\x0a\x803\x80uB\xf0T<\xfe|<\x1a}\x1f\
\x84\x09\x10\xd80\x9b\x00!\xfe!\xd3\x84\xf8\x07\x96\xf1\
\x8cY\x88\x7fW\x22K\x12n\xbb\xe9\x10\xd2\xa9\x14\xf4\
1\x7fz:\xe7\xbc\x02\xe0{'\x862\xe7;\x19\xdf\
z\xd0s\x06\x00\x00\x8e\xce\xcc\xe4\x008\xbe\xacT<\
\xfeMa\x02\x04n\xb8\xf5\x04\x00\x10\xe2\x1fv?B\
\xfc\xdd\x02\xf3\x0aK\x88\x7f\x97!K\x12n5\xc4\x9f\
\x1b7\x097L\xc0\x8fM\x0ce\xbe\xd0\xc9\xf8\xd6\x8b\
\x9e4\x00\x00ptf\xe6\x06\x5c\x9e\xd4$L\x80\xc0\
\x8bT:\x8d\xe9\xad[M\x82\x22\xc4_\x88\xbf\x10\xff\
\xd0\xf1y\xa4u;\xb2$\xe1\xc8\xa1\x83H'\xf5G\
\xcap\xc0l\x02~s23\xfc\x17\x9d\x8bn}\xe9\
\xa9A\x80n\xb8\xcd\x0f\x00\x00\xb9b\xf1\xe6b\xb9\xfc\
\xc7\x00R\x1b\x1f\x95\xa0\x9b\xc9\xe7r\xb8|\xe1\x024\
\x8f\xbb\x03\x00!\xfeB\xfc\xbd\xd3\x84\xf8o\x1edI\
\xc2\xcb\x0e\x1e\xc0@*\xd5\x88\x9f\x9a\x9f\xc9\xb1\xe9\x91\
\xd1_\xecd|\xebM\xcf\xf6\x00\x18\x1c\x9d\x99\xb9\x04\
\xd1\x13 h\x81d*\x85\xa9\xad[\xc1\xcc'4!\
\xfe\xce\xfd\x08\xf1w\x0b\xcc+,!\xfe]\x86,I\
\xb8\xe5\x80.\xfe@s\xc0_\xfd\xbd\xe7\xc5\x1f@\xef\
\xf7\x00\x18x\xf5\x04\xac\x88\x9e\x00\x81\x07FO\x80\x1b\
\xed\x8b\x18\xd9\xb3\xd6VH[\xd8>tZ\x8b\x02\xe4\
+Jk (n\xe2\xef\x10\xd7\x16\xc5\x7f\xddb\xde\
`\xf1w\xfd\xd4\x84\xf8;\xd0\xc5\x7f?\x06\xeb\xe2o\
\xbb\x0b\xe8\xd8\xd6\xd1\xb1\x9e\x17\x7f\xa0\x8f\x0c\x00 L\
\x80\xa0u\x0a\xf9<._\xb8`\x99'@\x88\xbf\x10\
\xffP1\x0b\xf1\xefJ\x0c\xf1\x1f\xa8_\xf3\xb7u\xfd\
\x1f\xdb66\xde\x17\xe2\x0f\xf4\x99\x01\x00|L@\xa1\
 L\x80\xc0\x95B>\x8f\xcb\x17/\x82kZ\x80\xf8\
[T\xc9\x9af\xceZ\xa5x\xb7m@B\x0b\xa3c\
!\x5c\x97\xb8\xcb\xbe}\xcb\xaf\xe5e\x0f\xd7\x98]\xd2\
\xbc\xea\x5c\xf7\x98MYa\x0cA\xbb\xe2o\xcd\x0cQ\
\xbe\xff\xc4\xfffC\xfc\xa9\xf9M\x18\xe2\xbf}|\xa2\
o\xc4\x1f\xe8\x831\x00v\xbc\xc6\x04\xa4\x13\x091&\
@\xe0J\x22\x99\xc4\xd4\x96- \xe6\xf2w\x11\xe2\xef\
\xb9o\xdf\xf2B\xfc\xbd\xeb\x10\xe2\xbf.\xc8\x92\x84\xc3\
\xfb\xf7!\x9dH\xd8F\xfa\x03\x9c\xf3\xbe\x13\x7f\xa0\x0f\
\x0d\x00 L\x80\xa0u\x12\xc9$&\xa7\xa7\xad'>\
!\xfe\x9e\xfb\xf6-/\xc4\xdf\xbb\x0e!\xfe\xeb\x82$\
I\xb8i\xdf^\xa4\x93I\xab\xf8\xeb\xef\xc7vLL\
\xf6\x9d\xf8\x03}j\x00\x00a\x02\x04\xad\x93L\xa50\
a\x98\x00!\xfe\x9e\xfb\xf6-/\xc4\xdf\xbb\x0e!\xfe\
\xeb\x82$I\xb8i\xef\x1e]\xfc\x8d\x91\xfe@C\xfc\
w\xf6\xa9\xf8\x03\xe8\xbf1\x00v\xc4\x98\x00A\xab\xe4\
s9\x5c\xbd|\xd9:\xd9\xb4\x10\xff\xe0\xf2B\xfc\xbd\
\xeb\x10\xe2\xbf.\x98\xc5\x1fh\x1e\x83q\xcd\x7f\xf7\xd4\
t\xdf\x8a? \x0c\x00\x00\x7f\x13P\x10&@\xe0B\
!\x97\xc7\xd5\xcb\x97\xf5G\x09\xdb\xcf\xc6>\xe2\xef{\
r6\xa5ym\xef\x95f\xaf\xcb\xaf\x8ce\x9fv\xe3\
\xe2\x16WH\xf1_\x17\x91\x09\x1d\xb33\xb2\xd6\x84t\
-c6/\xae\xa7\xc1s\xeet5\x86\xd0/\x9eM\
+\xfe{\xf6 \x9dLX\xe27\xc4\x7f\xcf\xf4\x96\xbe\
\x16\x7f\xa0\x8f/\x01\x98\xf1\xbb\x1c\x90\x10\x97\x03\x04.\
$RILLM\x81XCr-o\x80\x10\x7f\xbf\
\x98\x85\xf8{\xd7)\xc4\x7f\xf5\xe8\xe2\xbf\x1b\xa9\x84\xfe\
dxsC\x97s.\xc4\xbf\x8e0\x00u\x84\x09\x10\
\xb4J\xc3\x04PC\x95\x1a\x08\xf1\xf7\x8eG\x88\xbfw\
\x9dB\xfcW\x8f$I8\xb4{\x17\x92\x89\x04\x00\xe7\
\x0c\x7f{\xb7l\x15\xe2_G\x18\x00\x13\xc2\x04\x08Z\
%\x91Lb\xdc\xd2\x13 \xc4\xdf/f!\xfe\xdeu\
\x0a\xf1_=\x92$\xe1\xe0\xae\x9d\xba\xf8[o\xf3\x03\
\x84\xf8;\x10c\x00\x5c\xf0\x1c\x13\x90\xcf\x8b1\x01\x02\
W\x0a\xf9<\xae]qx\xc7\xb6\xc5\xdc3\xcd#/\
\xbc\xf8\xaf\xaf0\xfa\xc5\xdc\xbe\xf8\x07\x9b&k\x12y\
\xef\xcfw\xfb\xb57,\xfa\xe2Z\x89\x7f\xfb\xa6\xac_\
\xc4\xff\xc0\xee]H%\x12\xfa\xf1\x12\x99\xdf\x8f\xed\xdf\
\xb6]\x88\xbf\x0d\xd1\x03\xe0\x82gO@2)z\x02\
\x04\xae4z\x02\xcc']!\xfe\xad\xd5!\xc4\xdf;\
M\x88\xbf/\x92$\xe1\xc0\xae\x9dH\xc6\xeb\xd7\xfc\x01\
\xf3\xbd\xfeB\xfc=\x10\x06\xc0\x03a\x02\x04\xad\x92H\
$0>9\x09\x22\x12\xe2\xdfj\x1dB\xfc\xbd\xd3\x84\
\xf8\xfb\x22I\x12\xf6\xef\xdc\x89D\xdc:\xe0\xcf\x10\xff\
\x03\xdbw\x08\xf1\xf7@\x18\x00\x1f\x84\x09\x10\xb4J\xdc\
d\x02\xcc\x08\xf1\xf7I\x13\xe2\xef\x9d&\xc4\xdf\x17I\
\x92\xb0o\xe7\x0e$m\xa3\xfd\x8dk\xfe\x07w\xec\x14\
\xe2\xef\x83\x18\x03\x10\x02\xaf1\x01\xcbbL\x80\xc0\x83\
b\xa1\x80\xebW\xaf\xd6\xe7\x09X{!]\xd3\x1e\x86\
u\x12\x8d0\xe5We\x8c\xda\x14\xffU\x1f\xa3\x10\xff\
\xae@\x92\x18\xf6\xed\xd8\xd9\xb8\xd5\xcfv\xf9\xed\xd8M\
;w\x09\xf1\x0f@\xf4\x00\x84\xc0\xab'`@\xf4\x04\
\x08<\x88'\x12\x18\x9b\x98\x00sy\x80\x90\x10\x7f\x9f\
\xed\x85\xf8{\xc7\x17\xb2|_\x88?c\xd8\xbbc\x07\
\x92\xf1\x18\x8c6\xac\xa91+\xc4?$\xc2\x00\x84D\
\x98\x80U\xa3u:\x80\x8d&\x9eH`t|\xdc\xde\
2q\x16\x14\xe2\xef\x1e\x9fg\x9auA\x88\x7f\xff\x89\
\xff\x9e\x1d\xdb\x91\x8c\xc5`\x5c\xed7\x99\x80c\x87w\
\xed\x16\xe2\x1f\x12q\x09\xa0E\xc4\xe5\x00_4\x22:\
\xc5\x88\xbe&I\xd2s\xb2$\x9d\x97%i1\x22\xcb\
\x8b\xb2$\x95\xab\xb5Z\xaaZ\xab\x0d\xaa\x9a6XU\
\xd5=\xaa\xaa\xde\xa2q~\x0b\xe7|\x0fz\xd8\x8c\x16\
\x0b\x05\xcc_\xbb\xe6\x9e)\xc4\xdf=>\xcf4\xeb\xc2\
f\x16\x7fI\x92 +2\x14Y\x81,I F\x90\
\x88\x81\x18\xe9\x82\xc694\xaeAS5Tj5\xd4\
j5\xd4Tu\xfd\x8eq\x13 1\x86=\xdb\xb7!\
\x19O\x00T?f2>}:v\xcb\x9e=B\xfc\
[@\x18\x806\x10&\xc0\x0a\x01W$I\xfa\xa7T\
<\xfeH,\x12Y\xf4+\xca9g\xfa& \xae\x8b\
>U*\x95\xe1\x5c\xa9t\x9f\xaaio\xe1\x9cOm\
L\xd4\x1b\x8b\xab\x09\x10\xe2\xef\x1e\x9fg\x9aua3\
\x8a\xbf\xc4\x18\xa2\xd1(\x22\x8a\x02I\xd2\xff\x0az\x96\
q\xcfz}\xc9-\x0d\x00\x07G\xb1TF\xa9\x5c\x86\
\xa65;\xd5\xfaE\xfcwo\xdb\xd6\x18\xf0g|N\
u\x13p\xece{\xf6\x0a\xf1o\x11a\x00\xda\xc4\xd7\
\x04\x94J}a\x02\x88h.\xa2(\x7f0\x94J=\
ADa\xbb\xf8]M\x008'\x0e\xb0\x95|\xfe\xae\
J\xb5\xfa}\x1a\xe7w\xae_\xe4\x9d\xa1X(\xe0\xc6\
\xf5\xeb\xfa\xb5\xca\x16D9P\x18\xedy.*\xb5.\
\xa3\xe3\x03D\xd6^\x83e{\xbb\x98\xbb\xd4\xeb\x96\xd6\
R|\x1eq\xb5TG\xd8c$\xe3\xcd]\xfceY\
n\x08\xbfY\xd0\x1b\xe2\xdf\x82\x090\xcaV\xaa\x15\xe4\
r\xf9\xa6\x11\xe8q\xf1\xdfe\x16\xff\xc6o\x84\x00\xc2\
\xb1#{\xf7\x09\xf1o\x03a\x00VA\x1f\x9b\x80\xb2\
,I\x1f\xce\x0c\x0c\xfc\xa5\xc4X\xa5\x8d\xed\xfdL\x00\
\x01\xa0B\xb1\xb8\xafT\xa9|\x9f\xaai\xdf\x05@^\
\xcb\xe0;I\xb1Xl\x98\x00!\xfe=.\xfeD\x88\
(\x0a\xa2\xb1(\x18\x93\x1c\xe2\xbe\x16&\x00\x04\x14\x8b\
%\x14\x8aE\xd8\xcf\xe5\xbd&\xfe\x89x\x0c\xcd\xcf\xa9\
q,\xc7n\xdd\xb7_\x88\x7f\x9b\x08\x03\xb0J\xbcL\
\xc0R\x8f\x9a\x00\x22:\x97\x8e\xc7\x7f&\x19\x8f\xcf\x05\
\x14U\x01\x14\x01T\xeb/\x15\xba\x90G\x00(\x00\xa2\
\x9c\xf3\x08|L\x008g\xa5ju\xbcP*=X\
S\xd5\xfb\x00$\xd6\xeb\xb86\x92\x92\xd9\x04\xac\xa6K\
\xbc\x91\xd5P #\xc5_\xfc\x5c\xf2Z\x11\xcb\xd0\xf3\
\x0f\xb8\x95\x0fh);\xb6\xf7\xe9)\xf1\x8bg\xb5\xe2\
\x1f~\x8e\x05\xe3\x8d,\xe5\x22\x91\x08\xa2\x8a\x02&5\
\x85\xdfM\xdc\xeb)7\x88\xf0\x12@\x17\x880\x07\xd0\
5\x02\x86A\x98\x22\xd0\x14\x08\xb7\x004\xe4e\x02\x88\
\x00U\xe3XZ^n\x8e\x11\xe8)\xf1\xdf\x8aD,\
n1\xb7\xf5\xe5c\xb7\xed? \xc4\x7f\x15\x08\x03\xb0\
\x06\xf4\x8b\x09`D\xcff\xd2\xe9\x9f\x8f(\xca\x8aG\
\x91\x0a\x80,\x80%\x00\xb9\xa333\xbe?\xae\xe3\xb3\
\xb3)\xce\xf9(\x80a\x00\x8a\x97\x09\xe0\x00\xd5T5\
\x95+\x16\xef\xab\xa9\xea\xf7r\xce\xc7\xd6\xf2\xb8:A\
\xa9X\xc4\x8d\xf9y\xc0\xfe\xff\x13\xe2\xef\x9d\xd6\xe5\xe2\
OD\x88\xd4\xbb\xf9\xad\xad\xf9\xa6\xf0\x9bL\xc0\x22\x81\
\xfe\x01\x84\xbfz\xc7\xeb\xdf\xf0\x05\xe7\x0e\x9b|\xfc\xf3\
\x9f\x97A\x98\x01\xe8\xcd\x04<\x00\xc2\x0e7\x13\xc09\
\xb0\xb4\xb2\x82j\xad\x16\xea\xb8\xbb\x1d\x891\xec\xdc\xba\
\xc5$\xfed6\x01\xc7n? \xc4\x7f\xb5\x08\x03\xb0\
F\xf4\xba\x09\x90\x18{|tp\xf0\xd7\x19c\xce\xb3\
\x8b\xde\xc2\xbf\x02`>H\xf4\xdd\xf8\xf4\xd3O\x13\x80\
!\x00S\x1c\x18\x84\x87\x09\x00\xc08\xe7\xf2J\xa1\xf0\
\xdaJ\xad\xf6\xf6\xfa\xdd\x03\x9b\x16\x87\x09\x10\xe2\xef\x9d\
\xd6\xc5\xe2\xcf\x18\x83\x12Q\xa0\xc8\x8a\xa5\x0e\x0f\x13\xf0\
4@\xff\x9d\x80\xc7\xbf\xef\xbb\xbf\xbb\xe5\xcbg\x1f?\
qB!\xe0!\x10~\x85@\x93\x96\xfd\xd4\xdfWr\
9\x94*\xcd\xaa7\xad\xf8o\xd9\x82x<fX\x1d\
\xf3q\x1e\xbb\xfd\xc0A!\xfek\x800\x00kH\xaf\
\x9a\x00\x89\xb1\xc7\xc6\x86\x86~\xddc\xa0\xdf\x15\x00W\
\x8e\xce\xcc\xac\xc9}\xfe\x9f~\xfa\xe9\x14\x07\xa6\x01\x8c\
z\x99\x00\xd4\xd3r\x85\xc2\x1d\xe5j\xf5\xed\x1a\xe7w\
\xac\xc5\xbe;A\xa9T\xc2\xc2\xf5\xeb\x8d\xc7\x96\x0a\xf1\
wI\xebR\xf1\x97%\x19\xb2\x22C\x92dk\xd7\xbe\
\xa9\xae\xbahi\x04|\x0cD\x1f\xf8\xfe\xa3G\xff\xd5\
\xb9\x93\xd6y\xe4\xc4\x89$\x08\xbfD\xa0_h\xee\xce\
i\x026\xa3\xf83\xc6\xb0sz\xba.\xfeT\xff\x5c\
\x01C\xfc\xef8xH\x88\xff\x1a!\x0c\xc0\x1a\xd3k\
&\xc0G\xfc5\x00\xe7\x8e\xce\xccd\xd7c\xbf\x9fz\
\xfa\xe9\x18\x80ip>\xc1\x01\x09\x1e&\x80s\xceJ\
\x95\xca\xf6R\xa5\xf2\x06UU\xef\xe5\xfa\xe5\x84M\x85\
a\x02,\x08\xf1\x0f\x1d_[\xe5\xdb<F\x22\x82$\
IP\x14\x05T\x9f\xe5\xd1\xda\xd2\xb7\x98\x80\x02\x80\xbf\
 \xc2\xef\xfe\xc0\xf7\xbc\xf1\x8cs\x07\xab\xe7\x91'N\
\xdcO\xa0\xbf\x04\x90\xb2\x9b\x80\x5c>o\xe9\x09\xd8\x0c\
0\xc6\xb0cz\x0a\xf1\x98Y\xfc\x1b&\xe0\xd8\x9d\x87\
n\x12\xe2\xbf\x86\x08\x03\xb0\x0e\xf4\x8a\x09\xf0\x11\xff\x0a\
\x80\xd3Ggf\x8a\xeb\x1d\xc3\xa7\x9e~Z\x06\xe7S\
\xf5^\x81\x88\x97\x09\x00@\x1a\xe7r\xa1T\xba\xa3Z\
\xab\xbd^\xd5\xb4\xbb\xa0\x0f6\xdc\x14\x94J%,\xce\
\xcf\xbb\xdf\x22hB\x88\x7fg\xc4_\x92$H\xb2\x0c\
\xc6\x98\xa3k\xbf\xf9\xd60\x01\xd7\x08\xf4G\x00\xfe\xc7\
\x0f\xbd\xe9M7\x9c\x95\xaf-\x8f<q\xe2\x16\x02=\
\x0e`\xfbf6\x01\x8c1l\x9f\xaa\x8b\xbf\xf9\xb7\xa3\
\x9b\x80c/\xbfI\x88\xffZ#\x0c\xc0:\xb1\xd9M\
@\x80\xf8\x9f<:3\xb3\xa1g\x95O=\xf5\x14\xe3\
\xc08\x80\xad\xe0<\xe9e\x028\xc0\xc09\xd5Tu\
\xa0P.\xdfSS\xd5{9\xe7\xfb62\xd6v)\
\x15\x8bX\xbcq\x03\x1cB\xfc\xbbA\xfc\x89\x11d&\
\x81$\x06F\xccR\xde\xc3\x04\x9c\x04\xe8C\x04\xfc\xe5\
;\xef\xbb\xaf\xe4\xacx\xfdx\xe4\x89\x13;\x09\xf4\x04\
\x80\x1d\x9b\xd1\x040\xc6\xb0mj\x0a\xf1h\xd41\xe0\
\x8f@\xc7^q\xf8\xb0\x10\xffu@\x18\x80u\xc4\xd3\
\x04\xe4r]m\x02$\xc6\x1e\x1b\xcbd\xbaF\xfc\xcd\
|\xf2\xa9\xa7\x00`\x04\x9co\xe3\xfa\xc0AO\x13\x00\
\x80q\x80\xca\x95\xca\x8er\xa5r\xaf\xaa\xaa\xaf\xa9o\
\xd3\xb5\x94\x8aE,.,x\x0f\x0clS\xcc\xbd\xd2\
\xbc\xf2\xc2_\x0f\x0f#\xe6\x96\xcc\x10\xe5\xd7\xfex\xdc\
\xd2\x5c\xcb0\x021\x09\x12cz\x17?\xb9v\xed\x9b\
\xc2$\x10\xf0\x05\x10}\x00\xc0c\xff\xe1\xcdo\xee\xd8\
\x095\xd0\x04\x94\xcb\x9d\x0a\xcd\x97\x86\xf8\xc7\xa2h\xfc\
>\x9a\xf1\x1f\xbb\xeb\xf0\xcdB\xfc\xd7\x09a\x00\xd6\x19\
?\x13\x90\xefB\x13 1\xf6\xd8x\x97\x8a\xbf\x9dO\
>\xf9d\x9a\x03S\xd0?_\x05>&\x00\x00qM\
\x93\x0b\xe5\xf2\xed\x95Z\xed^M\xd3\xeeD\x97N0\
T*\x95\x90\xbd\xe1\xd2s\xdc\xa2\x00[\x93l\xe2\xe7\
S~m\xa7\x1d6\xef3D\x1d\xab18-\x94w\
\xac3\x06\xc6\x18\x98$Y\xf2\x8d\x16\xbe\x8b\x09X\x02\
\xf0Q\x22\xfc\xf9\x0f\xbf\xe5\xadk2\xb0o-\xf03\
\x01+]h\x02\x18c\xd869\xd9\x10\x7f#V\x00\
 \xc2\xb1W\xde|\x8b\x10\xffuD\x18\x80\x0d`\xb3\
\x98\x80\xcd$\xfef\x1e\x7f\xf2I\x06`\x0c\xfa8\x81\
a\xce\xb9\x04\x0f\x13`\xdcYPS\xd5L\xb1\x5c~\
C\xadV\xfbn\x0ed:\x19\xbf\x1b\xe5R\x09\x8bf\
\x13 \xc4\xdf?\xc6\x16\xca7/\xa5\x10\x18\x11'\xc6\
\x88L\x8fmn\xb6\xf0\x1d&@\x03\xe1\xb3\x04\xfa\x08\
\x80\x8f\xbf\xfbmo\xdb\xd0n\xfe\xb0l\x16\x13\xc0\x18\
\xc3\xd6\xc9\x09\xc4\xa31\x00\x96V?\x00:\xf6\x1d\xb7\
\x08\xf1_o\x84\x01\xd8 \xba\xdd\x04lV\xf1\xb7\xf3\
\xf8\x93OF\x01Lq\xce\xb7\x00H\xf9\x99\x00\xd4\xe7\
\x15(\x94J3\x95j\xf5\x87\xba\xcd\x08\x94K%d\
\x17\x16`\xfe\x87\x0a\xf1_\x03\xf1'\xe2\x8c1\x8d\x18\
3\x86[0=\x8b\x1c\xdb\xd5\xdf_ \xe0# \xfa\
\xab\x1f\xbd\xff\xfe\x8b\xce\x83\xe9>\xba\xdd\x040\xc6\xb0\
eb\x5c\x17\x7fK\xcf\x0a\x00\xd0\xb1W\xbd\xeceB\
\xfc7\x00a\x006\x10\x1f\x13p8_*\xfdwt\
\xe8\x166\x89\xb1\x7f\x1a\xcfd\xfe\xdbf\x17\x7f;\x9f\
x\xe2\x89A\x00[\xb8~;a\x04\x1e&\x00\x00\xa9\
\xaa\x9a\xcc\x15\x8b?\xa8j\xda\xeb\x017\xc5\xea\x0cf\
\x13 \xc4\x7f\xf5\xe2\xcf\x18\xab\x11cj=\xd3\xfc\xb2\
\x9b\x80,\x11\xfd=\x80\xff\xf5\xf0\x03\x0f|\xc9y\x10\
\xddO\xd0\x98\x80b\x87L\x80$I\x98\x1a\x1bC<\
\x1am\x8a\x7f\xd3\x04\x1c{\xf5\x91#B\xfc7\x08a\
\x006\x18/\x13\x90/\x95&\x97\xf3\xf9\xdf\xe3\x9c\xef\
\xdf\xc0p\xd4\x88,\x7fpth\xe8\x1f\x5c\xf26\xb5\
\xf8\x9b\xf9\xc4\x13O0\x0eL\x80\xf3\xad\x00\xc6]\xa6\
\x1cn\xac\x17+\x95\xc3\xc5r\xf9g\x01\xa4;\x1a\xb4\
\x89r\xa9\x84\xec\xe2\xa2>0P\x88\x7f[\xe5\x89\x11\
\x97d\xa5\x5c7\xb9\xe69%\xcc/\x0e\xe0\xb3D\xf4\
\x11\x00\x8f\xbe\xf7\xc1\x07\xbb\xb2\x8b\xbf\x15\xfcL@\xa9\
T\xc2J\xa1\xb0\xa1\xf1D\x22\x11L\x8d\x8eBQd\
4~!M\x13pl\xe6\xc8\xadB\xfc7\x10a\x00\
:\x80\x97\x09\xa8\xd6j\xf1\x1b\xcb\xcb\xffU\xd3\xb4{\
7 \x8c\xe5x4\xfa\x9f3\xe9\xf4\xb3.y=#\
\xfev\x1e;q\x22\x06`\x0f\x07v\x02\x90\xdcL@\
\xb9V\x9b.\x94J\xbf\xc89w|G\x9d\xa2\x5c*\
aiq\xd1y\x8b\xa0\x10\xff\xc0\xf2D\xa4\xc9\x91H\
\x01\xba\xc07\xee\x1a1\x99\x80\x0a\x80?\x03\xf0\xc1\x1f\
{\xfb\xdb/9\x03\xdf\xdc\xf8\x99\x80j\xb5\x8a\xe5\x5c\
\x0e\xda\x06\xe8@2\x1e\xc7\xf8\xc8\x08\x98\xfb\x04J\xc7\
\xbe\xf3\xd6\xdb\x84\xf8o0\xc2\x00t\x08/\x13\xc0\x01\
\x9a\xcff\xbf\xbfZ\xab=\x04``=\xf6\xcd\x18\x9b\
M\xc7\xe3\xbf\x93\x8c\xc7\xdd\xaeg\x96\x01\xbc\xd8\x8b\xe2\
o\xe6\xb1\x13'\xe2\x1c8\x00`\x9bcr!}\x1e\
\x81\xc1\x95b\xf1\x978\xe7\xbb:\x1cj\x83r\xb9\x8c\
%\xa3'\x00\x10\xe2\x1f\xaa\xe5\xcfj\x92,\xe7\xea\xe9\
\x86\xf8\x1b\xef\x1a8\xff{\x0e\xfc\xda\x8f\xbd\xfd\xedA\
O\xb7\xdc\xd4\xd4M\xc0g\x01\xec\xb1\x9b\x00M\xd3\xb0\
R\xc8\xa3R\xa9\xae\xcb\xbe\x19c\xc8\x0c\x0c` \x9d\
2]\xeb7\xde\x01\x80~\xf3\xee\xdbn\xfb\xe5u\xd9\
\xb9\xc0\x17a\x00:\xc8\xf1\xd9\xd9\x11\x00\xdb\x01\xe7\x19\
\xb3R\xad\xa6\xb2\xb9\xdc;k\xaa\xfa\x03X\xa3\xc7\xe0\
2\xa2\xaf\xc6\xa2\xd1?\x1cJ\xa5\xbe\xe6Qd\x05\xc0\
\xd9\xa333n\x0f\xfc\xe9I\x1e=q\x22\x05\xe0\x10\
8\x9f\xb6\x9b\x80\xaa\xaa\x8e\xe4\x8a\xc5\xdf\xe4\x9c\x8ft\
8\xcc\x06\x0d\x13\xe0\x82\x10\x7f\x87\xf8k\xb2,gM\
\xf7\x96\x99\xc5\xffq\x00\xff\xf5\xbd\x0f>\xf8\x823\xe0\
\xde\xe4\x91'N\x8c\x10\xe8\x9f\x00\xbc\xc6n\x02\x08@\
U\xad!_(\xa2R]\x1b#@D\x18L\xa50\
\x90JA\xaa\xdf^i\x1d\xf0Ge\x00\xef\xbd\xe7\xf6\
\xdb\xff\xd7\x9a\xecP\xd02\xc2\x00t\x98\xe3\xb3\xb3)\
\x00\xbb\xe1qOz\xb1\x5c\x1e^\xce\xe7\xdf\xaej\xda\
\xdd\x9c\xf3\x03p1\x0b\x01,K\x8c}1\xa2(\x9f\
\x1c\x1e\x18\xf8\xa2O\xb9y\x00s\xed<\xcd\xaf\x17x\
\xf4\xc4\x89\x03\xe0\xfc\xa0\xdd\x04\x94\xaa\xd5\x9d\xf9b\xf1\
\xd7\x00\xc4;\x1cb\x83J\xb9\x8c\xa5l\xd6\xfa(\xe1\
v\x05\xbe\xd5\xf2\xa1\xc4\xdc\xb2A\x88\xf2!\xc5\xbf\x85\
\xf8\x89\x88+\x91\xc8\x02\x8ck\xfe\xe6\xae\x7f\xe0\x03\xef\
}\xf0\xc1\xdf\xf2\xac\xac\x87y\xe4\x89\x132\x81\xfe\x10\
\xc0\x8f\xb9\x99\x00\x10P\xa9TQ,\x97Q\xa9T\xda\
\xba4\x10Q\x14\xc4c\xb1\xba\xf03G\xab\xbfn\x02\
.\x03\xf8\xde\xd7\xdcq\xc7\xa6\x1c`\xd9+\x08\x03\xd0\
\x05\x1c\x9f\x9d\x8d\x00\xd8\x83\x00\x91)\x96\xcb#\xb9b\
qFU\xd5\x97s\xfd!9\xa3\x9c\xf3Q\xe8=\x04\
*\x01\x0b \x9a'\xa2\x1b\x8c\xe8dTQf\x07R\
\xa9o0\xf7\xa7\xf8\x19p\x00\x17\x8e\xce\xcc\x5c\xf7)\
\xd3\x17<z\xe2\xc4Ap~\xc0n\x02r\xc5\xe2\xdd\
\xe5j\xf5';\x1d\x9f\x19\x8b\x09\x10\xe2\xefX\x97e\
y\x89IR\x09\x00\xb8\xb5\xeb\xffC\xfd*\xfef\x1e\
}\xe2\x89\x9f\x00\xf0\xfbD\x90\xddL\x8012\xbfZ\
\xad\xa1\x5c\xa9\xa0Z\xabA\xd34h\x9a\x06U\xd3O\
'D\x04\x891\xfd9\x09\x92\x84X$\x82x<\x06\
\x89I\xee\xf5\xa1\xf1]=\x0b\xc2\xfd\xaf\xbd\xe3\xceM\
qKe/#\x0c@\x97p|v\xd6\x98\xccf\x12\
\xfa\xd3\xefBSS\xd5\x88$IU\x02Z\xfd2\x97\
\x01\x5c\xdc\x88\x87\xfal\x16\x1e=q\xe2\x108\xdfo\
7\x01\x8b++\xbf\xaaq~s\xa7\xe33S)\x97\
\xb1\x9c\xcdZ\xe7\x09\x10\xe2\x0fb\xac\xac(\xca\x0d4\
\x85\xdf0\x01\xbf\xff\xde\x07\x1f\xfcM\xcf\xca\xfa\x8cG\
\x9fx\xe2\x08\x80\xdf&\xc2\xf7\xf8\x99\x80\xc6e\x1dS\
\x1ax\xfd\xb3\xb6\xf5\x22\x00p\xa4\x99\xea\x9b\x07\xf0\x1b\
D\xf4'\xaf\xbd\xf3\xce\x9e\x1ec\xb4Y\x10\x06\xa0\xcb\
8>;+\x01\x98\x80\xfe\xe0\x1b\x16P\xbc]\xf2\xd0\
\x85?\xb7N\xf5oj\x1e=q\xe2&p\xbe\xcfl\
\x02\xca\x95\xca\xd6\x5c\xb1\xf8At\xd9\xf4\xc1\x95r\x19\
\xcbKK\xe0\x9c\x0b\xf1\xd7\xd7\xb9\x12\x89\x5c%\xc6T\
c\x02\xa8\xfan\xff\xf8\xe1\x07\x1f\xfcu\xcf\xca\xfa\x98\
G\x9fx\xe2\x1e\x22\x1c\x03\xe8\x95\xad\x98\x00\xf2\x10|\
\x97\xb4\x02\x01\xbf\x07\xc2\xef\xdc\xfb\xf2W,o\xe4\xb1\
\x09\xfc\x11\x06\xa0K9>;\xab@7\x02C\x00\x22\
kP%\x87>\xc8o\xfe\xe8\xccLv\x0d\xea\xebY\
\x1e=q\x82\x00|\x178O\x99\xcd/dX\x00\x00\
\x0b\xb4IDATM@6\x97{\xaf\xaa\xaa\xaf\xef\
px\x0e\x0c\x13`\xa7\x0f\xc5\x1fL\x92r\xb2\xa2,\
\xc0\xf8\xdet\x13p\x0e\xc0\xdd\x0f?\xf8\xa0\xeaY\xa1\
\x00\x8f=\xf9\xc4\xdb\x00z\x88\x08\xdf\x05Pl\x0dL\
\xc09\x80>F\x84\x0f\xbe\xee\x15w]\xde\xf0\x03\x12\
\x04\x22\x0c\xc0&\xe0\xf8\xecl\x1c\xc0`\xfd\x95la\
\xd3\x1a\x80\xa5\xfak\xf9\xe8\xcc\x8c\xdfX\x00\x81\x89G\
O\x9c\xd8\x02\xe0\x0e\xf3<\x01\xa5JeG\xbeX\xfc\
\xddN\xc7\xe6\x86\xdd\x04\xf4\xa3\xf8\x03\x80\x12\x89\x5c$\
\xc6j\xf5]\x1a&\xe0'\x1f~\xf0\xc1\x8f{V(\
\xb0\xf0\xd8\x93O&\x89\xf0z\x80\xdeB\xc0\x9b@\x18\
\x0fi\x028@\xcf\x12\xe11\x80\x1e{\xc3+_\xf9\
\x8d\x0e\x1e\x86 \x04\xc2\x00l2\xea\x97\x08\x14\xd3K\
\xae\xbfk\x00\xaa\xa6W\x0d@\xe5\xe8\xccL\x87\x22\xdd\
\xdc<v\xe2\x04q\xe0\x1e\x00\x03f\x13\xb0\xb8\xbc\xfc\
\x1b\x1a\xe7\x87:\x1d\x9f\x1b\x95r\x19+\xcb\xfe=\xac\
\xbd,\xfeLb%Y\x89\x5c\x82\xa9\xd7\x06\xc0\x8b\x00\
\xde\xf0\xf0\x03\x0f\x08\xf3\xdb\x06\x9fx\xea)F\xc04\
\x08\x93\x04\x9a\x04a\x8a@\x93\x00\x92 \x5c#\xd0\x15\
\x10\xae\x10\xe8\x0a\x80\x8bG_\xf5*gW\x94\xa0k\
\x11\x06@ \xf0\xe0\xb1\x13'\xa68p'\x80\xc6\xb4\
\xc1+\x85\xc2\xeb\xca\xd5\xea\xfb:\x1d\x9b\x17n&`\
\xd5\x02\x1c \xfe\x8e{\xff}\xc4\x9f<\xcay\xed\xdb\
\xaf\xbc\xbd\xac\xac(\xd7dIZ\xb6\x8d\xfa\xff\x89\x87\
\x1fx\xe0S\x8e\x1d\x09\x04\x82u\x1bd&\x10\xf4\x02\
\x97I\xbfS\x82\x83\x88\x13\xc0\xa3\x8a\xd2\xd5\xdd\x9a\x91\
h\x14\xe9\xc1\xc1\x86p\xf6\x8b\xf8\x03\x80\xc4X\x1e\x00\
'\xbd7\x8c\x03\xf8\x16\x80O;\x0a\x0a\x04\x02\x00\xc2\
\x00\x08\x04\x9e\xbc\xe5\xb5\xaf\x05\x80\xeb\xa4\x8b\x09\x07\x11\
\x8f*\xca\x15\x02n\x80st\xeb+\xa2(H\x0d\x0c\
X\x05\xd4\xc8\xafCF\x1a\x9a/2\x973\xca\xd6\x97\
\xc9\x92\xa6\xbf\x88\xdb\xeb0\x95\xb7\xed\x9b<\xea\xb5\x94\
\xb7\xaf\xdb\xe3\xf7\x8a\x93s0\xa2\x1a\x11U\x8cBu\
\x13\xf0\xcc\xc3\x0f< \xba8\x05\x02\x0f\x84\x01\x10\x08\
\xfc \xca\x01\xd0\xcc&\x80\x11}\xab\xd3a\x05\x11\x89\
D\x90\x1a\x18\xb0\xb6\x9c\x1d\xd7\xf5MY-\xb4\xe4\xdd\
\xeb0\xe5\xb5\xd0\x92w-\xef:&\xc1#\xcezy\
b\xac\x08\xb3\x9b\xd1M\xc0)gE\x02\x81\xc0@\x18\
\x00\x81\xc0\x07\x02r \xe20\x99\x00b\xecj\xa7\xe3\
\x0aC$\x12A*\x9d\xd6E\xb7\x87\xc5\xbf\xfe^A\
\xb3\xeb\xdfx\x9dqV&\x10\x08\x0c\x84\x01\x10\x08\xfc\
\xc9\x13\xa0\x99M\x00#\xda4\x93\x99D\x22\x11\xa4\xd3\
\xe9\xc6=q\x00zN\xfc\xeb\xcb5\xe8\xa2o6\x01\
\xa2\x07@ \xf0A\x18\x00\x81\xc0\x877\xbf\xe65e\
\x00U\x8b\x09 \xdaT\xb7:)FO\x00\xd0\x93\xe2\
_O\xa8\xd6\xbf\x1f\xc3\x04,?\xf4\xc0\x03\xf3\xceJ\
\x05\x02\x81AWMk*\x10t#DT\xe0\x9c\x0f\
\x10\xa0q\x22FD\xb9\xcd6\xb2L\x8eD\x90L\xa7\
\x91\xcf\xe5\xc0\xc1A \xdfg\x08p=\xb1\x99\xdfH\
3\xd6\xadc\x0b,u\x19eMu\xd8\x0d\x81}\xdf\
\x8e\xcf\xd3\xb4\x1f{\x9e[y\x02T\xe8&\x8d\xd5\x07\
\x1a\x8a\x07\xcd\x08\x04\x01\x88\x1e\x00\x81 \x18N\xfa\x13\
\x15\xcd\xb7\x98m:\x94H\x04\xc9T\xca\xd1\xa2\xf6\x9b\
\x08\x08p6\xf8\xed\xe2o\xd9\xcc\xa5\x8eVo\xe7k\
\xa9\xe5\xdfL3\xbe\x97FO\x8d\xb3b\x81@`F\
\x18\x00\x81 \x18}\xf0_\xdd\x04`\x93\x1a\x00\xc0d\
\x02\x9a\x83\xe7\x9c\x856\x9f\xf8\x1b\xa5\xed&@ \x10\
\xf8 \x0c\x80@\x10LC\xf8M&`\xd3\xa2D\x22\
H\x98L\x80\x85M(\xfeu8Y\x07\x01\x8a\x1e\x00\
\x81 \x001\x06@ \x08\x80\xf4\xe9f4\x18\x86\x99\
sn\x9eTg3\xa2\xc82\x12\xc9$\x0a9\xd3\x13\
\xa1\x89\x1a\x13\xf5X\x06\x01rc\x9d;\xca\xe9\xab6\
q\xb6O\xe4\xe3V\xde\xfe\xf9\xb9\xee\xc7xs\x96w\
\xa9\xc3\xb8\xf7\x1f\x5c\x88\xbf@\x10\x0a\xd1\x03 \x10\x04\
Q\x9f\x06\x18\xd6[\xcc6=\x8a\xa2 \x91J\xc1<\
O\x00\xe0\xbc\x03\xa0\xd5\x96|\xeb-\x7f\xb7\xfd\x18o\
\xe1z\x03L\xd7\xfd\xcd\xdf\x95@ \xf0A\x18\x00\x81\
 \x18\x0e\x22\xcdf\x02z\x02EQ\x90L&=\x9f\
\x1d\xb0I\xc4\x1fh\x1a3\xb3\x09\x10\x08\x04>\x08\x03\
 \x10\x04@\xcdi\x80\x9bS\x02\xf7\x10\xb2\xa2 \x91\
L6\xc5u\xf3\x89\xbf\x81\xc5\x048\x0b\x0b\x04\x023\
b\x0c\x80@\x10\x04\x11'^\x7fp6\x91\xc6\x9dW\
\xb07=\x92\xa2 \x9eH\xa0X(\x80\xc3\xfd^\xfe\
\xe6\xaa\xeb}\xf8\xad\x957\x95ing\xbc\x85\xbb\xf7\
\xdfl \xb8\xd3\x98\xf5\xdaW$\x10\xac9\xa2\x07@\
 \x08\xa6\xf18`\xf4`\x0f\x80\x81\xac(\x88\x9b{\
\x02\x80ui\xf9\xaf\xc5\x1d\x00.\xbd\x07\xdc\xe5%\x10\
\x08|\x10\x06@ \x08\xc0t\x09\xc0l\x02z\x12Y\
\x96\x11O$\x1c\x03\x03\x81.\x16\xff\xe6\xad\x03\xf6\x87\
\x01\x09\x04\x02\x1f\x84\x01\x10\x08\x82i\xce\x00\xd8\x9co\
\xbegi\x98\x00\x13].\xfe\x80\xf5\xfe\xff\x9e\xff\x8e\
\x04\x82\xb5@\x18\x00\x81 \x18\xe3\x1e\xf3\xbe\x11\x17\xc3\
\x04\x106\x85\xf8\x1b\xf9v\x13 \x10\x08|\x10\x06@\
 \x08\xc0\xf4\xa8YN\x80\xc6\x18\xcb\x05m\xd3\x0b\xc8\
\xb2\x8c\x98\xad'\x00\xe8>\xf1'\xbd\x96*\xeawj\
@\xff\xaeV\x9c\x95\x08\x04\x023\xe2.\x00\x81 \x98\
\x0a\x11i\x9cs\x06\x00\x8a$]\xef\xbd\xfb\x00\xdc\x91\
%\x09\xb1X\x0c\xe5b\xb1qw@\x83\x103\xfc\x85\
\x9e\xf5/\xb0\xbcivAj\xde\xe5o\xd4AD\xc5\
\xc6\x96D\x1a8\x17\x8f\x02\x16\x08\x02\x10=\x00\x02A\
0\x15\x98\x9e\x03\x10\x8bD\xaev:\xa0\x8dD\x96e\
D\xe3\xf1\xd6\xef\x0e\x08{\xef\x7f+\xe5\xddf,\x04\
\xc0\x18+\x01h\xce\xd3@t\xcde\x17\x02\x81\xc0\x84\
\xe8\x01\x10\x08\x82\xa9\xd6\xdf9\x11i\x8a,\x178P\
\x00\xe0\xec\x1f\xefQ$YF4\x16C\xa9Tj\xa4\
\x99E\xb9\x8d\xfb\xf6[/o\x13\x7f\xd3\xbc\x035\xe8\
\xdf\x11\x83n\x02\x18\x07D\x0f\x80@\x10\x80\xe8\x01\x10\
\x08\x82\xa9\x9a\x969\x11iDt\xa9c\xd1t\x08I\
\x96\x11\x8b\xc5\x00\xb8\xb7\xc8\x9bI\x1b\xd7\xf2\x07\x00F\
T\x84\xedI\x80\x04\x5cw=\x08\x81@\xd0@\x18\x00\
\x81 \x98\xb2m\x9d\xcb\x92\xf4\x85\x8eD\xd2a\x1a&\
\xc0e\x9e\x00`\xe3\xc5\x1fD`\x8c\xcd\xc39\x0dp\
\xdf\x194\x81\xa0U\x84\x01\x10\x08\x82)\xc0\xda\x0b\x80\
X$\xf2DG\x22\xe9\x02\x8c\xcb\x01v:!\xfe\x00\
 3v\x15\xd6\x09\x80\xe6\x01\x9c\xf4<\x00\x81@\x00\
@\x18\x00\x81 \x90\xa333\x00\xb0dN\xcb\xa4\xd3\
\xdf$`\xa13\x11u\x1eI\x92\x10\x8d\xc5\x1a\xfa\xdc\
)\xf1'\xa0\xccdy\x81\xac\x06\xe0K\xef\xb9\xff\xfe\
\xfe\xb8MC X\x05\xc2\x00\x08\x04\xe1\xb0\x18\x00\x22\
\xd2$Iz\xa2C\xb1t\x05\x92$!\x12\x8duL\
\xfc\xeb1\x5c\x05\xa0\xd9\x9e\xd4\xf8\xc5pG \x10\xf4\
7\xe2.\x00\x81 \x1c+\xd0\xaf/7Ls:\x1e\
\xff\xab\xc5\x95\x95\xb7\x02\x90:\x16U\x87\x91\x18C$\
\x12A\xa5l\x1a&a\xbfo\x1f\xb0N\xfc\x13\xea>\
\x7fn\xde\xccQ\xb6\x9e\xa7\xc9\xb2|\x12\xc6\x0d\x01D\
\x1aq^\xe1\xc0s\xab?2\x81\xa0\xf7\x11=\x00\x02\
A\x08\x8e\xce\xcch\x00\xb2\xe6\xb4\x81T\xea\xbc$I\
\x1fs{\x0c]?\xbd\x98$A\x89F\x1d\xb7\xea5\
\xca4\xe6\xed!\xe7\xe3\xfa\xec\xe5\xa9Y\x06\xb6\xb2\xf6\
<&\xcb\xe7$}V\xc6\xe6\x14\xcdD_|\xcf\xfd\
\xf7W \x10\x08\x02\x11\x06@ \x08\xcfe\xd8na\
\xcf\x0c\x0c\xfc)\xf4A\x82}\x8d~9 \xea\xcch\
e\xca\xdf\x90\xdd\xfe\xf5\xa5jDQ\xfe\xdd\xd4\xf5\xaf\
\x01\xa8\x01\xf8\xdbVc\x17\x08\xfa\x15a\x00\x04\x82\x90\
\x1c\x9d\x99)\xc36\xc1L2\x16[\x88\xc8\xf2\x87;\
\x14RW!I\x12\x22\x91H3a\xfd\xc4\x1f\x91H\
\xe4\xdf\x19c\xfa\xfd\xffM\x13p\xfc\xddo{\x9b\xb8\
\xfdO \x08\x890\x00\x02Ak\x5c\x86\xde\xdal0\
56\xf6\x11\x89\xb1':\x13Nw\xc1\xea&\x80\x1a\
\x83\xfa\xd6^\xfc%I\x9a\x8b(\xca\xb7M-\x7f\x0e\
\xa2\x02\x01\x7f\xbf\xea\x03\x10\x08\xfa\x08a\x00\x04\x82\x16\
8:3S\x03`y\x16\x00\x01|bx\xf8W\x88\
\xe8t\x87\xc2\xea*\x98$AQ\x94u\x11\x7fbl\
1\x1e\x8f?\x83\xba\xf0\x9bL\xc0#?\xf2\xb6\xb7-\
\xd9\xab\x10\x08\x04\xde\x08\x03 \x10\xb4\xceU\xd8\xae\xfb\
G\x14\xa5\x90I\xa7\xff\x13\xd9\x06\x0a\xf6+L\x92\xa0\
D\x22\xd6\xc7\xf6\xaeR\xfc\x19Q1\x1e\x8b\x9d \xa0\
Z\xcf7L\xc0)\x00\x8f\xacY\xf0\x02A\x9f \x0c\
\x80@\xd0\x22\xf5;\x02N\xc36;\xe0@2yq\
(\x9d~7\x11\xbd\xd4\x99\xc8\xba\x0b\xc6\x18\x14E7\
\x01\xab\x16\x7f\xc6\x96b\xf1\xf8\xa7%\xc6\xf2\xd0E_\
\xab\x97\xbb\x01\xe0\x03?\xf2\xd6\xb7V\xed\xd5\x08\x04\x02\
\x7f\x88\xf7\xc9s\xcd\x05\x82\xb5\xe6\xf8\xecl\x02\xc0~\
\xd8\x8ct\xa9RI][\x5c\xfcmM\xd3^\xd5\x99\
\xc8\xba\x0bM\xd3P\xab\x9a\xf4\xb9\xf5k\xfe\x17\xfe\xff\
\xf6\xee`\xb5\x89 \x0e\x03\xf87\xbb\x9bmZ\xab\xb5\
\xa8=T(\x887\x9f@\xd0\x83\x07Om\x92\x17\xa8\
\xb5\xde\x04}\x0d_A\xef>\x82\xe8ao^\xe6\xa0\
\xe2A\x10\x11\xc4jAD\xd0\x22\xb4\xdd\xd8\x90d\xff\
\x7f\x0f\xbb\x9bL\xb6i\x8b4\x1b$\xf9~\xb0d\x99\
\x9d\xcdLr\x99o7\x93\xd9\xb9j\xf5%\x8cI\xb2\
b/{\xed(\xf0\xe8^\xa3\xf1\xa5\x94\x8e\x13M8\
\x06\x00\xa2S\x88\xac]\x04p\xa5X.\xaa\xde\x8f\x9d\
\x9d\x87\x9dnw\x03S\xbcPP\xae\x17\x02\xfee\xf0\
7F*\x95\xca\xfb\xd9\x99\x99\xb7y\xb1\xaa\xe6\x83\xbf\
\x07\xe0\xc9f\xa3\xf1\xaa\xcc~\x13M2\x06\x00\xa2S\
\x8a\xac\xbd\x00`\x05C\xc6\xb4\xdd8^\xd9k6\x1f\
$\x22\xb7\x87\x1d\x9f&\x22\x82n\xb7\x0b\xe0\xe4\xc1\xdf\
\xf7\xfd\xad\xd9j\xf5\xb5\xefy\xfb:x\xd5oTU\
\x00<\xddl4\xecX:N4\xa1\x18\x00\x88F \
\xb2\xf6\x0c\x80\xab8by\xed\xdf{{\xd7\xe2\x83\x83\
\xfb\x22r\xfd\xa8:\xd3@D\x90d!\xa0\xa7\xff\x1c\
\x00\xf1\x83\xe0[5\x0c\xdf\x04A\xf0+?\x0aU\xcf\
\x09\x011\x80\xc7w\xeb\xf5\xcfc\xec6\xd1Db\x00\
 \x1a\x91\xc8\xda\x10i\x08\x98=\xaaN\xab\xdd\x9e\xdf\
\x8d\xe3\x9b\xedN\xe7V\x22r\x03\xc0\xdc\xd8:\xf8\x9f\
\x10\x11$I\x92\xae\xffoL\xdb\xf7\xfd\xed \x08\xb6\
\xaaa\xb8m\x8ci\x03p\x07|\xa0\x1f\x02\xbe#\x1d\
\xfc\xa7\xf6)\x8cD\xa3\xc4\x00@4B\x91\xb5\x1e\x80\
\xcb\x00.\xe2\x84[\xfe\x22\x124[\xad\xa5v\xa7s\
)\x11YJD\x96Td\x01\x80\xd1\xfeMq\xd3\xdb\
\xd2\x12\x03\xd5\xe2~\xefo\xf2P\xcd\xa7\xdc\xa7e\x87\
\x8fg\x97\xdbY\x1dU\xa3i\xe5^\x1du\xf6q\xfc\
\xbe\xfb\xf9\x8aeC\xf7\x8d1\x07\xc6\x98\x18\xaa\x7f<\
\xcf\x8b\x03\xdfo:\xedzN\x1f\xdd\x10\x90\x00\xb0P\
}\xb6Q\xaf;O\x1d\x22\xa2\xd3`\x00 *Ad\
\xed\x0c\x80e\x00\x8b'Tu'\xb6\x0d\x0c\x82\x9a\x0f\
\x9c\x83\xb7\xc0\x8d{\x8e\x02^a\xc0t\xcfu\xdf\xab\
X\xdfm\xab\x7fn\xa1~\xb1\x8d!\xfd\xf4\x00\xa0\xd0\
\x9e\xfb~\xc3\xdb(\xf4\x05n\xff\x06C\xc0;\x00\xcf\
7j\xb5\xfc'\x01\x22\x1a\x11\x06\x00\xa2\x12es\x03\
\x96\x01\x9c=\xa6\x1aC\xc0\xe1\x10\xb0\x05\xd5\x17wj\
5\xae\xa9@T\x12\x06\x00\xa21\xc8\xe6\x07,\x008\
\x0f`\x1e\x87\x7f\x1e\x98\xf6\x10 \x00\xbe\x02\xf8\x08\xe0\
\xc3\xfa\xda\x1aWT$*\x19\x03\x00\xd1\x98E\xd6\xfa\
\x00\xce!\x9d,Xq\xb6PUCLv\x08hA\
5\xd6t6\xff~\xb6\xfdT\xe0\xd3\xfa\xeaj\xab\xc4\
\xaf\x9d\x88\x0a\xfe\x02\xe7*\x88]\xeb[K\xdf\x00\x00\
\x00\x00IEND\xaeB`\x82\
"

qt_resource_name = b"\
\x00\x05\
\x00o\xa6S\
\x00i\
\x00c\x00o\x00n\x00s\
\x00\x06\
\x07\xac\x02\xc3\
\x00s\
\x00t\x00y\x00l\x00e\x00s\
\x00\x0a\
\x02\xcd\x00\xa3\
\x00s\
\x00t\x00y\x00l\x00e\x00s\x00.\x00q\x00s\x00s\
\x00\x0a\
\x0bk\xe6\x07\
\x00g\
\x00a\x00s\x00t\x00o\x00s\x00.\x00p\x00n\x00g\
\x00\x0d\
\x0d\x94\x84G\
\x00d\
\x00a\x00s\x00h\x00b\x00o\x00a\x00r\x00d\x00.\x00p\x00n\x00g\
\x00\x0a\
\x00\x1e<\x87\
\x00l\
\x00o\x00g\x00i\x00n\x001\x00.\x00p\x00n\x00g\
\x00\x0c\
\x05\xde\xbag\
\x00r\
\x00e\x00p\x00o\x00r\x00t\x00e\x00s\x00.\x00p\x00n\x00g\
\x00\x0a\
\x0a\x8d\xcf\xe7\
\x00v\
\x00e\x00n\x00t\x00a\x00s\x00.\x00p\x00n\x00g\
\x00\x0e\
\x03\x9a\xfeG\
\x00i\
\x00n\x00v\x00e\x00n\x00t\x00a\x00r\x00i\x00o\x00.\x00p\x00n\x00g\
\x00\x11\
\x02Q\xcbG\
\x00c\
\x00o\x00n\x00f\x00i\x00g\x00u\x00r\x00a\x00c\x00i\x00o\x00n\x00.\x00p\x00n\x00g\
\
"

qt_resource_struct = b"\
\x00\x00\x00\x00\x00\x02\x00\x00\x00\x02\x00\x00\x00\x01\
\x00\x00\x00\x00\x00\x00\x00\x00\
\x00\x00\x00\x00\x00\x02\x00\x00\x00\x07\x00\x00\x00\x04\
\x00\x00\x00\x00\x00\x00\x00\x00\
\x00\x00\x00\x10\x00\x02\x00\x00\x00\x01\x00\x00\x00\x03\
\x00\x00\x00\x00\x00\x00\x00\x00\
\x00\x00\x00\x22\x00\x01\x00\x00\x00\x01\x00\x00\x00\x00\
\x00\x00\x01\x9b\x80\xc9-'\
\x00\x00\x00v\x00\x00\x00\x00\x00\x01\x00\x00\xc8e\
\x00\x00\x01\x9b^7Y\x10\
\x00\x00\x00\xea\x00\x00\x00\x00\x00\x01\x00\x02Y\xe4\
\x00\x00\x01\x9b^7Y\x08\
\x00\x00\x00\xc8\x00\x00\x00\x00\x00\x01\x00\x01\xee\x13\
\x00\x00\x01\x9b^7Y\x10\
\x00\x00\x00\x90\x00\x00\x00\x00\x00\x01\x00\x019\xfe\
\x00\x00\x01\x9b^7Y\x10\
\x00\x00\x00\xae\x00\x00\x00\x00\x00\x01\x00\x01\x83\xcd\
\x00\x00\x01\x9b^7Y\x10\
\x00\x00\x00<\x00\x00\x00\x00\x00\x01\x00\x00\x08\x90\
\x00\x00\x01\x9b^7Y\x0f\
\x00\x00\x00V\x00\x00\x00\x00\x00\x01\x00\x00\x8d\xa5\
\x00\x00\x01\x9b^7Y\x0b\
"

def qInitResources():
    QtCore.qRegisterResourceData(0x03, qt_resource_struct, qt_resource_name, qt_resource_data)

def qCleanupResources():
    QtCore.qUnregisterResourceData(0x03, qt_resource_struct, qt_resource_name, qt_resource_data)

qInitResources()
